Date,ABO.BR,ACCB.BR,ACKB.BR,AED.BR,AGFB.BR,AGS.BR,ALEMS.BR,ARGX.BR,ASCE.BR,ATEB.BR,AZE.BR,B286.BR,B288.BR,B291.BR,B304.BR,B320.BR,B326.BR,B331.BR,B333.BR,B335.BR,B336.BR,B338.BR,B340.BR,B341.BR,B343.BR,B344.BR,B345.BR,B346.BR,B347.BR,B348.BR,B349.BR,B350.BR,B351.BR,B352.BR,B353.BR,B354.BR,B355.BR,B356.BR,B357.BR,B358.BR,BANQ.BR,BAR.BR,BE0000359688.BR,BE0000360694.BR,BE0000361700.BR,BE0000362716.BR,BE0000363722.BR,BE0000364738.BR,BE0000365743.BR,BE0000367764.BR,BE0000368770.BR,BE0002658392.BR,BE0002660414.BR,BE0002669506.BR,BE0002673540.BR,BE0002684653.BR,BE0002735166.BR,BE0002737188.BR,BE0002751320.BR,BE0002775568.BR,BE0002827088.BR,BE0002867480.BR,BE0002920016.BR,BE0022780820.BR,BE0172505399.BR,BE0312817894.BR,BE0390105683.BR,BE0390159250.BR,BE0390219856.BR,BE0390245141.BR,BE0390267368.BR,BE0390354265.BR,BE0941243520.BR,BE0941244536.BR,BE0944264663.BR,BE0945331669.BR,BE3871292228.BR,BE3871293234.BR,BE3871307372.BR,BE3871308388.BR,BE3871310400.BR,BE3871314444.BR,BEKB.BR,BELYS.BR,CAMB.BR,CAND.BR,CMBT.BR,COBH.BR,COLR.BR,CPINV.BR,DECB.BR,DEME.BR,DIE.BR,DIEG.BR,ECONB.BR,EKOP.BR,ENRGY.BR,EVS.BR,EXM.BR,FAGR.BR,FLOB.BR,FLUX.BR,FOU.BR,GBLB.BR,GIMB.BR,HOMI.BR,HYL.BR,HYSG.BR,IMMO.BR,IMMOU.BR,INCLU.BR,JEN.BR,KBC.BR,KBCA.BR,KIN.BR,LOTB.BR,MCC.BR,MELE.BR,MLNEU.BR,MLTV.BR,MONNI.BR,MONT.BR,MOP.BR,MTLS.BR,NEWT.BR,NEXTA.BR,NYXH.BR,OBEL.BR,ONWD.BR,OPTI.BR,PROX.BR,QFG.BR,QRF.BR,REAL.BR,RECT.BR,RET.BR,ROU.BR,SHUR.BR,SIP.BR,SOF.BR,SOFT.BR,TESB.BR,TITC.BR,TUB.BR,UCB.BR,UMI.BR,VAN.BR,VASTB.BR,VGP.BR,WDP.BR,WEB.BR,WEHB.BR,ZEN.BR,^BFX
2023-09-29,5.486566543579102,0.0289999991655349,135.51849365234375,46.40240478515625,1.830000042915344,31.69745635986328,5.6319990158081055,460.6000061035156,31.71937561035156,6.792070865631104,17.751230239868164,,,,,,,,,,,,,,,,,,,,,,,,,,,,,,2.569999933242798,16.004732131958008,,,,,,,,,,,,,,,,,,,,,,,,,,,,,,,,,,,,,,,,,36.80356597900391,0.7200000286102295,59.51942825317383,3.039999961853028,9.705036163330078,2200.0,37.14885711669922,9.399917602539062,1.9386122226715088,97.6127700805664,96.6363296508789,94.93064880371094,2.118644952774048,19.899999618530277,,24.077539443969727,3.3802881240844727,15.337347030639648,73.9958724975586,20.33955764770508,1.25,59.261817932128906,34.12307357788086,13.237290382385254,11.699999809265137,3.400000095367432,26.909303665161133,30.275604248046875,10.608369827270508,30.18925666809082,49.6188850402832,31.62574577331543,44.682395935058594,7515.3955078125,315.9335632324219,69.91109466552734,11.199999809265137,1.4900000095367432,7.00326681137085,57.23101806640625,166.6055145263672,,1.7999999523162842,43.37571716308594,6.940000057220459,13.739999771118164,4.28000020980835,10.399999618530272,5.474156856536865,3.913953542709351,7.760159969329834,19.200000762939453,8.667486190795898,44.88920211791992,11.358447074890137,33.774940490722656,47.0665283203125,183.3296813964844,1.0982757806777954,24.87088394165039,15.19834804534912,66.47964477539062,75.49705505371094,20.20817375183105,26.535659790039062,19.421104431152344,78.5987319946289,20.091636657714844,25.009313583374023,37.00201416015625,156.2673797607422,3553.010009765625
2023-10-31,5.294055938720703,0.0280000008642673,132.86683654785156,44.33433532714844,1.5219999551773071,30.681358337402344,5.6319990158081055,444.1000061035156,32.833011627197266,7.581192016601562,15.274978637695312,,,,,,,,,,,,,,,,,,,,,,,,,,,,,,2.299999952316284,12.617441177368164,,,,,,,,,,,,,,,,,,,,,,,,,,,,,,,,,,,,,,,,,33.12667465209961,0.7400000095367432,60.42123794555664,3.0,10.671748161315918,2160.0,35.434715270996094,9.225845336914062,2.019015312194824,82.12613677978516,84.67011260986328,94.93064880371094,1.9657970666885376,18.0,,23.853351593017575,3.4290130138397217,15.784805297851562,64.62306213378906,18.86329841613769,1.25,57.95160675048828,30.1207275390625,11.374756813049316,12.449999809265137,3.299999952316284,24.23221969604492,29.168289184570312,10.267539024353027,29.43452453613281,43.544471740722656,29.174135208129883,44.11319351196289,6841.0625,306.8326110839844,60.28452301025391,11.199999809265137,1.4900000095367432,7.371859550476074,56.72077941894531,165.27267456054688,,1.899999976158142,42.9486083984375,5.5,13.539999961853027,3.0,6.800000190734863,5.56233549118042,3.5302324295043945,7.332559108734131,19.200000762939453,7.845091819763184,45.522560119628906,10.813241958618164,32.31415557861328,46.8875732421875,171.09495544433594,1.113965392112732,25.05308723449707,15.780861854553224,63.25817108154297,67.24048614501953,20.20817375183105,25.652477264404297,19.636892318725582,68.58956909179688,19.988779067993164,25.47244644165039,34.3475227355957,132.8272705078125,3356.760009765625
2023-11-30,5.630949974060059,0.0282000005245208,143.66287231445312,49.5906867980957,1.3600000143051147,33.40595626831055,6.511999130249023,407.3999938964844,35.29068756103516,5.539999961853027,19.468482971191406,,,,,,,,,,,,,,,,,,,,,,,,,,,,,,2.234999895095825,13.444671630859377,,,,,,,,,,,,,,,,,,,,,,,,,,,,,,,,,,,,,,,,,36.95965576171875,0.722000002861023,62.67576217651367,3.900000095367432,10.362149238586426,2240.0,35.85190963745117,10.096208572387695,2.023482322692871,91.32425689697266,94.6419677734375,95.79364776611328,2.0889246463775635,18.399999618530277,,25.7479248046875,4.469139575958252,16.536916732788086,68.56951141357422,18.69927024841309,1.1200000047683716,61.05915069580078,36.186134338378906,12.172985076904297,12.550000190734863,3.4200000762939453,25.616918563842773,30.248592376708984,11.375239372253418,33.11383819580078,45.00949478149414,29.599082946777344,43.06965637207031,7798.81103515625,305.532470703125,73.4975814819336,11.199999809265137,1.4900000095367432,7.535678386688232,67.77580261230469,159.94129943847656,,1.399999976158142,47.74176406860352,4.550000190734863,13.479999542236328,3.450000047683716,9.399999618530272,6.262071132659912,3.929302215576172,7.522604465484619,18.799999237060547,9.314312934875488,48.84768295288086,11.449315071105955,36.48268508911133,48.14029312133789,195.1820526123047,1.113965392112732,25.0986385345459,17.35188865661621,64.23438262939453,66.05261993408203,22.08046531677246,26.937105178833008,20.6439151763916,84.54167175292969,22.097373962402344,26.861852645874023,38.53036117553711,132.04592895507812,3529.02001953125
2023-12-29,5.582822799682617,0.0282000005245208,150.38668823242188,54.8470458984375,1.4700000286102295,33.262115478515625,8.27199935913086,343.5,38.1707763671875,7.440000057220459,21.04341697692871,,,,,,,,,,,,,,,,,,,,,,,,,,,,,,2.5799999237060547,14.411224365234377,,,,,,,,,,,,,,,,,,,,,,,,,,,,,,,,,,,,,,,,,40.34170150756836,0.7200000286102295,64.93028259277344,3.299999952316284,10.44692325592041,2160.0,37.92976379394531,11.283065795898438,2.0324161052703857,104.5583038330078,106.91036987304688,103.56069946289062,2.1823318004608154,19.149999618530277,,26.341405868530277,4.439929485321045,15.813365936279297,65.11637115478516,18.69927024841309,1.1200000047683716,59.816139221191406,36.5574836730957,12.888065338134766,12.75,3.400000095367432,27.509340286254883,30.42864418029785,11.16222095489502,31.321352005004883,50.24634552001953,33.930259704589844,42.40558624267578,8043.134765625,315.9335632324219,79.3217544555664,11.199999809265137,1.4900000095367432,8.109045028686523,73.3033218383789,168.6343994140625,,1.399999976158142,46.365509033203125,4.260000228881836,13.5,3.0999999046325684,8.399999618530273,6.408143997192383,3.837209224700928,7.997716426849365,18.5,9.794815063476562,51.14360427856445,11.54018211364746,41.05388641357422,47.42445373535156,215.44580078125,0.902155101299286,25.736352920532227,18.755220413208008,69.99398803710938,76.82122802734375,22.413516998291016,27.097686767578125,22.154443740844727,93.8358917236328,24.42882537841797,28.09688186645508,38.85211563110352,153.14202880859375,3707.77001953125
2024-01-31,5.390311241149902,0.0285999998450279,146.6933135986328,52.21886444091797,1.2619999647140503,33.68518829345703,8.095998764038086,348.79998779296875,38.1707763671875,6.599999904632568,18.14022254943848,,,,,,,,,,,,,,,,,,,,,,,,,,,,,,2.8499999046325684,13.40113353729248,,,,,,,,,,,,,,,,,,,,,,,,,,,,,,,,,,,,,,,,,39.24904251098633,0.6100000143051147,68.53752899169922,3.0,10.66279411315918,2000.0,39.29635238647461,10.317755699157717,2.023482322692871,109.251220703125,113.4374008178711,107.875732421875,2.0040090084075928,18.100000381469727,,27.84792900085449,4.381509304046631,15.870488166809082,67.58289337158203,17.96114158630371,1.1399999856948853,59.12744140625,35.69099807739258,12.572100639343262,13.25,3.220000028610229,25.709232330322266,28.808183670043945,10.565765380859377,30.849645614624023,51.75236892700195,34.92724609375,39.03780364990234,7710.85498046875,312.0331726074219,69.6292724609375,9.75,1.4900000095367432,7.535678386688232,67.86085510253906,168.6343994140625,,1.399999976158142,42.568946838378906,8.600000381469727,13.18000030517578,3.470000028610229,8.0,6.625012874603272,3.768139362335205,7.807670593261719,18.0,10.58948802947998,48.05598831176758,11.49474811553955,39.4157600402832,44.11368560791016,212.7694854736328,1.0590516328811646,24.1876163482666,20.873455047607425,75.2655029296875,84.99991607666016,19.055992126464844,26.455371856689453,21.147424697875977,97.5893325805664,23.383102416992188,28.405637741088867,38.1281623840332,140.64064025878906,3662.9599609375
2024-02-29,5.727205753326416,0.0297999996691942,147.07212829589844,45.36837005615234,1.031999945640564,33.169036865234375,7.567998886108398,343.20001220703125,35.532081604003906,6.159999847412109,17.96944808959961,,,,,,,,,,,,,,,,,,,,,,,,,,,,,,3.0,14.298026084899902,,,,,,,,,,,,,,,,,,,,,,,,,,,,,,,,,,,,,,,,,39.68263244628906,0.7300000190734863,68.9884262084961,2.0999999046325684,10.692232131958008,1800.0,41.25791549682617,9.637290000915527,2.005614757537842,120.3265151977539,107.57515716552734,106.14971923828124,1.7365248203277588,17.75,,30.54142189025879,4.106934547424316,17.108139038085938,64.1297607421875,16.402868270874023,1.2000000476837158,58.23716735839844,36.5162239074707,12.37254238128662,12.25,3.140000104904175,21.832077026367188,25.747316360473636,11.375239372253418,31.793058395385746,55.53453063964844,35.40121841430664,41.07744598388672,8502.4619140625,301.6320495605469,67.4560775756836,9.300000190734863,1.4900000095367432,7.289949417114258,62.92860794067383,177.79998779296875,,1.399999976158142,40.86049270629883,12.699999809265137,13.100000381469728,4.710000038146973,7.599999904632568,5.822299957275391,3.514883756637573,7.680974960327148,16.399999618530273,10.644930839538574,46.94760894775391,10.72237491607666,36.30880737304688,45.72433090209961,201.2994384765625,1.0198274850845337,22.456676483154297,23.168212890625,81.80608367919922,103.6940460205078,17.363725662231445,26.575801849365234,21.579002380371094,90.61865997314452,21.15450668334961,28.09688186645508,36.59981918334961,140.64064025878906,3661.419921875
2024-03-28,5.526488304138184,0.0287999995052814,153.4171600341797,49.07366943359375,1.3300000429153442,36.316707611083984,6.863998889923096,366.1000061035156,39.93688583374024,6.659999847412109,18.586137771606445,,,,,,,,,,,,,,,,,,,,,,,,,,,,,,3.890000104904175,13.29664134979248,,,,,,,,,,,,,,,,,,,,,,,,,,,,,,,,,,,,,,,,,41.22623443603516,0.8799999952316284,60.42123794555664,2.900000095367432,10.041342735290527,1870.0,39.80765914916992,10.44435214996338,2.0145487785339355,139.09820556640625,124.25535583496094,103.56069946289062,1.804457426071167,18.850000381469727,,30.45011329650879,4.480823993682861,16.813007354736328,69.06282043457031,17.46905517578125,1.3700000047683716,58.84187698364258,36.72253036499024,13.752813339233398,11.449999809265137,3.4800000190734863,26.770835876464844,26.1074161529541,11.077012062072754,34.81198501586914,59.40226364135742,36.88853073120117,40.365943908691406,8746.787109375,308.1327514648437,65.32635498046875,9.300000190734863,1.4900000095367432,7.617588043212891,71.00727844238281,185.20831298828125,,1.9900000095367432,42.23675155639648,12.300000190734863,13.720000267028809,4.78000020980835,8.600000381469727,5.646094799041748,3.484186172485352,7.958123683929443,14.600000381469728,10.09050750732422,51.46028137207031,9.17762565612793,37.87371826171875,49.66145324707031,198.81423950195312,1.0825861692428589,22.092269897460938,23.38886070251465,87.76094818115234,111.38591003417967,17.99832534790039,27.29841041564941,21.147424697875977,94.81893157958984,22.680234909057617,29.94942283630371,38.36948394775391,174.44398498535156,3845.6298828125
2024-04-30,5.477581024169922,0.0295000001788139,152.94363403320312,51.83110046386719,1.1979999542236328,36.50286483764648,8.447999000549316,350.79998779296875,40.77589416503906,6.0,21.47984313964844,,,,,,,,,,,,,,,,,,,,,,,,,,,,,,3.809999942779541,11.389657020568848,,,,,,,,,,,,,,,,,,,,,,,,,,,,,,,,,,,,,,,,,40.80998611450195,0.824999988079071,67.63571166992188,2.039999961853028,10.20488452911377,1710.0,40.36544799804688,11.029869079589844,2.278092384338379,140.2244873046875,122.80490112304688,103.56069946289062,1.8681440353393557,17.850000381469727,,30.997943878173828,4.504191875457764,17.365188598632812,68.56951141357422,16.484882354736328,1.25,58.665504455566406,36.186134338378906,13.752813339233398,11.699999809265137,3.400000095367432,28.100000381469727,25.20716094970703,11.077012062072754,34.43461990356445,59.81300354003906,37.06014251708984,37.9942626953125,9215.888671875,302.93218994140625,68.49922180175781,8.399999618530273,1.4900000095367432,6.839447498321533,68.54115295410156,214.8416290283203,,2.5999999046325684,44.94179916381836,9.31999969482422,14.100000381469728,4.760000228881836,13.199999809265137,5.743112087249756,3.484186172485352,8.314456939697266,15.0,11.439604759216309,51.93529891967773,9.904565811157228,35.233497619628906,50.46677780151367,211.04898071289065,0.8864654898643494,21.95561408996582,26.12491798400879,95.85172271728516,122.60132598876952,19.28096580505371,28.021015167236328,21.36321258544922,91.51234436035156,22.35701560974121,30.792186737060547,38.83639144897461,165.12901306152344,3883.260009765625
2024-05-31,5.575395107269287,0.0285000000149011,157.50123596191406,53.053409576416016,1.2059999704360962,38.66900634765625,8.307198524475098,340.70001220703125,40.98564910888672,6.150000095367432,18.443822860717773,,,,,,,,,,,,,,,,,,,,,,,,,,,,,,3.359999895095825,11.628978729248049,,,,,,,,,,,,,,,,,,,,,,,,,,,,,,,,,,,,,,,,,39.05322265625,0.8999999761581421,72.59566497802734,2.799999952316284,13.04912567138672,1830.0,43.767974853515625,11.77429485321045,2.3626303672790527,154.75933837890625,120.62922668457033,98.3826675415039,2.046466827392578,18.899999618530277,,28.087316513061523,4.843762397766113,18.20667266845703,68.56951141357422,18.054412841796875,1.2999999523162842,61.30419921875,38.16667175292969,16.689210891723633,11.699999809265137,4.0,27.399999618530277,26.467517852783203,12.224976539611816,39.89981460571289,60.47777557373047,37.67304611206055,35.86894607543945,9614.439453125,301.6320495605469,73.96946716308594,9.649999618530272,1.4900000095367432,6.798492908477783,74.51892852783203,214.8416290283203,,2.799999952316284,47.2212142944336,8.5600004196167,14.859999656677246,5.460000038146973,12.199999809265137,6.004729270935059,3.491860628128052,8.698099136352539,15.0,13.000606536865234,55.40877532958984,11.399999618530272,37.70186614990234,51.182613372802734,215.5438232421875,0.7609482407569885,23.18549346923828,27.18403625488281,97.33091735839844,126.63716888427734,16.75761604309082,28.193452835083008,22.663387298583984,97.97794342041016,23.988523483276367,31.9732608795166,40.73928451538086,161.74176025390625,3918.090087890625
2024-06-28,5.575395107269287,0.0299999993294477,156.14764404296875,50.30084991455078,1.1139999628067017,37.54769515991211,6.969598770141602,408.6000061035156,37.83935928344727,5.900000095367432,16.105018615722656,,,,,,,,,,,,,,,,,,,,,,,,,,,,,,2.7699999809265137,9.353742599487305,,,,,,,,,,,,,,,,,,,,,,,,,,,,,,,,,,,,,,,,,35.2960205078125,0.8550000190734863,69.83683776855469,2.799999952316284,13.203758239746094,1610.0,41.44384765625,11.181344985961914,2.2195804119110107,154.18896484375,121.97142791748048,105.2867202758789,1.9438692331314087,18.299999237060547,,27.06257057189941,4.739874839782715,17.6262264251709,67.08959197998047,13.365524291992188,1.3600000143051147,58.20405960083008,36.35117721557617,15.251097679138184,11.699999809265137,3.859999895095825,24.799999237060547,27.907928466796875,12.494644165039062,39.61138153076172,59.60942077636719,38.95249938964844,32.74363327026367,9466.9794921875,330.3688659667969,71.9557876586914,8.399999618530273,1.4900000095367432,6.266080379486084,70.33946228027344,200.0249786376953,,3.0,42.57249450683594,6.5,14.9399995803833,4.980000019073486,14.0,6.187444686889648,3.41511607170105,8.655461311340332,15.0,11.734559059143066,52.770263671875,10.649999618530272,33.47665023803711,50.959232330322266,206.81341552734372,0.7452585697174072,22.20387077331543,26.423656463623047,102.75463104248048,136.52992248535156,12.967974662780762,26.555299758911133,23.286436080932617,96.12930297851562,22.67972946166992,31.888893127441406,39.182373046875,164.28219604492188,3887.239990234375
2024-07-31,5.477581024169922,0.0299999993294477,171.52069091796875,52.20988464355469,1.1779999732971191,38.83212661743164,7.391998767852783,471.1000061035156,38.42667007446289,5.699999809265137,16.816099166870117,,,,,,,,,,,,,,,,,,,,,,,,,,,,,,2.970000028610229,10.762222290039062,,,,,,,,,,,,,,,,,,,,,,,,,,,,,,,,,,,,,,,,,34.15802001953125,0.7400000095367432,70.3055419921875,1.0,15.38596534729004,1720.0,41.20213317871094,11.655704498291016,2.279569387435913,158.3716583251953,130.77603149414062,102.69770050048828,1.8155006170272827,17.200000762939453,,27.20230865478516,4.973621845245361,18.41950416564941,63.39271926879883,13.62845230102539,1.399999976158142,60.25625991821289,35.38649368286133,15.32211685180664,11.699999809265137,3.819999933242798,24.700000762939453,28.988237380981445,12.899147987365724,39.32294845581055,64.80149841308594,40.295692443847656,36.01319122314453,9870.0380859375,328.846435546875,72.09003448486328,9.199999809265137,1.4900000095367432,5.938442230224609,71.22870635986328,162.98330688476562,,2.2799999713897705,40.6640739440918,7.800000190734863,14.800000190734863,4.980000019073486,12.0,5.547937393188477,3.384418487548828,8.740736961364746,15.0,11.696767807006836,53.70650863647461,10.899999618530272,33.52308654785156,48.55025100708008,211.85765075683597,0.7217240929603577,23.142724990844727,29.78336334228516,120.50495910644533,152.23036193847656,11.729406356811523,26.12420654296875,23.286436080932617,92.61688995361328,22.482515335083008,32.648155212402344,40.30681228637695,156.66085815429688,4130.2001953125
2024-08-30,5.575395107269287,0.0280000008642673,173.84115600585938,54.16331481933594,1.1299999952316284,40.92593002319336,7.039999008178711,468.1000061035156,40.02078628540039,5.480000019073486,18.180604934692383,,,,,,,,,,,,,,,,,,,,,,,,,,,,,,3.430000066757202,11.105313301086426,,,,,,,,,,,,,,,,,,,,,,,,,,,,,,,,,,,,,,,,,33.778690338134766,0.9100000262260436,82.49183654785156,3.200000047683716,13.6712646484375,1610.0,43.321739196777344,12.35030460357666,2.168820858001709,153.61862182617188,134.8396759033203,102.69770050048828,1.898023247718811,16.350000381469727,,28.087316513061523,5.480073928833008,18.535593032836918,59.92593002319336,13.453166961669922,1.309999942779541,60.911224365234375,34.68490219116211,16.458404541015625,5.760000228881836,3.799999952316284,24.25,29.888490676879883,13.258706092834473,43.36099624633789,63.62559127807617,40.56432723999024,39.13850402832031,11187.3544921875,337.9810485839844,73.02974700927734,9.050000190734863,1.4900000095367432,5.733668327331543,70.16161346435547,198.54331970214844,,2.799999952316284,42.03422164916992,7.320000171661377,14.84000015258789,4.75,12.800000190734863,5.655906200408936,3.361395359039306,9.039201736450195,15.0,11.810144424438477,55.1534423828125,11.0,37.550559997558594,51.5151481628418,213.40972900390625,0.7609482407569885,23.283552169799805,29.329349517822266,119.32160186767578,161.1387939453125,10.779622077941896,27.633031845092773,24.610414505004883,85.86934661865234,21.639869689941406,32.901241302490234,41.431251525878906,156.66085815429688,4184.39990234375
2024-09-30,5.477581024169922,0.0274999998509883,184.37991333007807,55.85036849975586,1.0700000524520874,42.15757369995117,7.039999008178711,485.6000061035156,40.817848205566406,5.059999942779541,18.920515060424805,,,,,,,,,,,,,,,,,,,,,,,,,,,,,,3.5,10.771251678466797,,,,,,,,,,,,,,,,,,,,,,,,,,,,,,,,,,,,,,,,,33.34516525268555,0.9300000071525574,77.80480194091797,3.200000047683716,13.63418960571289,1600.0,40.14816665649414,12.163948059082031,2.4272336959838867,138.78909301757812,116.92262268066406,102.97610473632812,1.833838939666748,17.799999237060547,,26.457040786743164,5.726807594299316,17.99384307861328,61.90695571899414,13.540809631347656,1.7000000476837158,61.08587265014648,36.7896728515625,16.529420852661133,5.900000095367432,3.5999999046325684,21.950000762939453,29.888490676879883,13.977822303771973,39.61138153076172,64.60250091552734,43.4297981262207,38.46535873413086,11836.181640625,356.25030517578125,66.3622055053711,9.0,1.4900000095367432,6.143216133117676,66.42677307128906,191.13497924804688,,2.759999990463257,42.523563385009766,8.399999618530273,14.81999969482422,5.099999904632568,12.0,5.813706874847412,3.41511607170105,9.167115211486816,14.5,12.490408897399902,55.74922943115234,11.550000190734863,39.67073059082031,52.256378173828125,246.0032196044922,0.7844827175140381,23.98769187927246,32.14424514770508,129.38011169433594,159.4653778076172,11.025473594665527,25.951770782470703,27.40336227416992,85.03746032714844,21.460582733154297,32.901241302490234,42.901668548583984,169.36309814453125,4299.7099609375
2024-10-31,5.428674697875977,0.0270000007003545,180.51248168945312,52.43186569213867,0.9610000252723694,42.12239074707031,6.6879987716674805,541.5999755859375,38.76227569580078,4.389999866485596,17.517568588256836,,,,,,,,,,,,,,,,,,,,,,,,,,,,,,3.990000009536743,10.247586250305176,,,,,,,,,,,,,,,,,,,,,,,,,,,,,,,,,,,,,,,,,30.25631332397461,0.7699999809265137,78.74220275878906,1.3300000429153442,12.039981842041016,1680.0,41.18499374389648,10.55451202392578,2.136519432067871,132.70518493652344,122.21770477294922,99.36290740966795,1.8081653118133545,17.799999237060547,,26.50362205505371,5.006087303161621,17.935800552368164,60.42118835449219,12.971132278442385,1.4500000476837158,57.81108093261719,33.19401931762695,15.10906219482422,5.699999809265137,3.700000047683716,18.71999931335449,31.56521797180176,13.48342990875244,40.09210205078125,60.31496047973633,41.54933547973633,37.16715621948242,11816.5205078125,341.0259094238281,54.369510650634766,9.0,1.4900000095367432,6.552763938903809,59.579566955566406,191.13497924804688,,2.5,41.49595260620117,8.880000114440918,14.800000190734863,5.139999866485596,10.800000190734863,5.556242942810059,3.2616279125213623,9.295028686523438,13.899999618530272,11.375531196594238,52.855377197265625,11.699999809265137,36.84383773803711,52.441680908203125,217.87193298339844,0.7295689582824707,23.283552169799805,29.510957717895508,138.05804443359375,174.03382873535156,10.373022079467772,26.94328498840332,26.53341293334961,71.0802230834961,19.56014633178711,32.56379318237305,41.08526992797852,157.50767517089844,4214.0498046875
2024-11-29,4.890697479248047,0.0260000005364418,181.67269897460935,51.543941497802734,0.7680000066757202,42.01681518554688,6.476799011230469,586.4000244140625,39.97883987426758,3.984999895095825,17.700145721435547,,,,,,,,,,,,,,,,,,,,,,,,,,,,,,3.2699999809265137,9.12802505493164,,,,,,,,,,,,,,,,,,,,,,,,,,,,,,,,,,,,,,,,,29.60602569580078,0.75,83.89794921875,1.2000000476837158,10.037952423095703,1620.0,41.18499374389648,10.368156433105469,2.1319048404693604,138.21871948242188,124.2495346069336,97.55630493164062,1.8301713466644287,15.449999809265137,,27.075136184692383,5.389172554016113,18.07123565673828,55.468631744384766,12.269989967346191,1.3700000047683716,57.15612030029297,35.5618896484375,14.061548233032228,5.300000190734863,3.319999933242798,16.700000762939453,29.65217399597168,12.809258460998535,41.822696685791016,62.620365142822266,42.26570510864258,35.38813018798828,11187.3544921875,321.2342529296875,51.68065643310547,7.300000190734863,1.4900000095367432,6.47085428237915,59.31279373168945,191.13497924804688,,2.359999895095825,39.24498748779297,7.679999828338623,14.81999969482422,4.639999866485596,10.0,5.091146469116211,3.016046524047852,8.826013565063477,13.600000381469728,10.317342758178713,50.04663848876953,11.149999618530272,36.3726921081543,52.62698745727539,213.02169799804688,0.7217240929603577,20.84253692626953,35.18613815307617,135.88856506347656,182.45005798339844,9.644925117492676,25.003368377685547,26.290428161621094,73.02130126953125,18.753358840942383,31.382722854614254,39.87433242797852,177.8312530517578,4227.31005859375
2024-12-31,4.851572036743164,0.0280000008642673,184.18653869628903,49.90128707885742,0.7229999899864197,42.59869384765625,6.0,600.0,39.64323425292969,3.400000095367432,18.257478713989254,,,,,,,,,,,,,,,,,,,,,,,,,,,,,,3.1700000762939453,9.462087631225586,,,,,,,,,,,,,,,,,,,,,,,,,,,,,,,,,,,,,,,,,30.220184326171875,0.6399999856948853,113.42627716064452,1.4600000381469729,9.09255027770996,1520.0,34.79124069213867,9.67355728149414,2.2426531314849854,130.99407958984375,157.28549194335938,97.55630493164062,1.7091379165649414,14.100000381469728,,29.35115623474121,7.440954208374023,16.21380615234375,67.35476684570312,13.146417617797852,1.3700000047683716,57.68009185791016,35.16724395751953,15.233343124389648,6.539999961853027,4.099999904632568,18.700000762939453,30.60869598388672,12.224976539611816,41.53426361083984,68.40155792236328,45.22071838378906,37.88837814331055,10597.51171875,327.323974609375,51.49835968017578,7.300000190734863,1.4900000095367432,6.552763938903809,56.28935241699219,180.7633056640625,,2.299999952316284,41.93635177612305,8.260000228881836,14.84000015258789,5.179999828338623,10.199999809265137,4.54537296295166,3.054418563842773,8.826013565063477,15.5,9.90162467956543,50.472206115722656,11.25,33.7813720703125,52.62698745727539,211.85765075683597,0.7295689582824707,17.744319915771484,36.230377197265625,140.2275390625,189.19288635253903,9.41325855255127,25.305131912231445,25.91485023498535,65.99646759033203,17.032209396362305,31.551448822021484,39.78783798217773,177.8312530517578,4264.52978515625
2025-01-31,4.597255706787109,0.0299999993294477,181.38265991210935,51.721527099609375,0.8700000047683716,45.25088882446289,6.599999904632568,643.0,40.3144416809082,3.174999952316284,19.08386993408203,,,,,,,,,,,,,,,,,,,,,,,,,,,,,,3.240000009536743,8.694647789001465,,,,,,,,,,,,,,,,,,,,,,,,,,,,,,,,,,,,,,,,,30.50919914245605,0.6449999809265137,119.98812866210938,1.7000000476837158,9.732086181640623,1350.0,34.0808219909668,9.504142761230469,2.1595919132232666,129.09286499023438,158.94937133789062,88.5233154296875,1.6577904224395752,13.600000381469728,,29.730493545532227,7.453940391540527,18.49689674377441,66.3642578125,15.030735969543455,1.350000023841858,58.684356689453125,34.46372985839844,16.334121704101562,5.380000114440918,3.940000057220459,18.5,29.65217399597168,13.078927040100098,43.64943313598633,68.21802520751953,46.6534538269043,37.07099151611328,10125.6376953125,336.4586181640625,53.32131576538086,7.300000190734863,1.4900000095367432,6.552763938903809,59.49064636230469,186.6899871826172,,2.559999942779541,39.24498748779297,10.149999618530272,14.859999656677246,6.360000133514404,9.399999618530272,4.848397731781006,3.1772091388702397,8.953926086425781,19.0,9.56149196624756,48.94016647338867,12.300000190734863,33.734256744384766,51.70045852661133,234.3626708984375,0.7452585697174072,19.762853622436523,41.86015701293945,150.68051147460938,185.2554626464844,9.257237434387209,26.555299758911133,26.85379409790039,76.3488540649414,18.64578628540039,30.53910255432129,41.34475326538086,181.218505859375,4326.0498046875
2025-02-28,4.382065296173096,0.0324999988079071,189.31089782714844,55.09563446044922,0.8289999961853027,47.82134246826172,6.389999866485596,597.2000122070312,40.792259216308594,3.1449999809265137,17.546398162841797,,,,,,,,,,,,,,,,,,,,,,,,,,,,,,3.430000066757202,10.166327476501465,,,,,,,,,,,,,,,,,,,,,,,,,,,,,,,,,,,,,,,,,31.267866134643555,0.5799999833106995,133.11183166503906,1.0,8.235199928283691,1350.0,35.693660736083984,9.775206565856934,2.053457975387573,127.38176727294922,156.5024871826172,97.55630493164062,1.6412858963012695,13.5,,34.51961898803711,7.427968025207519,17.95514488220215,61.41169738769531,15.030735969543455,1.3200000524520874,59.99427795410156,33.83137130737305,16.263103485107422,5.539999961853027,3.799999952316284,18.68000030517578,29.26956558227539,13.033982276916504,44.32244110107422,76.69710540771484,49.87711334228516,32.74363327026367,8542.8916015625,336.4586181640625,51.90852737426758,7.300000190734863,1.4900000095367432,6.47085428237915,57.00075149536133,199.2059326171875,,1.7300000190734863,37.97270584106445,9.600000381469728,15.0,5.420000076293945,8.600000381469727,5.436356544494629,3.292325496673584,8.86864948272705,15.0,10.166172981262209,50.81266021728516,11.850000381469728,32.93330383300781,55.03597259521485,230.2884826660156,0.7334913611412048,20.185338973999023,36.54818344116211,141.21365356445312,178.7095184326172,8.283288955688477,26.81395530700684,26.572111129760746,74.59264373779297,18.789215087890625,31.551448822021484,45.66952133178711,177.8312530517578,4420.509765625
2025-03-31,5.650000095367432,0.0309999994933605,193.17832946777344,55.450801849365234,0.921999990940094,50.27372360229492,5.0,540.5999755859375,40.83829879760742,2.8550000190734863,15.59572982788086,,,,,,,,,,,,,,,,,,,,,,,,,,,,,,3.859999895095825,10.644848823547363,,,,,,,,,,,,,,,,,,,,,,,,,,,,,,,,,,,,,,,,,29.87697982788086,0.8600000143051147,153.7347869873047,1.6799999475479126,7.6929826736450195,1450.0,36.48088073730469,10.215683937072754,2.011927604675293,123.5793228149414,155.52374267578125,94.8464126586914,1.6504549980163574,7.980000019073486,,35.610206604003906,7.492898464202881,18.322763442993164,65.37374114990234,18.31734085083008,1.5,60.08161163330078,35.59294891357422,15.943522453308104,6.119999885559082,3.7799999713897705,17.100000381469727,29.26956558227539,12.719367980957031,46.1491813659668,77.08251190185547,50.235294342041016,31.060775756835938,8071.017578125,348.6381225585937,47.21442794799805,7.300000190734863,1.4900000095367432,6.307034969329834,58.6903190612793,199.2059326171875,,1.8200000524520876,39.24498748779297,6.5,15.199999809265137,4.320000171661377,7.199999809265137,6.173565864562988,3.161860466003418,8.740736961364746,13.199999809265137,9.580389022827148,51.32333755493164,15.350000381469728,31.47274398803711,56.70372772216797,228.930419921875,0.5962068438529968,23.142724990844727,38.091835021972656,124.25225067138672,160.20364379882812,9.030298233032228,26.64151763916016,27.604949951171875,74.22291564941406,19.649791717529297,32.057621002197266,45.49652862548828,183.47825622558597,4335.419921875
2025-04-30,4.999499797821045,0.0299999993294477,208.0679473876953,62.73177719116211,0.9179999828338624,50.18289566040039,4.850500106811523,568.0,43.4626350402832,2.9200000762939453,13.106947898864746,,,,,,,,,,,,,,,,,,,,,,,,,,,,,,3.3299999237060547,10.870566368103027,,,,,,,,,,,,,,,,,,,,,,,,,,,,,,,,,,,,,,,,,30.617584228515625,0.7850000262260437,149.04774475097656,1.649999976158142,7.971043109893799,1360.0,40.70498275756836,11.316876411437988,1.9703967571258545,125.10030364990234,171.96678161621094,98.45960998535156,1.6742949485778809,6.960000038146973,,34.85153579711914,7.453940391540527,19.83192253112793,59.4306755065918,18.40498352050781,1.350000023841858,63.31274032592773,35.81879425048828,17.976411819458008,5.809999942779541,3.5999999046325684,18.040000915527344,29.07826042175293,13.123871803283691,41.24583435058594,74.38462829589844,51.5784797668457,29.23367118835449,8316.78515625,365.3849182128906,47.98918533325195,7.300000190734863,1.4900000095367432,6.266080379486084,56.88515090942383,199.2059326171875,,1.899999976158142,39.53859329223633,5.400000095367432,15.100000381469728,4.190000057220459,6.199999809265137,6.2160420417785645,2.993790864944458,9.209752082824709,13.199999809265137,10.05279541015625,54.983211517333984,15.350000381469728,34.39386749267578,59.29801559448242,238.24285888671875,0.7844827175140381,24.50406265258789,36.9567985534668,125.52659606933594,160.1393280029297,7.797979831695557,28.408998489379883,27.229372024536133,75.23966217041016,20.15179252624512,34.68425750732422,46.18688583374024,181.6434783935547,4429.509765625
2025-05-30,6.199999809265137,0.0309999994933605,220.2503662109375,62.74028396606445,0.9430000185966492,52.18112564086914,4.400000095367432,506.3999938964844,44.98198318481445,2.819999933242798,14.000603675842283,,,,,,,,,,,,,,,,,,,,,,,,,,,,,,3.809999942779541,12.154726028442385,,,,,,,,,,,,,,,,,,,,,,,,,,,,,,,,,,,,,,,,,34.08854293823242,0.7200000286102295,192.16848754882807,1.649999976158142,7.368579864501953,1840.0,38.13212203979492,11.34055995941162,2.078094244003296,133.5531768798828,177.05628967285156,108.3958969116211,1.8210020065307615,7.099999904632568,,32.683834075927734,7.479912757873535,21.294353485107425,63.39271926879883,18.75555419921875,1.4900000095367432,67.46951293945312,40.15499114990234,18.74903678894043,5.900000095367432,3.9800000190734863,18.13999938964844,31.75652313232422,16.569364547729492,52.95618438720703,82.96338653564453,57.30942535400391,33.99203109741211,9033.80078125,380.6092834472656,56.15034484863281,7.300000190734863,1.4900000095367432,6.593719005584717,61.37659454345703,199.2059326171875,,1.899999976158142,40.12580108642578,6.929999828338623,16.0,4.610000133514404,6.599999904632568,7.046989917755127,3.108139753341675,9.406782150268556,12.399999618530272,10.638577461242676,54.983211517333984,15.5,34.36143493652344,57.6302604675293,250.6552581787109,0.9099999070167542,25.302085876464844,36.13957214355469,125.32766723632812,158.8971710205078,9.406312942504885,30.96352767944336,29.38894271850586,81.12239837646484,20.322248458862305,34.49977111816406,48.41276168823242,185.31304931640625,4502.080078125
2025-06-30,6.050000190734863,0.0299999993294477,213.36753845214844,62.31572723388672,1.0520000457763672,53.97251129150391,4.689499855041504,469.7999877929688,44.3374137878418,2.720000028610229,13.221444129943848,,,,,,,,,,,,,,,,,,,,,,,,,,,,,,3.5799999237060547,11.655346870422363,,,,,,,,,,,,,,,,,,,,,,,,,,,,,,,,,,,,,,,,,33.46788024902344,0.699999988079071,254.68084716796875,1.649999976158142,7.164669513702393,1750.0,35.252052307128906,11.413724899291992,1.9775413274765012,125.7430419921875,180.13275146484375,103.87940216064452,1.882189154624939,6.28000020980835,,34.274635314941406,7.596786022186279,22.081212997436523,70.3262939453125,19.59955406188965,1.399999976158142,67.79772186279297,40.12111282348633,19.06841087341309,6.400000095367432,3.5199999809265137,18.799999237060547,31.94782829284668,16.0959529876709,52.56391525268555,83.63121795654297,55.304443359375,35.165855407714844,8101.66357421875,416.5182800292969,68.54902648925781,10.5,1.4900000095367432,6.634673595428467,61.47101974487305,199.2059326171875,,2.119999885559082,41.98529052734375,6.449999809265137,16.850000381469727,4.349999904632568,6.400000095367432,7.584122180938721,3.1004650592803955,9.45289421081543,14.800000190734863,9.929339408874512,56.83138656616211,15.600000381469728,35.46368408203125,60.79219436645508,275.4453430175781,0.8700000047683716,24.435535430908203,37.38958740234375,132.29031372070312,165.9029541015625,12.16484832763672,30.96352767944336,30.14009666442871,82.27716064453125,19.602542877197266,34.13078689575195,49.15472030639648,192.6521759033203,4476.02001953125
2025-07-31,6.349999904632568,0.0289999991655349,211.79432678222656,61.04204559326172,1.131999969482422,56.23117446899414,4.699999809265137,594.4000244140625,45.58051681518555,3.0999999046325684,13.368023872375488,,,,,,,,,,,,,,,,,,,,,,,,,,,,,,4.050000190734863,12.917930603027344,,,,,,,,,,,,,,,,,,,,,,,,,,,,,,,,,,,,,,,,,34.61371612548828,0.7649999856948853,221.1702117919922,2.0,7.248087406158447,1670.0,35.981666564941406,11.358851432800291,2.0828824043273926,128.67184448242188,171.63966369628906,99.36290740966795,1.7817026376724243,7.840000152587891,12.300000190734863,36.63674545288086,7.79157543182373,21.392709732055664,64.67500305175781,19.31822204589844,1.559999942779541,69.01676177978516,40.409061431884766,18.35452079772949,6.800000190734863,3.799999952316284,25.0,35.39130401611328,16.190635681152344,56.87886428833008,87.54277801513672,60.51291275024414,35.606040954589844,7377.76953125,404.2160339355469,64.131103515625,10.399999618530272,0.5,6.798492908477783,61.84872055053711,186.75555419921875,,2.180000066757202,40.71300506591797,6.599999904632568,18.0,4.21999979019165,6.599999904632568,6.702674388885498,3.2693026065826416,9.72956371307373,14.800000190734863,10.415119171142578,60.25050735473633,15.649999618530272,33.402957916259766,59.45400619506836,265.2145080566406,0.8700000047683716,25.256492614746094,34.30641174316406,147.8070831298828,189.2555694580078,13.597726821899414,31.056230545043945,27.886632919311523,89.10952758789062,19.43208694458008,34.86874771118164,49.89667892456055,194.4869537353516,4636.1201171875
2025-08-29,6.199999809265137,0.0274999998509883,217.8905487060547,61.9383430480957,1.0700000524520874,56.65467071533203,4.699999809265137,604.0,45.90280151367188,3.299999952316284,12.449460983276367,,,,,,,,,,,,,,,,,,,,,,,,,,,,,,4.059999942779541,13.219443321228027,,,,,,,,,,,,,,,,,,,,,,,,,,,,,,,,,,,,,,,,,36.66666793823242,1.0199999809265137,244.14894104003903,2.0,6.775385856628418,1750.0,36.07767105102539,11.450307846069336,2.025423526763916,127.10980987548828,182.7991943359375,103.87940216064452,1.7275946140289309,7.639999866485596,11.696000099182127,33.551544189453125,9.03528118133545,20.40913772583008,65.17250061035156,19.13066673278809,1.5499999523162842,70.42335510253906,42.28074264526367,19.725942611694336,6.5,3.7799999713897705,25.899999618530277,35.7739143371582,17.800230026245117,60.2131462097168,96.1196060180664,62.69099426269531,33.356204986572266,8299.990234375,407.73095703125,64.22611236572266,9.449999809265137,1.0,6.47085428237915,64.49263763427734,186.75555419921875,,2.140000104904175,41.30021286010742,5.329999923706055,18.5,5.21999979019165,6.0,6.7990827560424805,3.2309303283691406,9.72956371307373,15.399999618530272,9.113229751586914,64.13168334960938,13.5,32.77054214477539,71.68891143798828,254.39344787597656,0.9300000071525574,25.15990829467773,36.21504592895508,158.9473114013672,198.5966339111328,13.003131866455078,27.99696159362793,26.759899139404297,93.8248291015625,20.757862091064453,36.5291633605957,50.824127197265625,188.98260498046875,4798.5498046875
2025-09-30,5.900000095367432,0.0260000005364418,214.35079956054688,59.48533630371094,0.9330000281333924,55.43123245239258,5.5,617.2000122070312,47.23798751831055,2.9800000190734863,11.276826858520508,,,,,,,,,,,,,,,,,,,,,,,,,,,,,,3.75,12.73890781402588,,,,,,,,,,,,,,,,,,,,,,,,,,,,,,,,,,,,,,,,,37.14410018920898,0.959999978542328,210.6383056640625,2.0,7.581758975982666,1650.0,33.52000045776367,10.645493507385254,1.967964768409729,121.25221252441406,157.22113037109375,105.0,1.7082703113555908,4.940000057220459,11.682000160217283,34.37105178833008,9.55263900756836,19.4550724029541,62.1875,18.380443572998047,1.7400000095367432,71.31420135498047,43.67250442504883,18.42966651916504,5.980000019073486,4.039999961853027,25.850000381469727,36.34782791137695,16.569364547729492,59.03633880615234,96.78742980957033,63.82738876342773,31.3020133972168,7952.91796875,405.9735107421875,64.08360290527344,8.449999809265137,0.5,6.061306953430176,64.77590942382812,202.3185272216797,,2.4200000762939453,40.71300506591797,3.950000047683716,19.0,5.179999828338623,6.0,6.83121919631958,3.1630117893218994,9.307641983032228,15.0,8.685742378234863,58.67956161499024,13.149999618530272,31.4538688659668,70.35071563720703,246.9170684814453,0.8600000143051147,24.96674346923828,34.06171798706055,194.3573455810547,233.5261688232422,14.728433609008787,28.645896911621094,28.16831588745117,91.51529693603516,20.15179252624512,34.86874771118164,48.04178237915039,201.8260803222656,4820.56982421875
2025-10-31,5.800000190734863,0.0260000005364418,212.38427734375,59.7212028503418,0.8299999833106995,54.019569396972656,5.480000019073486,705.5999755859375,46.317169189453125,2.7699999809265137,10.01624584197998,,,,,,,,,,,,,,,,,,,,,,,,,,,,,,3.5,11.664769172668455,,,,,,,,,,,,,,,,,,,,,,,,,,,,,,,,,,,,,,,,,34.61371612548828,0.8550000190734863,225.0,2.359999895095825,7.684340953826904,1520.0,32.400001525878906,10.444289207458496,1.9775413274765012,127.8908233642578,156.5298309326172,103.0,1.6541621685028076,4.75,10.199999809265137,34.94952392578125,9.866748809814451,20.2616024017334,60.69499969482422,16.78622055053711,1.559999942779541,71.50174713134766,44.96828079223633,17.60305404663086,5.920000076293945,3.900000095367432,24.799999237060547,36.79999923706055,17.516183853149414,61.38994598388672,99.458740234375,64.5849838256836,29.10109138488769,7506.68212890625,452.5462341308594,60.58306503295898,10.100000381469728,0.1439999938011169,6.347990036010742,66.09786987304688,231.88815307617188,,2.559999942779541,39.83219909667969,4.554999828338623,19.100000381469727,4.28000020980835,8.800000190734863,6.844991683959961,3.309209108352661,9.920961380004885,15.0,8.297119140625,58.1251106262207,12.600000381469728,30.96621322631836,74.55646514892578,234.52203369140625,0.8500000238418579,25.304784774780277,37.73215866088867,210.37144470214844,221.1045684814453,16.122323989868164,28.043312072753903,27.980525970458984,96.42305755615234,20.85256004333496,34.13078689575195,49.15472030639648,199.9913024902344,4902.3701171875
2025-11-28,5.949999809265137,0.0274999998509883,216.7106170654297,62.74028396606445,0.6269999742507935,55.43123245239258,5.349999904632568,782.4000244140625,48.25089263916016,2.6600000858306885,9.07325267791748,,,,,,,,,,,,,,,,,,,,,,,,,,,,,,3.200000047683716,11.589390754699709,,,,,,,,,,,,,,,,,,,,,,,,,,,,,,,,,,,,,,,,,35.234375,0.8899999856948853,197.23403930664065,1.7000000476837158,8.850048065185547,1550.0,33.13999938964844,10.908382415771484,2.173858880996704,135.89620971679688,148.13548278808594,103.0,1.544013500213623,4.150000095367432,9.800000190734863,34.66690826416016,9.944068908691406,20.950101852416992,57.709999084472656,16.457998275756836,1.5299999713897705,69.90760803222656,43.384552001953125,17.20853614807129,5.980000019073486,4.0,22.700000762939453,30.399999618530277,17.374162673950195,56.87886428833008,102.24847412109376,68.08885955810547,30.56837272644043,7675.26025390625,437.6078186035156,51.37443923950195,10.899999618530272,0.3479999899864197,6.552763938903809,67.60868072509766,224.10667419433597,5.239999771118164,2.3399999141693115,42.08315658569336,4.264999866485596,19.149999618530277,4.420000076293945,11.800000190734863,6.80826473236084,3.0467443466186523,9.724505424499512,11.5,8.831477165222168,58.58715438842773,12.25,31.4538688659668,78.37987518310547,239.2439422607422,0.8199999928474426,26.560365676879883,44.73047256469727,208.8794403076172,238.9916839599609,14.767423629760742,27.301671981811523,29.10725975036621,99.69489288330078,21.19347381591797,33.94629669189453,46.27963638305664,196.3217315673828,5036.85986328125
2025-12-31,5.300000190734863,0.025000000372529,228.116455078125,63.68374633789063,0.5040000081062317,57.76444625854492,5.199999809265137,716.7999877929688,49.17171096801758,2.4200000762939453,9.136771202087402,,,,,,,,,,,,,,,,,,,,,,,,,,,,,,3.200000047683716,11.155966758728027,,,,,,,,,,,,,,,,,,,,,,,,,,,,,,,,,,,,,,,,,36.18923568725586,0.8199999928474426,201.06382751464844,1.7999999523162842,7.563107013702393,1550.0,31.5,11.79066562652588,2.1690707206726074,136.48196411132812,151.98699951171875,107.0,1.5923242568969729,5.300000190734863,11.050000190734863,36.13792037963867,9.738936424255373,20.950101852416992,65.66999816894531,17.348888397216797,1.4900000095367432,71.22042083740234,42.85664367675781,17.264894485473633,6.840000152587891,4.079999923706055,23.5,32.599998474121094,16.9007511138916,57.66340255737305,107.16102600097656,69.41465759277344,29.345638275146484,7784.34033203125,452.5462341308594,55.736419677734375,11.300000190734863,0.1700000017881393,6.675628185272217,69.1194839477539,224.10667419433597,4.745500087738037,2.400000095367432,41.78955459594727,4.085000038146973,19.299999237060547,4.485000133514404,9.0,6.769604206085205,3.2151975631713867,10.215641975402832,18.799999237060547,9.521285057067873,58.956787109375,12.449999809265137,28.57669258117676,77.61518859863281,242.9821319580078,0.7400000095367432,25.304784774780277,51.58197021484375,207.88478088378903,237.1036071777344,17.447978973388672,27.90425491333008,29.201154708862305,94.78713989257812,20.9472599029541,35.791202545166016,49.15472030639648,207.33042907714844,5078.43017578125
2026-01-30,5.449999809265137,0.0270000007003545,245.61849975585935,69.95777893066406,0.4995000064373016,57.90934371948242,5.179999828338623,703.7999877929688,50.9212646484375,2.7300000190734863,8.169347763061523,,,,,,,,,,,,,,,,,,,,,,,,,,,,,,3.4200000762939453,10.967521667480469,,,,,,,,,,,,,,,,,,,,,,,,,,,,,,,,,,,,,,,,,39.62673568725586,0.7799999713897705,206.8085174560547,2.299999952316284,10.265167236328123,1420.0,32.36000061035156,12.148561477661133,2.207376480102539,164.20791625976562,190.50222778320312,108.0,1.6908783912658691,5.400000095367432,10.350000381469728,35.6475830078125,9.5728759765625,21.7861385345459,62.1875,17.583332061767578,1.4500000476837158,74.92445373535156,43.72049331665039,17.753347396850586,7.980000019073486,3.920000076293945,24.200000762939453,33.79999923706055,16.569364547729492,61.7822151184082,114.52985382080078,73.48672485351562,26.166526794433597,9817.193359375,456.93988037109375,61.79472732543945,8.300000190734863,0.2419999986886978,6.47085428237915,67.41983032226562,230.0,4.619999885559082,2.3399999141693115,41.69168472290039,4.065000057220459,19.25,4.320000171661377,9.680999755859377,7.353273391723633,3.253953456878662,10.706779479980469,20.0,9.929339408874512,59.7884635925293,13.199999809265137,29.844602584838867,80.29158020019531,241.9984130859375,0.7099999785423279,26.512073516845703,55.79074478149414,213.35543823242188,253.79823303222656,19.592424392700195,28.043312072753903,28.16831588745117,99.50244140625,22.63288688659668,37.45161819458008,50.4531478881836,201.8260803222656,5385.3798828125
2026-02-27,4.579999923706055,0.0264999996870756,285.73553466796875,74.20336151123047,0.4799999892711639,60.75893020629883,5.439000129699707,657.4000244140625,52.900001525878906,2.559999942779541,8.203550338745117,,,,,,,,,,,,,,,,,,,,,,,,,,,,,,3.799999952316284,10.279695510864258,,,,,,,,,,,,,,,,,,,,,,,,,,,,,,,,,,,,,,,,,41.77517318725586,0.75,194.36170959472656,1.0499999523162842,11.672639846801758,1520.0,34.29999923706055,13.719325065612791,2.207376480102539,192.5196228027344,181.1203155517578,109.0,1.4976351261138916,6.28000020980835,9.979000091552734,33.39202880859375,10.061287879943848,22.376283645629883,62.1875,18.66177749633789,1.5299999713897705,79.75375366210938,45.01627349853516,18.16665267944336,7.139999866485596,3.680000066757202,25.700000762939453,34.79999923706055,17.989595413208008,65.9010238647461,110.5805435180664,71.30863952636719,26.65562057495117,10432.0078125,487.6954345703125,55.106353759765625,11.199999809265137,0.2000000029802322,6.38894510269165,74.02961730957031,232.0,4.440000057220459,2.119999885559082,46.87868118286133,3.7300000190734863,19.799999237060547,4.199999809265137,7.900000095367432,6.6834893226623535,3.392860412597656,11.099688529968262,18.0,11.192367553710938,63.66963577270508,13.399999618530272,27.211254119873047,83.73265075683594,247.7040557861328,0.800000011920929,25.980865478515625,52.16923904418945,225.29139709472656,250.7176818847656,17.564950942993164,29.10942268371582,29.2950496673584,105.85365295410156,24.65943145751953,39.29652786254883,53.23549270629883,205.4956512451172,5443.759765625
2026-03-31,4.340000152587891,0.0264999996870756,258.2042236328125,65.52349853515625,0.460999995470047,60.9038200378418,5.198999881744385,620.7999877929688,50.09999847412109,1.75,8.482050895690918,,,,,,,,,,,,,,,,,,,,,,,,,,,,,,3.049999952316284,8.918177604675293,,,,,,,,,,,,,,,,,,,,,,,,,,,,,,,,,,,,,,,,,38.19444274902344,0.5899999737739563,186.7021331787109,2.400000095367432,10.265167236328123,1420.0,36.27999877929688,12.18832778930664,1.9114636182785036,180.02342224121094,156.2335662841797,103.0,1.3527026176452637,4.900000095367432,12.449999809265137,32.65652084350586,9.719399452209473,21.245174407958984,57.01350021362305,19.59955406188965,1.4800000190734863,72.90834045410156,43.33656311035156,17.283681869506836,4.599999904632568,3.799999952316284,20.299999237060547,33.400001525878906,16.522024154663086,62.17448425292969,100.65911865234376,66.38426971435547,25.481794357299805,9658.53125,452.5462341308594,50.93824005126953,11.199999809265137,0.2000000029802322,7.0442214012146,61.75429916381836,240.0,4.590000152587891,2.0,43.06183242797852,2.444999933242798,20.200000762939453,3.315000057220459,5.349999904632568,6.697841644287109,2.8499999046325684,10.412097930908203,18.0,9.181238174438477,60.98978042602539,12.699999809265137,24.236547470092773,95.01170349121094,204.6165313720703,0.8999999761581421,18.91098022460937,43.99638366699219,210.8687744140625,256.8787841796875,15.771414756774902,28.08966445922852,27.13547706604004,79.00531768798828,21.136653900146484,35.606712341308594,50.26765823364258,230.0,5073.1201171875
2026-04-30,4.400000095367432,0.0270000007003545,275.5096130371094,67.78781127929688,0.4749999940395355,64.42957305908203,5.25,668.0,49.84999847412109,1.7000000476837158,11.022756576538086,,,,,,,,,,,,,,,,,,,,,,,,,,,,,,2.450000047683716,8.974710464477539,,,,,,,,,,,,,,,,,,,,,,,,,,,,,,,,,,,,,,,,,40.05642318725586,0.5920000076293945,210.6383056640625,2.0,11.06748867034912,1480.0,32.84000015258789,12.864352226257324,2.0493648052215576,189.39556884765625,173.4172821044922,106.0,1.3671958446502686,4.519999980926514,13.0,36.77536392211914,10.549699783325195,23.605749130249023,51.7400016784668,20.443553924560547,1.5499999523162842,74.54936218261719,46.07209014892578,18.03514862060547,4.849999904632568,3.9800000190734863,22.100000381469727,33.79999923706055,16.75872802734375,67.27396392822266,109.08751678466795,73.5814208984375,29.93255043029785,10174.181640625,474.5144958496094,69.16162872314453,11.199999809265137,0.1840000003576278,7.945226192474365,66.47557067871094,240.0,4.559999942779541,1.940000057220459,45.94404220581055,2.5299999713897705,21.0,2.6600000858306885,6.380000114440918,6.510000228881836,2.950000047683716,11.197916030883787,18.0,9.812752723693848,62.745548248291016,13.100000381469728,25.55322265625,97.11457824707033,214.4538726806641,0.8500000238418579,20.620502471923828,45.141563415527344,194.6557464599609,229.75,16.74616241455078,30.31459045410156,28.44999885559082,84.00931549072266,22.399999618530277,39.85000228881836,52.400001525878906,222.0,5352.669921875
2026-05-29,4.460000038146973,0.0270000007003545,271.79998779296875,70.80000305175781,0.4449999928474426,64.33297729492188,5.199999809265137,715.5999755859375,50.09999847412109,1.809999942779541,9.630253791809082,,,,,,,,,,,,,,,,,,,,,,,,,,,,,,2.109999895095825,9.199999809265137,,,,,,,,,,,,,,,,,,,,,,,,,,,,,,,,,,,,,,,,,41.400001525878906,0.5799999833106995,246.06382751464844,2.4800000190734863,12.915245056152344,1520.0,33.18000030517578,12.84000015258789,2.1449999809265137,185.3999938964844,169.2694854736328,110.0,1.4976351261138916,4.394999980926514,12.859999656677246,31.200000762939453,11.300000190734863,24.100000381469727,56.71500015258789,20.399999618530277,1.5,80.9000015258789,46.59999847412109,19.18000030517578,5.019999980926514,4.179999828338623,21.399999618530277,32.0,17.350000381469727,80.0,113.9499969482422,77.0853042602539,29.649999618530277,11000.0,483.3017883300781,81.0999984741211,11.300000190734863,0.1710000038146972,6.552763938903809,66.80000305175781,230.0,5.599999904632568,2.0,46.20000076293945,2.5799999237060547,21.5,2.700000047683716,7.179999828338623,6.679999828338623,3.000499963760376,11.25,18.0,10.699999809265137,65.61022186279297,13.550000190734863,24.600000381469727,91.37946319580078,223.0,0.9100000262260436,21.248292922973636,50.2606086730957,224.8000030517578,251.6999969482422,25.280000686645508,30.700000762939453,29.5,83.80000305175781,22.239999771118164,39.59999847412109,53.0,216.0,5583.39013671875
2026-06-30,3.839999914169312,0.0260000005364418,285.79998779296875,70.5999984741211,0.4280000030994415,70.0,5.0,811.4000244140625,52.0,1.649999976158142,9.30500030517578,,,,,,,,,,,,,,,,,,,,,,,,,,,,,,2.130000114440918,8.390000343322754,,,,,,,,,,,,,,,,,,,,,,,,,,,,,,,,,,,,,,,,,39.04999923706055,0.550000011920929,217.0,2.220000028610229,12.399999618530272,1830.0,35.959999084472656,12.600000381469728,2.184999942779541,175.0,170.39999389648438,109.8000030517578,1.5049999952316284,3.785000085830689,14.239999771118164,27.350000381469727,11.350000381469728,24.100000381469727,59.70000076293945,19.299999237060547,1.399999976158142,79.69999694824219,46.29999923706055,19.13999938964844,4.519999980926514,4.0,23.399999618530277,31.799999237060547,16.75,84.80000305175781,119.3000030517578,82.0999984741211,35.45000076293945,11620.0,520.0,78.0999984741211,11.300000190734863,0.164000004529953,8.5,66.9000015258789,230.0,6.5,2.1600000858306885,45.70000076293945,1.5119999647140503,21.5,2.515000104904175,5.460000038146973,5.849999904632568,2.990000009536743,10.399999618530272,18.0,10.960000038146973,63.48481369018555,13.0,25.600000381469727,92.0999984741211,222.6000061035156,0.8899999856948853,19.34000015258789,50.75,231.0,262.0,20.239999771118164,30.200000762939453,29.549999237060547,84.19999694824219,22.059999465942383,40.0,52.400001525878906,210.0,5751.35986328125
2026-07-31,3.799999952316284,0.0264999996870756,269.20001220703125,70.25,0.3849999904632568,71.9000015258789,4.0,745.0,52.400001525878906,1.5,11.3100004196167,,,,,,,,,,,,,,,,,,,,,,,,,,,,,,2.069999933242798,7.869999885559082,,,,,,,,,,,,,,,,,,,,,,,,,,,,,,,,,,,,,,,,,39.84999847412109,0.5099999904632568,209.0,2.119999885559082,14.079999923706056,2160.0,39.040000915527344,12.640000343322754,2.190000057220459,165.1999969482422,179.39999389648438,107.0,1.440000057220459,3.630000114440918,15.199999809265137,27.549999237060547,11.399999618530272,23.200000762939453,60.0,20.299999237060547,1.2699999809265137,78.1500015258789,44.650001525878906,20.149999618530277,4.78000020980835,3.839999914169312,21.5,31.399999618530277,16.700000762939453,84.5999984741211,124.6500015258789,88.5999984741211,40.5,11140.0,550.0,68.30000305175781,11.300000190734863,0.2140000015497207,8.550000190734863,68.0,238.0,5.599999904632568,1.950000047683716,44.994998931884766,1.2200000286102295,22.0,2.3299999237060547,4.150000095367432,6.425000190734863,2.970000028610229,10.25,19.200000762939453,12.399999618530272,66.0,12.550000190734863,25.350000381469727,90.6999969482422,245.8000030517578,0.8500000238418579,21.350000381469727,52.150001525878906,194.0,222.8999938964844,21.600000381469727,30.200000762939453,29.700000762939453,84.4000015258789,22.31999969482422,39.0,53.20000076293945,218.0,5685.81982421875
2026-08-31,3.799999952316284,0.0254999995231628,273.3999938964844,67.9000015258789,0.4720000028610229,75.5,3.5,875.5999755859375,51.59999847412109,1.2899999618530271,12.43000030517578,,,,,,,,,,,,,,,,,,,,,,,,,,,,,,2.200000047683716,7.835000038146973,,,,,,,,,,,,,,,,,,,,,,,32.599998474121094,,,,,,,,,,,,,,,,,,39.04999923706055,0.4659999907016754,198.5,2.119999885559082,15.699999809265137,2280.0,38.79999923706055,12.0,2.430000066757202,174.60000610351562,178.6999969482422,108.0,1.5,4.295000076293945,15.15999984741211,29.549999237060547,11.449999809265137,22.25,57.0,23.0,1.399999976158142,73.8499984741211,43.84999847412109,19.15999984741211,4.400000095367432,3.900000095367432,20.5,33.0,16.950000762939453,74.80000305175781,131.0,93.1999969482422,46.70000076293945,12760.0,535.0,66.0,10.199999809265137,0.2000000029802322,8.003000259399414,64.5,218.0,6.25,1.950000047683716,46.31999969482422,1.3919999599456787,22.200000762939453,2.4800000190734863,3.900000095367432,6.349999904632568,3.0299999713897705,10.399999618530272,18.899999618530277,13.140000343322754,65.30000305175781,12.300000190734863,22.850000381469727,105.0,246.8000030517578,0.8100000023841858,22.950000762939453,53.70000076293945,184.1000061035156,215.3000030517578,23.65999984741211,30.299999237060547,28.899999618530277,80.0,21.0,38.09999847412109,51.400001525878906,220.0,5834.27978515625
