Date,AAXJCL1.SN,ABC.SN,ACWI1.SN,ACWXCL1.SN,AGG1.SN,AGUAS-A.SN,AGUAS-A1.SN,ALMENDRAL.SN,AMD1.SN,AMZN1.SN,AMZNCL.SN,AMZNCL1.SN,ANDINA-A.SN,ANDINA-B.SN,ANDINA-B0.SN,ANDINA-B1.SN,ANTARCHILE.SN,ARTY1.SN,AVGO1.SN,BANVIDA.SN,BCI.SN,BCI0.SN,BCI1.SN,BESALCO.SN,BICE.SN,BRKBCL1.SN,BSANTANDER.SN,BSANTANDER0.SN,BSANTANDER1.SN,C1.SN,CAMANCHACA.SN,CAP.SN,CAP1.SN,CAT1.SN,CCU0.SN,CCU1.SN,CENCOMALLS.SN,CENCOMALLS0.SN,CENCOSUD.SN,CENCOSUD0.SN,CENCOSUD1.SN,CFI-ADVAFA1.SN,CFI-ADVATA1.SN,CFI-AG3ANE1.SN,CFI-ALT2CE0.SN,CFI-ALT2CE1.SN,CFI-AMDVMA1.SN,CFI-AMDVSC1.SN,CFI-BDPRAU0.SN,CFI-BPCRER.SN,CFI-BRRAE0.SN,CFI-BTGHLA0.SN,CFI-CARSQE0.SN,CFI-CGCORH0.SN,CFI-CGGLEB0.SN,CFI-CPD6IE1.SN,CFI-ETFEUE1.SN,CFI-ETFGEM1.SN,CFI-ETFGES1.SN,CFI-ETFLAT1.SN,CFI-ETFTW1.SN,CFI-ETFUSA.SN,CFI-FALCTL0.SN,CFI-FALCTL1.SN,CFI-FTGP2E.SN,CFI-FYNUAE0.SN,CFI-LVDARE0.SN,CFI-LVSMCA0.SN,CFI-LVSMCO0.SN,CFI-MBIGFA0.SN,CFI-MBRFUS0.SN,CFI-MDLATR0.SN,CFI-MDLATR1.SN,CFI-NASDAQ1.SN,CFI-OEP9CE1.SN,CFI-PACE6E0.SN,CFI-QRGAE0.SN,CFI-REDAEG.SN,CFI-RTEAE1.SN,CFI-SPETF1.SN,CFI4060ETF.SN,CFIADI6A1.SN,CFIADI6FID0.SN,CFIADVAEFA.SN,CFIADVAEFA0.SN,CFIAEA3-E.SN,CFIAFE3F0.SN,CFIAFOGANA1.SN,CFIALBIONA0.SN,CFIAMDDA-E0.SN,CFIAMDDA-E1.SN,CFIAMDDC-E.SN,CFIAMDDC-E0.SN,CFIAMDVAMA.SN,CFIAMDVAMA0.SN,CFIAMDVASC.SN,CFIAMDVASC0.SN,CFIAMDVATA.SN,CFIAMSLPA0.SN,CFIAMSLPA1.SN,CFIARR.SN,CFIARRAA-E.SN,CFIARRAA-E0.SN,CFIASXIB-E.SN,CFIB1ALT0.SN,CFIBCDGHYA.SN,CFIBCHDCPA.SN,CFIBCHDCPA0.SN,CFIBCHDCPA1.SN,CFIBCHDECH.SN,CFIBCHDECH0.SN,CFIBCHDLPA.SN,CFIBCHDLPA0.SN,CFIBCHDLPA1.SN,CFIBCHMPGB1.SN,CFIBCHMPUS.SN,CFIBCHMPUS1.SN,CFIBCIRFCL0.SN,CFIBMPEM-E.SN,CFIBMPEM-E1.SN,CFIBMPEU-E.SN,CFIBPBII-E0.SN,CFIBPDCCHA0.SN,CFIBPDCCHF0.SN,CFIBTETFMP.SN,CFIBTETFTW.SN,CFIBTGCRPA0.SN,CFIBTGCRPB0.SN,CFIBTGCRPI0.SN,CFIBTGDAPA.SN,CFIBTGDAPA0.SN,CFIBTGDAPF0.SN,CFIBTGDEA0.SN,CFIBTGDEA1.SN,CFIBTGDEB0.SN,CFIBTGDL0.SN,CFIBTGEU0.SN,CFIBTGIPSA.SN,CFIBTGPLAA.SN,CFIBTGPLAA0.SN,CFIBTGPLAA1.SN,CFIBTGPLAT0.SN,CFIBTGRCA.SN,CFIBTGRE.SN,CFIBTGRE0.SN,CFIBTGRRA.SN,CFIBTHBI-E0.SN,CFIBVCAP0.SN,CFICCDCIGI0.SN,CFICGGCPB0.SN,CFICGGLOEA0.SN,CFICGSCH-B0.SN,CFICHEQI-E0.SN,CFICOMDPA.SN,CFICOMDPA0.SN,CFICOMDPB0.SN,CFICONDOR1.SN,CFIDAG3R-E1.SN,CFIDHS2-A.SN,CFIDHS2-A0.SN,CFIETFBRE.SN,CFIETFBRL.SN,CFIETFBTC.SN,CFIETFCC.SN,CFIETFCC0.SN,CFIETFCD.SN,CFIETFCD0.SN,CFIETFEM.SN,CFIETFEUR.SN,CFIETFGE.SN,CFIETFGE1.SN,CFIETFGEM.SN,CFIETFHY.SN,CFIETFIPSA.SN,CFIETFLAT.SN,CFIETFLP.SN,CFIETFLP0.SN,CFIETFRFLP.SN,CFIETFUSA.SN,CFIETFUSA1.SN,CFIFALCDCG0.SN,CFIFALCDCW.SN,CFIFALCDCW0.SN,CFIFALCFIA.SN,CFIFALCFIA0.SN,CFIFALCFIA1.SN,CFIFALCFIG.SN,CFIFALCFIG0.SN,CFIFALCFIW.SN,CFIFALCFIW0.SN,CFIFALCGLA.SN,CFIFALCGLA0.SN,CFIFALCSCA0.SN,CFIFALCSDG.SN,CFIFALCTAC.SN,CFIFALCTAC0.SN,CFIFALCTLP0.SN,CFIFCREA-E0.SN,CFIFTCLP-E0.SN,CFIFTCLP-E1.SN,CFIFYNDEPA0.SN,CFIFYNDETA0.SN,CFIFYNDETB0.SN,CFIFYNGIIB1.SN,CFIFYNGIIC1.SN,CFIFYNSADA0.SN,CFIFYNSADB0.SN,CFIHMCREPA0.SN,CFIHMCUSBP0.SN,CFIHYUF-A0.SN,CFIHYUF-I0.SN,CFIIMDLAT.SN,CFIIMSCLB0.SN,CFIIMSCLI0.SN,CFIIMSCLI1.SN,CFILTLIQ-A0.SN,CFILVCOR-A.SN,CFILVCOR-A0.SN,CFILVCOR-A1.SN,CFILVCOR-I0.SN,CFILVCOR-O.SN,CFILVCOR-O0.SN,CFILVDPU-E.SN,CFILVDPU-E1.SN,CFILVFA-L.SN,CFILVFA-L0.SN,CFILVPA1RI.SN,CFILVRLA0.SN,CFILVSCC-I0.SN,CFILVSCC-U0.SN,CFIMBD2A-E0.SN,CFIMBDPA-E0.SN,CFIMBICL-C0.SN,CFIMBIDA-A0.SN,CFIMBIDA-D0.SN,CFIMBIDT-A0.SN,CFIMBIDT-B.SN,CFIMBIDT-B0.SN,CFIMBIDT-B1.SN,CFIMBIDT-D0.SN,CFIMBIDT-I0.SN,CFIMBIGF-A0.SN,CFIMBIGL-A0.SN,CFIMBIRF-A0.SN,CFIMBIRF-A1.SN,CFIMBIRFUS1.SN,CFIMCUMR.SN,CFIMDCHA.SN,CFIMDCHA0.SN,CFIMDCHD0.SN,CFIMDCHE0.SN,CFIMDCHI.SN,CFIMDCHI0.SN,CFIMDLATAE1.SN,CFIMDLIG-I0.SN,CFIMLDL0.SN,CFIMRCLP.SN,CFIMRCLP0.SN,CFIMRCLP1.SN,CFIMRCLPR.SN,CFIMRCLPR0.SN,CFIMRCLPR1.SN,CFIMRVEA.SN,CFIMRVEA0.SN,CFIMRVIA.SN,CFIMRVIA0.SN,CFIMSC0.SN,CFINASDAQ.SN,CFINASDAQ1.SN,CFINHRFLA0.SN,CFINHRFLB0.SN,CFINRENTAS.SN,CFINVRFLI0.SN,CFIPATGBA0.SN,CFIPIONERO.SN,CFIPIONERO0.SN,CFIPIONR0.SN,CFIPIONR1.SN,CFIPK13C-E0.SN,CFIQAC.SN,CFIQAC0.SN,CFIQAC1.SN,CFIQEAA0.SN,CFIQRGA-E0.SN,CFIQRGH0.SN,CFIQRL-A0.SN,CFIR4CHACU0.SN,CFISANHICA.SN,CFISANRR-A1.SN,CFISCCHO0.SN,CFISECRFNR.SN,CFISECRFNR0.SN,CFISPETF.SN,CFISUDPCAA.SN,CFISURDPPA.SN,CFISURDPPA0.SN,CFITDPFI-E0.SN,CFITDPX1-E0.SN,CFITODPA-E.SN,CFITODPA-E0.SN,CFITODPF-E0.SN,CFITODPX-E0.SN,CFITOERI1A1.SN,CFITOESC-A0.SN,CFIVCBRA-E0.SN,CFIVNTFIIV0.SN,CFMCGACHA0.SN,CFMCGACHB0.SN,CFMCGACHD0.SN,CFMCHAF0.SN,CFMITNIPSA.SN,CFMLVENFIR0.SN,CFMLVENFR0.SN,CFMLVENFR1.SN,CFMSECGLDK0.SN,CFMSTDRSCB0.SN,CFMTOEEQUB0.SN,CFMTOEEQUB1.SN,CFMTOEQU2B0.SN,CGET.SN,CHILE.SN,CHILE0.SN,CHILE1.SN,CINTAC.SN,CMPC.SN,CMPC0.SN,CMPC1.SN,COLBUN.SN,CONCHATORO.SN,COPEC0.SN,COPEC1.SN,CRMCL1.SN,CUPRUM.SN,ECL.SN,ECL0.SN,ECL1.SN,EEM1.SN,EEMCL.SN,EEMCL1.SN,EISA.SN,EMBONOR-B.SN,ENAEX.SN,ENELAM.SN,ENELAM1.SN,ENELCHILE.SN,ENELCHILE1.SN,ENELGXCH.SN,ENTEL.SN,ESPO1.SN,ESTACIONAM.SN,ETHV1.SN,EWJ1.SN,EWYCL1.SN,FALABELLA.SN,FALABELLA1.SN,FORUS.SN,FXI1.SN,GASCO.SN,GDX1.SN,GECL1.SN,GOLF.SN,GOOGCL1.SN,GOOGL1.SN,HABITAT.SN,HAL1.SN,HDV1.SN,HIPERMARC.SN,HITES.SN,HPQ1.SN,HWM.SN,HWM1.SN,HWMCL.SN,HWMCL1.SN,IAM.SN,IAM1.SN,IAU1.SN,IAUCL.SN,IAUCL1.SN,IBIT1.SN,IBITCL.SN,IEF1.SN,IEMGCL1.SN,IEV1.SN,ILC.SN,ILF1.SN,INDISA.SN,INDY1.SN,INGEVEC.SN,INTC1.SN,INTCCL1.SN,INVERCAP.SN,ITAUCL.SN,ITAUCL0.SN,ITOT.SN,IVV.SN,IVV1.SN,IVVCL.SN,IVVCL1.SN,IWDCL1.SN,IYW1.SN,IYWCL.SN,IYWCL1.SN,JNJ1.SN,KWEB1.SN,LAS-CONDES.SN,LIPIGAS.SN,LLYCL1.SN,LQD1.SN,LTM.SN,LTM0.SN,LTM1.SN,MALLPLAZA.SN,MALLPLAZA0.SN,MALLPLAZA1.SN,MCDCL1.SN,META1.SN,METACL.SN,METACL1.SN,MINERA.SN,MOLLER.SN,MSFT1.SN,MSFTCL1.SN,MULTI-X.SN,NEM1.SN,NEMCL.SN,NEMCL1.SN,NKE1.SN,NTGCLGAS.SN,NUAM.SN,NVDA1.SN,NVDACL.SN,NVDACL1.SN,ORCL1.SN,OXIQUIM.SN,PAMPA.SN,PAMPA1.SN,PARAUCO.SN,PARAUCO0.SN,PAZ.SN,PEHUENCHE.SN,PEPCL1.SN,PLANVITAL.SN,PROVIDA.SN,QQQ1.SN,QTOP.SN,QUINENCO.SN,RIPLEY.SN,SALFACORP.SN,SCHWAGER1.SN,SCOTIABKCL.SN,SK.SN,SLQD1.SN,SLV1.SN,SMH1.SN,SMSAAM.SN,SMU.SN,SMU1.SN,SOCOVESA.SN,SONDA.SN,SOQUICOM.SN,SPCLXIGPA.SN,SQM-A.SN,SQM-B.SN,SQM-B0.SN,SQM-B1.SN,TECBCL.SN,TGT1.SN,TLT1.SN,TRICAHUE.SN,TRICOT.SN,TSLA1.SN,UNHCL1.SN,VCL.SN,WALMARTCL.SN,WATTS.SN,ZOFRI.SN,AAISA.SN,AAPLCL1.SN,AAXJ1.SN
2023-09-29,,5.408999919891357,,,,226.53614807128903,,17.249082565307617,,,113141.0,,1447.6756591796875,1719.9129638671875,,,7125.90185546875,,,290.2159118652344,20735.07421875,,,379.21240234375,103.12214660644533,,35.663787841796875,,,,48.41144180297852,5763.0,,,,,1128.7969970703125,,1637.4893798828125,,,,,,,,,,,,,,,,,,,,,,,,,,,,,,,,,,,,,,,,,,,,,,,,,,,,,1246.4693603515625,,,,,,,,,41489.53515625,,,,,,,,,,,,,,,2027.9315185546875,,,1197.30224609375,,1287.442138671875,,,,,,,,,,,,,,,,,,12157.8544921875,,,,20832.466796875,,,10452.919921875,,,,,,,,,,,,,33068.8671875,,,,,1217.263916015625,,1083.0828857421875,,,,1828.6282958984373,,,,,,,,,,,,,,,,,,,,,,,,,,,,,,,,,,,,,,,,,,165.27276611328125,,,,,,,,,,,1432.289306640625,,,,,,,,,,,,,,,,,,,,,,,,861.2369995117188,,,,,,,,,,,,,14152.7275390625,,,,,,,,1071.9219970703125,,,,1288.5206298828125,,,8055.45751953125,,,,,,,,,,,,,,,,,,971.0675659179688,,,,,,77.07422637939453,,,,,,,,,,,,3066.10009765625,,,,,,,,,23.53768539428711,78.95974731445312,,,100.33999633789062,1622.028076171875,,,120.25105285644533,891.2902221679688,,,,26.124635696411133,816.9284057617188,,,,32190.08203125,,119.06463623046876,1114.0628662109375,11344.400390625,101.98590087890624,,45.054344177246094,,201.02330017089844,2463.55322265625,,3891699.75,,,,1906.8836669921875,,1316.3675537109375,,975.9985961914062,,,18770000.0,,,574.1431274414062,,,3.0481436252593994,95.0,,,,42022.80859375,,552.8855590820312,,,,,,,,,,4790.20654296875,,1208.5406494140625,,49.1644172668457,,,1824.9000244140625,7420.9150390625,,99.47272491455078,413.3863220214844,,373849.78125,,,,92655.7734375,,,,20000.0,2264.697998046875,,,8.039273262023926,,,1124.5780029296875,,,,,306.40142822265625,,11680.4921875,183.5697784423828,,,196.9131317138672,,40065.76953125,,,103.10443878173828,,,,,,4607.2900390625,6.90731143951416,,1200.7559814453125,,504.6362609863281,2008.4864501953125,,86.8138427734375,1671.0618896484375,,,2060.070068359375,157.53890991210938,366.9620056152344,,237.41485595703125,1199.92529296875,,,,96.2563018798828,137.3009033203125,,100.0,370.97650146484375,238.29884338378903,,45684.4140625,52848.62890625,,,34605.65625,,,550.7433471679688,247.65142822265625,,,205044.046875,36771.23046875,535.2679443359375,465.3576965332031,186.2314453125,,
2023-10-31,,5.182000160217285,,,,220.6438446044922,,17.404775619506836,,,117606.0,,1307.4901123046875,1565.904052734375,,,7076.8984375,,,299.019775390625,19499.5,,,361.69244384765625,103.12214660644533,,33.8177604675293,,,,46.82355117797852,4892.0,,,,,1086.1534423828125,,1409.115478515625,,,,,,,,,,,,,,,,,,,,,,,,,,,,,,,,,,,,,,,,,,,,,,,,,,,,,1254.8197021484375,,,,,,,,,41698.59375,,,,,,,,,,,,,,,1966.426025390625,,,1178.3359375,,1290.0389404296875,,,,,,,,,,,,,,,,,,12301.197265625,,,,21150.8828125,,,10468.8310546875,,,,,,,,,,,,,32682.720703125,,,,,1213.328369140625,,1091.1912841796875,,,,1786.23388671875,,,,,,,,,,,,,,,,,,,,,,,,,,,,,,,,,,,,,,,,,,164.7517852783203,,,,,,,,,,,1461.6905517578125,,,,,,,,,,,,,,,,,,,,,,,,872.3613891601562,,,,,,,,,,,,,14268.2666015625,,,,,,,,1030.3646240234375,,,,1160.7174072265625,,,8055.45751953125,,,,,,,,,,,,,,,,,,948.8155517578124,,,,,,78.40971374511719,,,,,,,,,,,,2856.300048828125,,,,,,,,,36.831390380859375,80.23371124267578,,,96.98999786376952,1586.2386474609375,,,129.13571166992188,898.4239501953125,,,,31.53397560119629,798.0798950195312,,,,32320.44140625,,102.10193634033205,1022.94384765625,11203.86328125,91.9872817993164,,44.220001220703125,,199.98529052734372,2484.481201171875,,3891699.75,,,,1750.0732421875,,1276.3082275390625,,935.7678833007812,,,18770000.0,,,551.8176879882812,,,3.0481436252593994,91.91000366210938,,,,42022.80859375,,530.8969116210938,,,,,,,,,,4375.42529296875,,1337.915283203125,,44.96461868286133,,,1748.5999755859375,6804.51123046875,,99.47272491455078,400.53326416015625,,362302.4375,,,,91988.234375,,,,17722.0,2265.639892578125,,,6.981999397277832,,,996.9942626953124,,,,,279.39947509765625,,11675.6259765625,170.9517822265625,,,187.280029296875,,,,,138.508544921875,,,,,,4927.66015625,5.785423278808594,,1149.35009765625,,432.5894470214844,2111.303955078125,,101.09075927734376,1614.587646484375,,,1897.4580078125,143.80923461914062,324.5465393066406,,237.41485595703125,1178.3265380859375,,,,98.98591613769533,136.4207763671875,,92.1999969482422,330.0584411621094,240.48464965820312,,40051.40234375,43297.2421875,,,34605.65625,,,637.4034423828125,235.4432373046875,,,205044.046875,36771.23046875,495.99505615234375,478.3825378417969,173.40489196777344,,
2023-11-30,,5.406000137329102,,,,225.72457885742188,,17.65880012512207,,,131980.0,,1448.1865234375,1806.8123779296875,,,7271.34814453125,,,310.2001953125,21341.927734375,,,384.7890930175781,103.12214660644533,,37.09380340576172,,,,45.43898391723633,6000.0,,,,,1225.876220703125,,1574.3221435546875,,,,,,,,,,,,,,,,,,,,,,,,,,,,,,,,,,,,,,,,,,,,,,,,,,,,,1260.6544189453125,,,,,,,,,41698.59375,,,,,,,,,,,,,,,2085.132080078125,,,1199.023193359375,,1253.2471923828125,,,,,,,,,,,,,,,,,,12429.6591796875,,,,19115.671875,,,10642.0693359375,,,,,,,,,,,,,32899.109375,,,,,1228.8790283203125,,1099.2996826171875,,,,1886.13671875,,,,,,,,,,,,,,,,,,,,,,,,,,,,,,,,,,,,,,,,,,169.46917724609375,,,,,,,,,,,1457.4078369140625,,,,,,,,,,,,,,,,,,,,,,,,876.12548828125,,,,,,,,,,,,,14545.1904296875,,,,,,,,1115.372802734375,,,,1192.9765625,,,7444.390625,,,,,,,,,,,,,,,,,,990.901611328125,,,,,,78.7464828491211,,,,,,,,,,,,3043.699951171875,,,,,,,,,36.831390380859375,85.49537658691406,,,94.0,1672.490234375,,,137.14584350585938,937.9439697265624,,,,32.271610260009766,827.28759765625,,,,32320.44140625,,105.65149688720705,1040.10986328125,11317.130859375,101.52596282958984,,45.89702224731445,,222.20751953125,2393.519287109375,,3984264.5,,,,1955.0887451171875,,1337.7012939453125,,931.2252807617188,,,18770000.0,,,567.747802734375,,,3.0481436252593994,84.22000122070312,,,,44819.51953125,,555.5098266601562,,,,,,,,,,4848.572265625,,1342.21484375,,40.87205505371094,,,1761.5999755859375,7445.32861328125,,99.47272491455078,439.5158386230469,,381917.90625,,,,101607.15625,,,,15000.0,2270.898681640625,,,8.478141784667969,,,1113.7078857421875,,,,,319.3136901855469,,11771.990234375,170.9517822265625,,,184.44273376464844,,,,,145.50466918945312,,,,,,4927.66015625,6.349367141723633,,1177.449462890625,,417.50482177734375,2050.378173828125,,98.6757583618164,1650.7891845703125,,,1887.823486328125,145.6754150390625,374.177978515625,,237.41485595703125,1197.8253173828125,,,,107.92465209960938,142.96726989746094,,84.44000244140625,341.57891845703125,223.4110107421875,,39627.3671875,44297.76953125,,,34605.65625,,,694.3578491210938,231.08319091796875,,,205497.265625,36771.23046875,506.3345336914063,493.3905334472656,166.27806091308594,,
2023-12-29,,7.498000144958496,,,,246.3736114501953,,18.29795837402344,,,137389.0,,1486.7674560546875,1884.246826171875,,,6881.8642578125,,,333.943359375,21731.91796875,,,413.6947326660156,102.08940887451172,,37.26713943481445,,,,42.970001220703125,7200.0,,,,,1243.4251708984375,,1608.335205078125,,,,,,,,,,,,,,,,,,,,,,,,,,,,,,,,,,,,,,,,,,,,,,,,,,,,,1257.88720703125,,,,,,,,,41698.59375,,,,,,,,,,,,,,,2231.238525390625,,,1258.77880859375,,1401.0128173828125,,,,,,,,,,,,,,,,,,12552.1845703125,,,,20636.75,,,10350.013671875,,,,,,,,,,,,,32049.92578125,,,,,1252.396728515625,,1107.5946044921875,,,,1999.0775146484373,,,,,,,,,,,,,,,,,,,,,,,,,,,,,,,,,,,,,,,,,,174.3846435546875,,,,,,,,,,,1470.1163330078125,,,,,,,,,,,,,,,,,,,,,,,,880.4387817382812,,,,,,,,,,,,,14865.1103515625,,,,,,,,1186.4290771484375,,,,1206.6217041015625,,,8209.2900390625,,,,,,,,,,,,,,,,,,1048.655029296875,,,,,,79.4090576171875,,,,,,,,,,,,3248.60009765625,,,,,,,,,45.44102478027344,90.30329132080078,,,90.04000091552734,1685.3785400390625,,,138.94436645507812,939.8743896484376,,,,44.22153472900391,919.9306640625,,,,32931.85546875,,133.08016967773438,1041.1353759765625,11713.2060546875,97.48651123046876,,47.549015045166016,,232.3902587890625,2655.28173828125,,3984264.5,,,,2112.571044921875,,1535.153564453125,,944.5804443359376,,,18770000.0,,,637.9642944335938,,,3.0481436252593994,79.9800033569336,,,,47767.00390625,,624.8235473632812,,,,,,,,,,5470.9912109375,,1234.2396240234375,,38.95980453491211,,,2013.699951171875,7428.01416015625,,99.92731475830078,463.0444641113281,,411496.46875,,,,108483.1796875,,,,14500.0,2506.505126953125,,,9.525442123413086,,,1146.5941162109375,,,,,354.17877197265625,,12268.412109375,154.4884490966797,,,193.110595703125,,,,,183.15675354003903,4086.517822265625,,,,,5012.66064453125,7.098538398742676,,1344.037841796875,,437.3725891113281,2097.243896484375,,105.77913665771484,2094.0126953125,,,2244.145263671875,166.6888427734375,405.3745727539063,,237.41485595703125,1269.9307861328125,,,,108.99626159667967,143.6776885986328,,99.4499969482422,349.4838256835937,240.5878143310547,,49087.33203125,52647.921875,,,34623.27734375,,,694.3578491210938,241.8220977783203,,,205497.265625,45469.953125,541.0460815429688,509.6314086914063,165.4217987060547,,
2024-01-31,,7.5,,,,244.1228485107422,,18.724063873291016,,,150532.0,,1618.0106201171875,2038.2562255859373,,,6784.24951171875,,,354.3096008300781,22433.537109375,,,460.0738830566406,102.08940887451172,,37.26713943481445,,,,42.970001220703125,6717.0,,,,,1367.7677001953125,,1572.4757080078125,,,,,,,,,,,,,,,,,,,,,,,,,,,,,,,,,,,,,,,,,,,,,,,,,,,,,1277.2392578125,,,,,,,,,41698.59375,,,,,,,,,,,,,,,2401.5029296875,,,1271.1142578125,,1489.7210693359375,,,,,,,,,,,,,,,,,,12686.61328125,,,,23001.3359375,,,10549.96484375,,,,,,,,,,,,,32323.41015625,,,,,1259.3082275390625,,1117.5670166015625,,,,2112.3876953125,,,,,,,,,,,,,,,,,,,,,,,,,,,,,,,,,,,,,,,,,,175.22158813476562,,,,,,,,,,,1495.011474609375,,,,,,,,,,,,,,,,,,,,,,,,880.9639282226562,,,,,,,,,,,,,15086.6083984375,,,,,,,,1284.79150390625,,,,1227.240966796875,,,8036.66162109375,,,,,,,,,,,,,,,,,,1142.7791748046875,,,,,,80.31993103027344,,,,,,,,,,,,3118.5,,,,,,,,,45.44102478027344,90.96644592285156,,,80.19999694824219,1502.013427734375,,,131.15235900878906,902.7994384765624,,,,38.00647735595703,879.4237060546875,,,,32931.85546875,,148.10531616210938,1137.603759765625,11705.341796875,94.21804809570312,,47.160194396972656,,233.2353057861328,2502.278076171875,,3984264.5,,,,2122.07763671875,,1488.42822265625,,986.1904907226562,,,18770000.0,,,645.9776611328125,,,3.0481436252593994,83.30000305175781,,,,51550.42578125,,621.1898193359375,,,,,,,,,,6266.4521484375,,1260.62255859375,,45.456085205078125,,,2002.5,7549.130859375,,99.92731475830078,477.0023498535156,,441441.875,,,,118047.609375,,,,18034.0,2806.566650390625,,,11.460453033447266,,,1182.888671875,,,,,394.70159912109375,,13627.2421875,154.4884490966797,,,222.3024139404297,,,,,190.0325469970703,3924.5107421875,,,,,5012.66064453125,6.499577522277832,,1406.5074462890625,,481.03814697265625,2093.1884765625,,103.83869934082033,2028.3035888671875,,,2475.2177734375,176.11489868164062,422.0666809082031,,237.41485595703125,1283.3302001953125,,,,102.16649627685548,133.1993408203125,,83.45999908447266,331.4973449707031,261.9861145019531,,38714.67578125,40298.4140625,,,34623.27734375,,,716.162109375,262.8099365234375,,,205497.265625,45469.953125,519.3545532226562,525.502685546875,172.9810791015625,,
2024-02-29,,7.526999950408935,,,,245.85418701171875,,18.43726348876953,,,171248.0,,1728.8984375,2097.622802734375,,,7077.09423828125,,,363.0142211914063,24419.93359375,,,499.9562683105469,102.08940887451172,,40.71651458740234,,,,42.91190719604492,6629.0,,,,,1393.341796875,,1686.0794677734375,,,,,,,,,,,,,,,,,,,,,,,,,,,,,,,,,,,,,,,,,,,,,,,,,,,,,1303.751708984375,,,,,,,,,41903.875,,,,,,,,,,,,,,,2596.4677734375,,,1404.2535400390625,,1512.9814453125,,,,,,,,,,,,,,,,,,12800.5654296875,,,,24093.76171875,,,11026.4462890625,,,,,,,,,,,,,32683.6640625,,,,,1271.7869873046875,,1125.1162109375,,,,2295.160400390625,,,,,,,,,,,,,,,,,,,,,,,,,,,,,,,,,,,,,,,,,,179.94158935546875,,,,,,,,,,,1480.3109130859375,,,,,,,,,,,,,,,,,,,,,,,,896.7552490234375,,,,,,,,,,,,,15247.267578125,,,,,,,,1387.9376220703125,,,,1302.693115234375,,,8157.60986328125,,,,,,,,,,,,,,,,,,1231.2078857421875,,,,,,80.86520385742188,,,,,,,,,,,,3351.39990234375,,,,,,,,,45.44102478027344,97.72894287109376,,,80.19999694824219,1700.299072265625,,,131.9375,908.1708984375,,,,40.88762664794922,824.9378662109375,,,,37721.25390625,,157.12045288085938,1163.969482421875,11846.8681640625,98.48749542236328,,48.9659309387207,,251.7230529785156,2592.168701171875,,3984264.5,,,,2352.63623046875,,1535.5302734375,,1145.5435791015625,,,18770000.0,,,651.7803955078125,,,3.0481436252593994,80.0,,,,63993.99609375,,616.9605102539062,,,,,,,,,,7200.037109375,,1308.7962646484375,,47.92234802246094,,,2001.699951171875,8224.4912109375,,99.92731475830078,492.5250549316406,,478475.5,,,,127545.3515625,,,,19257.0,2882.404296875,,,12.118755340576172,,,1317.2889404296875,,,,,469.6310729980469,,13919.2548828125,153.68655395507812,,,228.24996948242188,,,,,186.5983123779297,3579.880615234375,,,,,5059.28662109375,6.869553089141846,,1458.5650634765625,,509.628173828125,2070.9775390625,,111.0002670288086,2084.480224609375,,,2584.80078125,188.5211181640625,468.366943359375,,237.41485595703125,1248.83203125,,,,110.79621124267578,144.77880859375,,90.5,360.6399536132813,274.5286865234375,,43438.98828125,47998.10546875,,,44783.86328125,,,929.1360473632812,288.10174560546875,,,260964.9375,53150.453125,599.9425659179688,551.9248657226562,171.1993865966797,,
2024-03-28,,6.420000076293945,,,,247.5855712890625,,18.84697914123535,,,165561.0,,1738.181640625,2135.565673828125,,,7528.75927734375,,,371.4739379882813,25522.474609375,,,504.8172302246094,122.68347930908205,,42.29386901855469,,,,42.970001220703125,6728.60009765625,,,,,1322.7928466796875,,1652.06640625,,,,,,,,,,,,,,,,,,,,,,,,,,,,,,,,,,,,,,,,,,,,,,,,,,,,,1315.9434814453125,,,,,,,,,41903.875,,,,,,,,,,,,,,,2696.566650390625,,,1414.9466552734375,,1712.08203125,,,,,,,,,,,,,,,,,,12914.41015625,,,,23873.224609375,,,11205.947265625,,,,,,,,,,,,,33476.38671875,,,,,1287.8175048828125,,1129.9627685546875,,,,,,,,,,,,,,,,,,,,,,,,,,,,,,,,,,,,,,,,,,,,,,,,,,,,,,,,,1492.5164794921875,,,,,,,,,,,,,,,,,,,,,,,,902.2155151367188,,,,,,,,,,,,,15595.9306640625,,,,,,,,1433.5810546875,,,,1307.846923828125,,,8434.181640625,,,,,,,,,,,,,,,,,,1296.0556640625,,,,,,81.44047546386719,,,,,,,,,,,,3446.0,,,,,,,,,54.738800048828125,95.1112060546875,,,97.3000030517578,1973.933349609375,,,126.17300415039062,1074.75048828125,,,,42.698638916015625,779.7012939453125,,,,38045.734375,,157.2921600341797,1166.791259765625,12412.9697265625,95.49787902832033,,49.70004653930664,,245.4119873046875,2686.756103515625,,3984264.5,,,,2470.747802734375,,1529.21875,,1131.6431884765625,,,18770000.0,,,714.855224609375,,,3.0624876022338867,82.5,,,,65680.6640625,,625.7597045898438,,,,,,,,,,6958.19189453125,,1446.1837158203125,,45.77777099609375,,,2149.699951171875,8754.3212890625,,100.2243423461914,509.796142578125,,495173.96875,,,,132184.390625,,,,18999.0,2953.827392578125,,,12.178601264953612,,,1239.5411376953125,,,,,490.8182373046875,,15308.2587890625,166.19827270507812,,,243.7526397705078,,,,,185.82945251464844,4116.39501953125,,,,,5059.28662109375,6.875552654266357,,1367.984619140625,,512.8048095703125,2008.9583740234373,,132.2383270263672,2232.852783203125,,,2702.373779296875,204.6787109375,482.33599853515625,,245.72634887695312,1260.6314697265625,,,,114.00609588623048,150.91485595703125,,84.45999908447266,397.414306640625,286.12371826171875,,43167.95703125,47696.1171875,,,46763.25390625,,,965.4229736328124,312.9486083984375,,,272747.0625,58476.51953125,649.299560546875,617.832275390625,172.11619567871094,,
2024-04-30,,6.510000228881836,,,,237.19732666015625,,19.658218383789062,,,163679.0,,1784.25732421875,2335.949951171875,,,7321.13232421875,,,363.5216674804688,26445.11328125,,,507.9681091308594,135.9268341064453,,39.29286575317383,,,,39.09708786010742,6864.5,,,,,1312.21044921875,,1598.71435546875,,,,,,,,,,,,,,,,,,,,,,,,,,,,,,,,,,,,,,,,,,,,,,,,,,,,,,,,,,,,,,,,,,,,,,,,,,,,,2516.364013671875,,,1369.3524169921875,,,,,,,,,,,,,,,,,,,,13020.9404296875,,,,22716.177734375,,,,,,,,,,,,,,,,33115.2265625,,,,,1293.9609375,,1134.99560546875,,,,2264.79931640625,,,,,,,,,,,,,,,,,,,,,,,,,,,,,,,,,,,,,,,,,,181.38238525390625,,,,,,,,,,,1482.6104736328125,,,,,,,,,,,,,,,,,,,,,,,,,,,,,,,,,,,,,15499.1767578125,,,,,,,,1343.5897216796875,,,,1377.2008056640625,,,,,,,,,,,,,,,,,,,,,1221.715576171875,,,,,,81.70225524902344,,,,,,,,,,,,3344.5,,,,,,,,,54.738800048828125,92.92975616455078,,,89.80000305175781,1879.7476806640625,,,122.53540802001952,1159.4442138671875,,,,39.71047592163086,787.9406127929688,,,,37115.93359375,,160.74365234375,1154.269775390625,13610.041015625,89.98857879638672,,48.09681701660156,,248.6492156982422,2915.384521484375,,4066414.25,,,,2467.867431640625,,1529.0301513671875,,1014.8084716796876,,,18770000.0,,,726.5094604492188,,,4.421601295471191,87.0,,,,65680.6640625,,631.4271850585938,,,,,,,,,,7261.3203125,,1438.268798828125,,50.94262313842773,,,2090.800048828125,9176.0615234375,,,496.7915344238281,,473449.9375,,,,123428.9296875,,,,15948.0,2949.596435546875,,,12.956595420837402,,,1324.228271484375,,,,,440.7823791503906,,15461.0791015625,169.07742309570312,,,227.7429656982422,,,,,180.6890869140625,3800.370849609375,,,,,5059.28662109375,6.832555770874023,,1367.70068359375,,560.826904296875,2050.21875,,131.89295959472656,2500.22021484375,,,2620.049072265625,203.97412109375,494.7619934082031,,245.72634887695312,1181.23583984375,,,,104.20642852783205,158.063232421875,,88.88999938964844,399.1055908203125,319.9801025390625,,41543.671875,43848.2734375,,,,,,965.4229736328124,272.7392883300781,,,,,663.2897338867188,672.901611328125,167.0045928955078,,
2024-05-31,,7.199999809265137,,,,248.14915466308597,,19.40557861328125,,,160596.0,,1956.2681884765625,2495.324462890625,,,8146.93798828125,,,385.60101318359375,24602.51953125,,,534.4293212890625,166.04129028320312,,39.24769973754883,,,,38.149295806884766,6180.0,,,,,1353.3636474609375,,1696.304931640625,,,,,,,,,,,,,,,,,,,,,,,,,,,,,,,,,,,,,,,,,,,,,,,,,,,,,1331.21875,,,,,,,,,42093.45703125,,,,,,,,,,,,,,,2493.99267578125,,,1374.972900390625,,1583.347412109375,,,,,,,,,,,,,,,,,,13395.4697265625,,,,21911.779296875,,,10458.408203125,,,,,,,,,,,,,33199.7734375,,,,,1304.8079833984375,,1142.3583984375,,,,,,,,,,,,,,,,,,,,,,,,,,,,,,,,,,,,,,,,,,,,,,,,,,,,,,,,,1522.2064208984375,,,,,,,,,,,,,,,,,,,,,,,,913.5562744140624,,,,,,,,,,,,,15663.5791015625,,,,,,,,1342.3939208984375,,,,1367.62060546875,,,8734.5380859375,,,,,,,,,,,,,,,,,,1203.0306396484375,,,,,,82.40575408935547,,,,,,,,,,,,3324.60009765625,,,,,,,,,60.341983795166016,95.1112060546875,,,80.0,1904.6561279296875,,,119.2670440673828,1058.2755126953125,,,,43.912357330322266,849.9359741210938,,,,37005.87890625,,168.75885009765625,1253.91259765625,14371.1357421875,90.78977966308594,,47.65596771240234,,257.7495422363281,2610.594482421875,,4066414.25,,,,2670.48193359375,,1640.42626953125,,1093.294677734375,,,20200000.0,,,829.5184936523438,,,4.421601295471191,100.91999816894533,,,,75736.6953125,,666.2523803710938,,,,,,,,,,7759.986328125,,1417.1500244140625,,51.70830535888672,,,2100.0,9439.5322265625,,100.2243423461914,516.0658569335938,,467192.625,,,,125463.4453125,,,,16065.0,3093.38134765625,,,12.318241119384766,,,1440.904541015625,,,,,464.8462524414063,,15088.365234375,169.25384521484375,,,223.02130126953125,,,,,213.2008209228516,3790.47265625,,,,,6047.4833984375,6.669830799102783,,1442.959228515625,,567.7274169921875,2051.414794921875,,181.7497711181641,2780.381591796875,,,2708.438232421875,232.31895446777344,516.5914306640625,,245.72634887695312,1199.9346923828125,,,,105.4963836669922,166.7017364501953,,82.58999633789062,398.8711242675781,276.4343566894531,,40507.95703125,43000.51953125,,,42948.4765625,,,1005.1550903320312,335.6065673828125,,,273213.28125,58239.73828125,715.4102172851562,717.0027465820312,181.7420654296875,,
2024-06-28,,7.5,,,,234.46446228027344,,18.08877182006836,,,187263.0,,1918.0810546875,2348.208740234375,,,7905.13671875,,,422.49114990234375,25008.62890625,,,520.4876708984375,167.26516723632812,,39.92516326904297,,,,36.9099235534668,5910.39990234375,,,,,1286.0384521484375,,1746.5870361328125,,,,,,,,,,,,,,,,,,,,,,,,,,,,,,,,,,,,,,,,,,,,,,,,,,,,,1338.745361328125,,,,,,,,,42093.45703125,,,,,,,,,,,,,,,2702.31103515625,,,1419.725341796875,,1577.75537109375,,,,,,,,,,,,,,,,,,13435.259765625,,,,20557.091796875,,,10550.6162109375,,,,,,,,,,,,,33268.3359375,,,,,1315.20751953125,,1147.740966796875,,,,,,,,,,,,,,,,,,,,,,,,,,,,,,,,,,,,,,,,,,,,,,,,,,,,,,,,,1510.02880859375,,,,,,,,,,,,,,,,,,,,,,,,917.9157104492188,,,,,,,,,,,,,16223.0908203125,,,,,,,,1487.0,,,,1363.286376953125,,,8580.8134765625,,,,,,,,,,,,,,,,,,1301.0999755859375,,,,,,83.01353454589844,,,,,,,,,,,,3240.0,,,,,,,,,60.341983795166016,91.6296157836914,,,79.41999816894531,1754.849609375,,,121.04610443115234,1007.6066284179688,,,,41.13985443115234,841.4365844726562,,,,38598.69140625,,168.75885009765625,1229.222412109375,14707.2685546875,87.59012603759766,,48.099830627441406,,263.4590148925781,2462.1748046875,,4066414.25,,,,2785.713134765625,,1789.119873046875,,1085.432861328125,,,20700000.0,,,819.745849609375,,,4.421601295471191,102.0,,,,74528.1171875,,630.6317138671875,,,,,,,,,,7335.3779296875,,1406.7901611328125,,51.745941162109375,,,1983.5,9403.19140625,,100.5490951538086,534.7254638671875,,504748.53125,,,,144660.6875,,,,12750.0,3144.32080078125,,,12.806982040405272,,,1299.4700927734375,,,,,512.105712890625,,14698.98828125,170.2265625,,,216.1243438720703,,,,,202.20248413085935,3531.009521484375,,,,,6452.33544921875,5.802852630615234,,1373.0045166015625,,582.0398559570312,2058.761962890625,,166.6583251953125,2546.87890625,,,2531.9794921875,244.69659423828125,521.1109008789062,,245.72634887695312,1195.434814453125,,,,98.9966049194336,152.54722595214844,,73.12000274658203,389.6520080566406,270.20465087890625,,36266.859375,38025.6875,,,44746.04296875,,,1004.4010620117188,385.4940490722656,,,247469.765625,60367.65625,740.8426513671875,668.1990356445312,166.52012634277344,,
2024-07-31,,9.543999671936035,,,,255.35641479492188,,16.780628204345703,,,174160.0,,2020.8924560546875,2653.19384765625,,,7418.99755859375,,,408.3829345703125,26011.6171875,,,525.1348266601562,161.4720916748047,,42.36403274536133,,,,36.9099235534668,5310.0,,,,,1327.5526123046875,,1713.13134765625,,,,,,,,,,,,,,,,,,,,,,,,,,,,,,,,,,,,,,,,,,,,,,,,,,,,,1346.7996826171875,,,,,,,,,59008.515625,,,,,,,,,,,,,,,2733.314697265625,,,1434.236328125,,1620.50439453125,,,,,,,,,,,,,,,,,,13317.3798828125,,,,20388.78125,,,10408.2880859375,,,,,,,,,,,,,33765.33984375,,,,,1329.69677734375,,1153.4554443359375,,,,2380.417724609375,,,,,,,,,,,,,,,,,,,,,,,,,,,,,,,,,,,,,,,,,,184.5705718994141,,,,,,,,,,,1517.7095947265625,,,,,,,,,,,,,,,,,,,,,,,,922.6229858398438,,,,,,,,,,,,,16573.89453125,,,,,,,,1453.699951171875,,,,1315.474365234375,,,8666.6220703125,,,,,,,,,,,,,,,,,,1310.0999755859375,,,,,,83.71659851074219,,,,,,,,,,,,3252.5,,,,,,,,,64.65213012695312,97.91218566894533,,,77.9800033569336,1621.9964599609375,,,121.75177001953124,1082.0982666015625,,,,42.431396484375,855.935546875,,,,38656.97265625,,155.0396270751953,1196.8603515625,14539.201171875,88.14008331298828,,48.73391342163086,,265.0844421386719,2339.905517578125,,4184770.75,,,,2996.01025390625,,1880.254638671875,,1094.9593505859375,,,20700000.0,,,765.913818359375,,,4.421601295471191,98.8000030517578,,8.073164939880371,,71508.6640625,,620.3179321289062,,,,,,32280.0,,,,6735.48486328125,,1458.589599609375,,51.67066955566406,,,1887.300048828125,9549.462890625,,100.5490951538086,538.0885009765625,,506236.84375,,,,136831.0,,,,13469.0,2929.334228515625,,,11.63001537322998,,,1384.9378662109375,,,,,469.3161926269531,,13606.7861328125,155.63571166992188,,,203.3325653076172,,44137.828125,,,204.12828063964844,3382.12109375,,,,,6578.8525390625,4.7598795890808105,,1449.3363037109375,,521.5267944335938,2092.931884765625,,166.6583251953125,2520.8798828125,,,2693.664794921875,258.0263671875,527.3737182617188,,191.25909423828125,1160.0369873046875,,,,107.23632049560548,144.22645568847656,,66.76000213623047,373.2676086425781,277.700927734375,,33725.28515625,35708.765625,,,46611.28125,,,1004.4010620117188,394.5644836425781,,,240204.21875,66149.328125,698.9281616210938,669.45703125,164.1670684814453,,
2024-08-30,,9.05799961090088,,,,252.7107391357422,,17.23111343383789,,,159100.0,,1996.488525390625,2588.426025390625,,,6824.5009765625,,,404.9998474121094,26434.724609375,,,508.9718322753906,159.10589599609375,,42.4543571472168,,,,36.63881301879883,5600.0,,,,,1397.4951171875,,1820.386474609375,,,,,,,,,,,,,,,,,,,,,,,,,,,,,,,,,,,,,,,,,,,,,,,,,,,,,1353.8670654296875,,,,,,,,,59008.515625,,,,,,,,,,,,,,,2669.82275390625,,,1410.2589111328125,,1605.807861328125,,,,,,,,,,,,,,,,,,13400.0,,,,18883.533203125,,,10350.4638671875,,,,,,,,,,,,,33209.0390625,,,,,1346.22802734375,,1158.598388671875,,,,,,,,,,,,,,,,,,,,,,,,,,,,,,,,,,,,,,,,,,,,,,,,,,,,,,,,,1509.1722412109375,,,,,,,,,,,,,,,,,,,,,,,,908.0733032226562,,,,,,,,,,,,,16357.3818359375,,,,,,,,1419.0,,,,1302.988037109375,,,8038.4228515625,,,,,,,,,,,,,,,,,,1291.0999755859375,,,,,,84.3703384399414,,,,,,,,,,,,3239.60009765625,,,,,,,,,64.65213012695312,100.87022399902344,,,72.9000015258789,1564.492919921875,,,121.25482177734376,1039.950439453125,,,,42.431396484375,873.9341430664062,,,,37508.5625,,146.75584411621094,1076.58349609375,14328.0419921875,97.88897705078124,,44.84788131713867,,263.81024169921875,2473.659423828125,,4184770.75,,,,3101.638427734375,,1848.6932373046875,,1199.5625,,,20700000.0,,,757.0413208007812,,,4.421601295471191,98.0,,8.152032852172852,,71508.75,,659.0399780273438,,,,,,31500.0,,,,6847.04638671875,,1329.6776123046875,,48.923431396484375,,,1789.800048828125,9721.173828125,,100.5490951538086,547.0889282226562,,501641.625,,,,135488.859375,,,,12400.0,2914.11767578125,,,11.779630661010742,,,1432.4620361328125,,,,,518.9557495117188,,13184.310546875,155.63571166992188,,,187.65228271484372,,44137.828125,,,226.60826110839844,3286.4716796875,,,,,6578.8525390625,4.650882244110107,,1455.8099365234375,,452.1400146484375,2042.53076171875,,143.66018676757812,2546.797119140625,,,2626.3642578125,260.1686706542969,506.5008850097656,,191.25909423828125,1059.9422607421875,,,,103.9964370727539,134.28778076171875,,54.88999938964844,369.4130554199219,275.2522277832031,,32730.83984375,35598.76953125,,,46611.28125,,,954.976806640625,442.5834655761719,,,249150.9375,66340.7578125,650.9360961914062,692.5664672851562,156.68833923339844,,
2024-09-30,,8.821000099182129,,,,253.6230010986328,,17.3264102935791,,,159100.0,,1892.156982421875,2703.526611328125,,,6823.52490234375,,,412.179931640625,26434.724609375,,,483.3099670410156,155.02627563476562,,42.2285385131836,,,,36.33864974975586,6030.0,,,,,1408.324951171875,,1785.94677734375,,,,,,,,,,,,,,,,,,,,,,,,,,,,,,,,,,,,,,,,,,,,,,,,,,,,,1362.6192626953125,,,,,,,,,59008.515625,,,,,,,,,,,,,,,2706.58349609375,,,1478.7998046875,,1617.8238525390625,,,,,,,,,,,,,,,,,,13500.0,,,,17679.47265625,,,10350.4638671875,,,,,,,,,,,,,33574.734375,,,,,1361.6895751953125,,1164.69384765625,,,,2372.077880859375,,,,,,,,,,,,,,,,,,,,,,,,,,,,,,,,,,,,,,,,,,190.8854522705078,,,,,,,,,,,1522.8209228515625,,,,12710.048828125,,,,,,,,,,,,,,,,,,,,924.334716796875,,,,,,,,,,16986.162109375,,,16602.78125,,,,,,,,1435.199951171875,,,,1309.147216796875,,,8094.6552734375,,,,,,,,,,,,,52500.0,,,,,1295.699951171875,,,,,,84.58222198486328,,,,,,,,,,,,3258.0,,,,,,,,,64.65213012695312,100.08490753173828,,,70.04000091552734,1550.6302490234375,,,121.05604553222656,1018.3239135742188,,,,43.49045944213867,870.4443969726562,,,,39435.6328125,,142.66351318359375,1053.656982421875,14248.4287109375,91.7796630859375,,44.83882522583008,,273.6281433105469,2781.9833984375,,4184770.75,,,,3197.66455078125,,1763.026611328125,,1156.83349609375,,,20700000.0,,,735.7647705078125,,,3.675702571868897,98.0,,8.152032852172852,,8.151445388793945,,633.7962036132812,,,,,,30850.0,,,,6846.86376953125,,1442.1700439453125,,50.33468627929688,,,1905.300048828125,9492.2265625,,101.00132751464844,560.219482421875,,504464.4375,,,,135118.0,,,,11038.0,3089.259521484375,,,11.540246963500977,,,1462.7220458984375,,,,,480886.59375,,12575.9091796875,155.63571166992188,,,194.53941345214844,,46805.87109375,,,232.37103271484372,3293.20654296875,,,,,6621.0244140625,4.2328925132751465,,1530.4991455078125,,448.4569396972656,2092.931884765625,,142.6511688232422,2486.268310546875,,,2568.091796875,254.1226501464844,510.7739868164063,,191.25909423828125,1050.0428466796875,,,,103.5564422607422,135.7852325439453,,65.16000366210938,327.056396484375,262.6989440917969,,33360.68359375,37303.71484375,,,46902.4375,,,954.976806640625,404.6429748535156,,,243180.234375,66340.7578125,628.5380249023438,721.87109375,147.54058837890625,,
2024-10-30,,8.26200008392334,,,,250.55767822265625,,17.456357955932617,,,180792.0,,1956.7659912109373,2591.181640625,,,6590.705078125,,,430.1751098632813,26633.0546875,,,537.6265258789062,151.33827209472656,,43.1227912902832,,,,34.14071273803711,5770.0,,,,,1432.24072265625,,1962.0814208984373,,,,,,,,,,,,,,,,,,,,,,,,,,,,,,,,,,,,,,,,,,,,,,,,,,,,,1370.922607421875,,,,,,,,,59008.515625,,,,,,,,,,,,,,,2908.782958984375,,,1521.785400390625,,1617.1583251953125,,,,,,,,,,,,,,,,,,13597.0,,,,17228.5078125,,,10418.3671875,,,,,,,,,,,,,33939.32421875,,,,,1350.79833984375,,1169.551025390625,,,,,,,,,,,,,,,,,,,,,,,,,,,,,,,,,,,,,,,,,,,,,,181687.5,,,,,,,,,,,1508.1480712890625,,,,12198.7763671875,,,,,,,,,,,,,,,,,,,,916.0414428710938,,,,,,,,,,17100.994140625,,,16723.0,,,,,,,,1570.0999755859375,,,,1306.963623046875,,,8074.9150390625,,,,,,,,,,,,,52500.0,,,,,1411.800048828125,,,,,,85.63567352294922,,,,,,,,,,,,3292.300048828125,,,,,,,,,64.65213012695312,97.72894287109376,,,65.68000030517578,1517.9122314453125,,,118.2731475830078,1019.7960815429688,,,,40.33049392700195,894.9325561523438,,,,41484.0390625,,141.9694366455078,1046.0736083984375,14248.4287109375,90.03987121582031,,46.21569061279297,,289.7763061523437,2764.314697265625,,3550714.5,,,,3313.85595703125,,1732.005126953125,,1158.015380859375,,,22000000.0,,,736.1768798828125,,,3.675702571868897,82.38999938964844,,8.152032852172852,,8.151445388793945,,649.1137084960938,,,,,,37068.0,,,,6881.5556640625,,1492.210205078125,,51.35079193115234,,,1792.800048828125,9448.6171875,,101.00132751464844,570.4552001953125,,544178.0,,,,149580.0625,,,,11739.0,3072.975830078125,,,12.826930046081545,,,1489.282470703125,,,,,544621.1875,,12945.8173828125,170.2265625,,,200.38514709472656,,53590.04296875,,,285.3856506347656,3549.30224609375,,,,,7151.5791015625,4.579883575439453,,1525.571533203125,,456.0902404785156,2276.71923828125,,142.6511688232422,2459.77685546875,,,2556.6015625,261.8348999023437,543.8502807617188,,191.25909423828125,1049.94287109375,,,,102.99646759033205,138.2684326171875,,78.51000213623047,336.1617431640625,269.3602600097656,,33373.22265625,36999.72265625,,,46902.4375,,,1066.03662109375,395.446533203125,,,265825.75,66340.7578125,610.5836181640625,718.614013671875,160.8837127685547,,
2024-11-29,,8.305000305175781,,,,268.6762084960937,,17.06651496887207,,,201820.0,,1919.5242919921875,2600.210205078125,,,6725.80859375,,,428.1956176757813,26226.94921875,,,534.920166015625,155.00177001953125,,41.912391662597656,,,,33.38547134399414,5335.0,,,,,1475.2515869140625,,2017.18505859375,,,,,,,,,,,,,,,,,,,,,,,,,,,,,,,,,,,,,,,,,,,,,,,,,,,,,1378.959228515625,,,,,,,,,59218.1171875,,,,,,,,,,,,,,,3059.755859375,,,1485.573486328125,,1578.0604248046875,,,,,,,,,,,,,,,,,,13685.0,,,,15019.32421875,,,8634.0634765625,,,,,,,,,,,,,34077.21484375,,,,,1364.7042236328125,,1173.551025390625,,,,,,,,,,,,,,,,,,,,,,,,,,,,,,,,,,,,,,,,,,,,,,190087.40625,,,,,,,,,,,1535.054443359375,,,,12080.810546875,,,,,,,,,,,,,,,,,,,,937.883056640625,,,,,,,,,,17317.013671875,,,16918.2109375,,,,,,,,1628.4000244140625,,,,1298.0286865234375,,,8240.5576171875,,,,,,,,,,,,,52500.0,,,,,1482.9000244140625,,,,,,86.34841918945312,,,,,,,,,,,,3295.60009765625,,,,,,,,,73.27240753173828,96.98725128173828,,,62.81999969482422,1521.878173828125,,,122.22884368896484,992.74609375,,,,45.117801666259766,879.9337158203125,,,,40248.6953125,,148.72988891601562,1048.1015625,14159.216796875,90.47980499267578,,48.5527458190918,,306.0551452636719,2569.425537109375,,3700496.75,,,,3168.856689453125,,1693.1075439453125,,1212.5703125,,,22000000.0,,,745.3073120117188,,,5.379076957702637,70.05000305175781,,8.231672286987305,,8.231078147888184,,663.0879516601562,,,,,,53199.0,,,,6707.4580078125,,1558.8651123046875,,54.022762298583984,,,1611.5999755859375,9425.904296875,,101.00132751464844,590.0189819335938,,575936.6875,,,,155197.765625,,,,10980.0,3217.773193359375,,,13.465283393859863,,,1560.426513671875,,,,,561909.0625,,13142.453125,170.2265625,,,200.4244384765625,,41725.91015625,,,349.96978759765625,3581.155029296875,,,,,7151.5791015625,4.09389591217041,,1518.904541015625,,415.3570251464844,2140.73583984375,,142.2858428955078,2464.53369140625,,,2584.5068359375,257.0742492675781,525.8482666015625,,191.25909423828125,1044.7432861328125,,,,103.84644317626952,147.71792602539062,,72.0,330.2644958496094,265.56988525390625,,33777.37109375,37198.71484375,,,53717.20703125,,,1066.03662109375,397.6536560058594,,,304857.21875,66340.7578125,602.504150390625,730.7855834960938,173.64315795898438,,
2024-12-30,,9.097999572753906,,,,273.2377624511719,,17.06651496887207,,,221628.0,,2131.599365234375,2731.12353515625,,,6791.3369140625,,,439.3583679199219,26066.39453125,,,535.4180908203125,154.2103271484375,,42.725341796875,,,,31.74911880493164,5260.0,,,,,1485.8511962890625,,2164.783935546875,,,,,,,,,,,,,,,,,,,,,,,,,,,,,,,,,,,,,,,,,,,,,,,,,,,,,1382.2371826171875,,,,,,,,,59218.1171875,,,1111.512451171875,,,,,,,,,,,,3057.2392578125,,,1498.55419921875,,1590.2982177734375,,,,,,,,,,,,,,,,,,13770.0,,,,15236.884765625,,,8857.455078125,,,,,,,,,,,,,33281.80078125,,,,,1371.02490234375,,1178.694091796875,,,,2594.2216796875,,,,,,,,,,,,,,,,,,,,,,,,,,,,,,,,,,,,,,,,,,192982.34375,,,,,,,,,,,1551.2725830078125,,,,11985.314453125,,,,,,,,,,,,,,,,,,,,943.1637573242188,,,,,,,,,,17378.69140625,,,16977.603515625,,,,,,,,1682.199951171875,,,,1256.8475341796875,,,8465.05078125,,,,,,,,,,,,,52500.0,,,,,1477.4000244140625,,,,,,86.90826416015625,,,,,,,,,,,,3342.300048828125,,,,,,,,,73.27240753173828,98.64514923095705,,,53.5,1547.57373046875,,,122.1548843383789,1006.9527587890624,,,,47.89625549316406,906.931640625,,,,40802.4375,,156.6820526123047,1095.013671875,14478.6494140625,87.24017333984375,,52.08550262451172,,312.1157531738281,2653.197265625,,3700496.75,,,,3375.312744140625,,1660.3057861328125,,1241.7349853515625,,,22000000.0,,,789.0340576171875,,,8.068614959716797,62.209999084472656,,8.231672286987305,,8.231078147888184,,676.1695556640625,,,,,,51505.0,,,,6950.7568359375,,1534.431396484375,,52.95021057128906,,,1565.5999755859375,9235.115234375,,101.45813751220705,587.7421264648438,,577619.625,,,,158503.609375,,,,11101.0,3682.817626953125,,,13.69469165802002,,,1566.9361572265625,,,,,588825.375,,13537.6708984375,170.2265625,,,200.4735565185547,,41725.91015625,,,348.7286071777344,3640.31005859375,,,,,7239.78076171875,4.289891242980957,,1535.233642578125,,424.6028747558594,2232.165283203125,,149.39512634277344,2685.773193359375,,,2795.987548828125,258.8832702636719,529.63818359375,,191.25909423828125,1044.9556884765625,,,,106.2684555053711,149.63633728027344,,82.13999938964844,346.0691223144531,265.56988525390625,,33767.72265625,36598.734375,,,53650.1796875,,,1066.03662109375,394.5024719238281,,,303706.4375,89244.796875,596.983154296875,723.1253662109375,196.03372192382807,,
2025-01-31,,11.470000267028809,,,,292.14520263671875,,16.95389175415039,,,231372.0,,2308.027099609375,3112.139892578125,,,7418.5556640625,,,442.3636474609375,28337.759765625,,,583.3238525390625,254.6446533203125,,45.796512603759766,,,,34.382774353027344,5439.0,,,,,1566.0640869140625,,2459.981689453125,,,,,,,,,,,,,,,,,,,,,,,,,,,,,,,,,,,,,,,,,,,,,,,,,,,,,1396.0594482421875,,,,,,,,,59218.1171875,,,1111.512451171875,,,,,,,,,,,,3130.471435546875,,,1519.725830078125,,1728.9434814453125,,,,,,,,,,,,,,,,,,13886.2099609375,,,,15321.65234375,,,8645.703125,,,,,,,,,,,,,33335.12109375,,,,,1384.1527099609375,,1183.4561767578125,,,,,,,,,,,,,,,,,,,,,,,,,,,,,,,,,,,,,,,,,,,,,,194607.890625,,,,,,,,,,,1545.0162353515625,,,,11818.0556640625,,,,,,,,,,,,,,,,,,,,953.0490112304688,,,,,,,,,,17559.99609375,,,17151.15625,,,,,,,,1709.199951171875,,,,1286.7635498046875,,,8591.4375,,,,,,,,,,,,,52500.0,,,,,1506.0,,,,,,87.6650390625,,,,,,,,,,,,3593.199951171875,,,,,,,,,73.27240753173828,106.05335998535156,,,55.02000045776367,1659.7081298828125,,,131.19972229003906,1036.5147705078125,,,,55.79657745361328,979.9161987304688,,,,41499.96484375,,182.04046630859372,1165.3651123046875,14743.0390625,88.25345611572266,,53.64886093139648,,321.4560546875,2784.473388671875,,3700496.75,,,,3594.859375,,1743.6162109375,,1237.906982421875,,,22000000.0,,,869.5431518554688,,,11.376747131347656,75.0,,110.71792602539062,,110.70993041992188,,708.1790771484375,,,,,,59212.0,,,,7977.35693359375,,1897.1241455078125,,68.56806945800781,,,1644.0,10011.900390625,,101.45813751220705,600.0405883789062,,588921.375,,,,158653.25,,,,12509.0,3746.627197265625,,,14.821785926818848,,,1691.7064208984375,,,,,688564.6875,,14126.6044921875,178.00836181640625,,,228.9161376953125,,41725.91015625,,,358.0789489746094,3568.140625,,,,,7560.626953125,4.447886943817139,,1627.89453125,,486.6235046386719,2372.043212890625,,166.19276428222656,3047.457275390625,,,2994.786865234375,272.02264404296875,563.7472534179688,,191.25909423828125,1089.653564453125,,,,106.72845458984376,166.48095703125,,88.0199966430664,357.6088562011719,300.2742614746094,,35677.5234375,38748.66015625,,,53650.1796875,,,1188.1827392578125,394.59466552734375,,,303706.4375,89244.796875,680.52490234375,800.3605346679688,187.5699920654297,,
2025-02-28,,12.920000076293944,,,,294.4748840332031,,16.89324951171875,,,202630.0,,2307.2734375,3036.234130859375,,,7576.01904296875,,,435.886474609375,30599.681640625,,,638.7537231445312,256.5283203125,,46.96175003051758,,,,39.262786865234375,5325.0,,,,,1704.5272216796875,,2489.501708984375,,,,,,,,,,,,,,,,,,,,,,,,,,,,,,,,,,,,,,,,,,,,,,,,,,,,,1390.6490478515625,,,,,,,,,59430.42578125,,,1111.512451171875,,,,,,,,,,,,2935.8037109375,,,1468.7666015625,,1734.23046875,,,,,,,,,,,,,,,,,,13973.080078125,,,,15517.58203125,,,8809.365234375,,,,,,,,,,,,,34466.921875,,,,,1395.8218994140625,,1187.3609619140625,,,,,,,,,,,,,,,,,,,,,,,,,,,,,,,,,,,,,,,,,,,,,,192987.21875,,,,,,,,,,,1553.8609619140625,,,,11404.3837890625,,,,,,,,,,,,,,,,,,,,955.48828125,,,,,,,,,,17695.427734375,,,17590.462890625,,,,,,,,1587.0,,,,1336.558837890625,,,8761.837890625,,,,,,,,,,,,,52500.0,,,,,1421.199951171875,,,,,,88.14430236816406,,,,,,,,,,,,3644.800048828125,,,,,,,,,73.2896499633789,108.46167755126952,,,61.790000915527344,1611.12646484375,,,137.15341186523438,1130.6507568359375,,,,58.23167037963867,1014.9235229492188,,,,40815.06640625,,204.62384033203125,1174.4102783203125,14950.42578125,87.14353942871094,,58.387996673583984,,366.1256408691406,2734.24560546875,,3700496.75,,,,3633.513671875,,1838.4410400390625,,1326.7198486328125,,,22000000.0,,,977.3870849609376,,,11.565014839172363,70.0,,110.81756591796876,,110.80956268310548,,761.87109375,,,,,,46007.0,,,,8801.103515625,,1964.072265625,,69.62181091308594,,,1622.199951171875,10357.1376953125,,101.45813751220705,576.7459716796875,,553821.5,,,,148528.578125,,,,12800.0,3760.083740234375,,,15.360398292541504,,,1826.3778076171875,,,,,661275.9375,,15128.27734375,185.8193206787109,,,245.07781982421875,,41725.91015625,,,357.35577392578125,3640.31005859375,,,,,7703.744140625,4.399888515472412,,1671.760986328125,,486.8906555175781,2571.568603515625,,175.98377990722656,3536.26806640625,,,3028.915283203125,296.1114501953125,606.3836059570312,,191.25909423828125,1106.1529541015625,,,,106.82845306396484,170.30844116210938,,81.0,385.8590087890625,310.7822570800781,,33006.69921875,36739.734375,,,53746.63671875,,,1261.149169921875,423.9980163574219,,,304268.75,88413.2421875,668.8006591796875,841.7094116210938,195.47738647460935,,
2025-03-31,,12.699999809265137,,,,318.90887451171875,,16.4600887298584,,,180202.0,,2570.67919921875,3368.322509765625,,,7515.88427734375,,,433.9358215332031,33140.20703125,,,690.050537109375,254.8150787353516,,48.786380767822266,,,,39.7275505065918,5150.0,,,,,1781.87548828125,,2853.578857421875,,,,,,,,,,,,,,,,,,,,,,,,,,,,,,,,,,,,,,,,,,,,,,,,,,,,,1382.2371826171875,,,,,,,,,59430.42578125,,,1128.1693115234375,,,,,,,,,,,,2760.643310546875,,,1476.7496337890625,,1745.41455078125,,,,,,,,,,,,,,,,,,14065.26953125,,,,15383.65234375,,,8809.365234375,,,,,,,,,,,,,34176.984375,,,,,1402.8232421875,,1192.7896728515625,,,,2444.908447265625,,,,,,,,,,,,,,,,,,,,,,,,,,,,,,,,,,,,,,,,,,186446.796875,,,,,,,,,,,1532.820068359375,,,,11260.2333984375,,,,,,,,,,,,,,,,,,,,961.6162719726562,,,,,,,,,,17975.740234375,,,17713.978515625,,,,,,,,1449.5999755859375,,,,1346.44775390625,,,9227.0595703125,,,,,,,,,,,,,52500.0,,,,,1332.199951171875,,,,,,88.82039642333984,,,,,,,,,,,,3761.89990234375,,,,,,,,,73.2896499633789,118.33563232421876,,,57.290000915527344,1546.681396484375,,,132.6906280517578,1126.4249267578125,,,,65.16161346435547,976.9263916015624,,,,39864.953125,,270.9537353515625,1283.68310546875,15413.357421875,92.39314270019533,,57.45857620239258,,362.42962646484375,2614.739990234375,,3700496.75,,,,3826.785888671875,,2032.0579833984373,,1331.4078369140625,,,22000000.0,,,1015.1314086914062,,,11.744318962097168,71.16000366210938,,110.81756591796876,,110.80956268310548,,777.6084594726562,,,,,,45018.0,,,,9766.626953125,,2101.29150390625,,86.28400421142578,,,1510.0,11719.0107421875,,101.80895233154295,546.98291015625,,518061.09375,,,,131234.46875,,,,12299.0,3972.212158203125,,,14.84173583984375,,,1888.7630615234373,,,,,555073.125,,15330.7529296875,188.2122344970703,,,262.212158203125,,41960.68359375,,,351.3100280761719,3867.829345703125,,,,,7847.39208984375,4.497885704040527,,1826.1636962890625,,461.7102966308594,2572.389892578125,,197.5950164794922,3938.238525390625,,,3156.044677734375,346.2790222167969,634.6183471679688,,191.25909423828125,1102.5531005859375,,,,115.99832153320312,164.70294189453125,,81.06999969482422,379.7070007324219,314.300537109375,,35084.328125,37798.6953125,,,46597.90234375,,,1261.149169921875,439.8245849609375,,,304268.75,82174.328125,659.823486328125,825.5931396484375,205.48243713378903,,
2025-04-30,,11.199999809265137,,,,333.5751953125,,16.797954559326172,,,175840.0,,2823.067138671875,3842.73388671875,,,7175.18505859375,,,435.9144592285156,36576.32421875,,,690.407470703125,254.04315185546875,,54.65568923950195,,,,38.58500671386719,4870.0,,,,,1939.0137939453125,,3188.136474609375,,,,,,,,,,,,,,,,,,,,,,,,,,,,,,,,,,,,,,,,,,,,,,,,,,,,,1424.612548828125,,,,,,,,,59430.42578125,,,1128.1693115234375,,,,,,,,,,,,2752.840576171875,,,1492.69677734375,,1780.158935546875,,,,,,,,,,,,,,,,,,14166.3701171875,,,,17483.724609375,,,8858.5244140625,,,,,,,,,,,,,33729.02734375,,,,,1416.1456298828125,,1198.3135986328125,,,,2451.30908203125,,,,,,,,,,,,,,,,,,,,,,,,,,,,,,,,,,,,,,,,,,192507.796875,,,,,,,,,,,1578.0672607421875,,,,11401.453125,,,,,,,,,,,,,,,,,,,,965.7415161132812,,,,,,,,,,18065.376953125,,,17956.740234375,,,,,,,,1469.0999755859375,,,,1440.62548828125,,,9281.2880859375,,,,,,,,,,,,,,,,,,1323.4000244140625,,,,,,89.43521118164062,,,,,,,,,,,,3879.39990234375,,,,,,,,,73.2896499633789,131.06497192382812,,,47.68999862670898,1472.32177734375,,,147.0927734375,1088.4139404296875,,,,68.64946746826172,1120.91552734375,,,,37305.08203125,,264.6561584472656,1216.346923828125,15415.6220703125,92.9730987548828,,61.654781341552734,,388.6273193359375,2574.61181640625,,3814009.0,,,,4201.57958984375,,2199.936767578125,,1235.583984375,,,22000000.0,,,1014.1162719726562,,,13.842157363891602,81.0,,110.81756591796876,,110.80956268310548,,817.323974609375,,,,,,45018.0,,,,10053.291015625,,1966.7110595703125,,87.81755828857422,,,1402.5,12536.6796875,,101.80895233154295,545.6666259765625,,514038.25,,,,135740.5,,,,12269.88671875,4001.684814453125,,,14.912046432495115,,,2159.825927734375,,,,,520667.21875,,14893.6767578125,197.4628143310547,,,252.4758453369141,,41960.68359375,,,398.793212890625,3840.527099609375,,,,,8494.646484375,4.09889554977417,,2106.36865234375,,500.9454650878906,2473.767333984375,,192.99069213867188,3766.169921875,,,3394.94482421875,416.8411254882813,640.9190673828125,,207.2334747314453,1108.5528564453125,,,,118.11829376220705,173.5931396484375,,71.0,373.8357543945313,361.1735229492188,,30221.095703125,32598.875,,,44803.921875,,,1261.149169921875,487.6793823242188,,,304268.75,89893.046875,668.8006591796875,836.4548950195312,207.4798126220703,,
2025-05-30,,11.59000015258789,,,,332.7171936035156,,16.38225746154785,,,189940.0,,3125.74365234375,3817.590087890625,,,7369.73974609375,,,473.0385437011719,35600.953125,,,780.4623413085938,285.1777038574219,,53.8155632019043,,,,46.459938049316406,5050.0,,,,,1875.995849609375,,3219.3134765625,,,,,,,,,,,,,,,,,,,,,,,,,,,,,,,,,,,,,,,,,,,,,,,,,,,,,1431.6026611328125,,,,,,,,,59629.703125,,,1128.1693115234375,,,,,,,,,,,,2898.372802734375,,,1534.1142578125,,1886.120849609375,,,,,,,,,,,,,,,,,,14263.7001953125,,,,19454.505859375,,,8619.1181640625,,,,,,,,,,,,,35496.87890625,,,,,1418.1876220703125,,1202.9803466796875,,,,,,,,,,,,,,,,,,,,,,,,,,,,,,,,,,,,,,,,,,,,,,189640.859375,,,,,,,,,,,1605.1722412109375,,,,11790.98828125,,,,,,,,,,,,,,,,,,,,971.3217163085938,,,,,,,,,,18145.818359375,,,17793.126953125,,,,,,,,1604.699951171875,,,,1598.08251953125,,,10148.5439453125,,,,,,,,,,,,,,,,,,1408.0999755859375,,,,,,90.08809661865234,,,,,,,,,,,,3898.89990234375,,,,,,,,,78.55630493164062,131.2535400390625,,,55.540000915527344,1497.1260986328125,,,147.10421752929688,1091.03564453125,,,,70.63429260253906,1249.9556884765625,,,,42648.26171875,,283.0094909667969,1318.8670654296875,18350.6328125,88.2169418334961,,66.18901062011719,,411.9105224609375,2595.283935546875,,3814009.0,,,,4411.482421875,,2333.69384765625,,1350.8863525390625,,,22000000.0,,,1061.9644775390625,,,12.672191619873049,104.91000366210938,,110.91730499267578,,110.90929412841795,,831.5796508789062,,,,,,45018.0,,,,11028.0888671875,,2064.211669921875,,97.3896026611328,,,1390.9000244140625,12085.578125,,101.80895233154295,582.1366577148438,,550090.1875,,,,146708.75,,,,14273.0,4045.301025390625,,,17.95430564880371,,,1976.6531982421875,,,,,607017.75,,14034.865234375,226.6166229248047,,,266.1322021484375,,41960.68359375,,,402.5574645996094,4812.421875,,,,,8828.3818359375,3.878901481628418,,1930.525146484375,,579.3155517578125,2670.720458984375,,195.3259735107422,3883.297119140625,,,3280.51953125,416.4671630859375,714.0015258789062,,207.2334747314453,1247.9468994140625,,,,123.45821380615234,172.626953125,,75.48999786376953,349.591552734375,369.6643371582031,,27059.318359375,28265.025390625,,,44803.921875,,,1489.5853271484375,535.4386596679688,,,304269.34375,91072.921875,698.730712890625,918.8602294921876,210.91729736328125,,
2025-06-30,,10.460000038146973,,,,324.1370849609375,,16.592756271362305,,,205215.0,,2919.03076171875,3606.476806640625,,,7273.0908203125,,,473.0385437011719,38371.0,,,830.5565185546875,272.1766052246094,,56.04952621459961,,,,48.42562103271485,4798.5,,,,,1843.2264404296875,,3133.99365234375,,,,,,,,,,,,,,,,,,,,,,,,,,,,,,,,,,,,,,,,,,,,,,,,,,,,,1426.8052978515625,,,,,,,,,59629.703125,,,1178.0322265625,,,,,,,,,,,,3012.4599609375,,,1620.34814453125,,1872.77197265625,,,,,,,,,,,,,,,,,,14486.6103515625,,,,19112.658203125,,,8356.9228515625,,,,,,,,,,,,,39746.28515625,,,,,1422.21728515625,,1208.16162109375,,,,2637.576416015625,,,,,,,,,,,,,,,,,,,,,,,,,,,,,,,,,,,,,,,,,,180185.359375,,,,,,,,,,,1605.824951171875,,,,12373.421875,,,,,,,,,,,,,,,,,,,,981.2105102539062,,,,,,,,,,18352.66015625,,,17886.54296875,,,,,,,,1683.5,,,,1580.748291015625,,,10280.998046875,,,,,,,,,,,,,,,,,,1455.300048828125,,,,,,90.62774658203124,,,,,,,,,,,,3962.300048828125,,,,,,,,,78.55630493164062,132.8564910888672,,,56.66999816894531,1411.8592529296875,,,148.98277282714844,1029.7681884765625,,,,71.12565612792969,1299.953857421875,,,,44391.69140625,,277.6304626464844,1270.1949462890625,18608.1484375,90.7468490600586,,66.55565643310547,,415.1082763671875,2819.48193359375,,3814009.0,,,,4837.15234375,,2099.147216796875,,1406.849609375,,,22000000.0,,,1059.7293701171875,,,13.070932388305664,105.01000213623048,,110.91730499267578,,110.90929412841795,,813.5224609375,,,,,,56618.0,,,,10286.7451171875,,2067.75634765625,,86.51984405517578,,,1464.4000244140625,12180.9482421875,,102.1880111694336,610.749755859375,,562287.25,,,,161593.515625,,,,15000.0,4290.67333984375,,,18.812122344970703,,,2017.908203125,,,,,689996.875,,13724.3212890625,226.6166229248047,,,258.48858642578125,,41960.68359375,,,387.35687255859375,4645.2236328125,,,,,8507.1640625,5.1998677253723145,,1935.4500732421875,,557.91455078125,2662.6943359375,,193.8544769287109,3875.542236328125,,,3313.197509765625,417.39361572265625,730.7335205078125,,216.18724060058597,1299.9510498046875,,,,119.4982681274414,158.4865264892578,,71.94999694824219,349.3166198730469,345.1019592285156,,30490.203125,33198.85546875,,,50950.5390625,,,1489.5853271484375,583.2456665039062,,,324075.5625,90592.0546875,682.9356689453125,981.9994506835938,201.4443359375,,
2025-07-31,,9.600000381469728,,,,305.1655578613281,,17.819137573242188,,,228116.0,,2825.232666015625,3541.008056640625,,,6960.689453125,,,473.0385437011719,37649.23046875,,,790.0977172851562,261.619873046875,,53.63417434692383,,,,49.7134895324707,4630.0,,,,,1842.0631103515625,,2896.719482421875,,,,,,,,,,,,,,,,,,,,,,,,,,,,,,,,,,,,,,,,,,,,,,,,,,,,,1430.7935791015625,,,,,,,,,59629.703125,,,1178.0322265625,,,,,,,,,,,,3230.643798828125,,,1713.151611328125,,1967.9774169921875,,,,,,,,,,,,,,,,,,14465.0,,,,18814.439453125,,,8096.662109375,,,,,,,,,,,,,36721.78515625,,,,,1430.290771484375,,1212.9532470703125,,,,2782.809814453125,,,,,,,,,,,,,,,,,,,,,,,,,,,,,,,,,,,,,,,,,,190701.328125,,,,,,,,,,,1616.8604736328125,,,,13155.1201171875,,,,,,,,,,,,,,,,,,,,977.8309936523438,,,,,,,,,,18555.541015625,,,18059.68359375,,,,,,,,1815.0999755859373,,,,1481.0589599609375,,,10206.6689453125,,,,,,,,,,,,,,,,,,1568.800048828125,,,,,,91.38048553466795,,,,,,,,,,,,3915.199951171875,,,,,,,,,78.55630493164062,126.33153533935548,,,56.31999969482422,1358.4188232421875,,,143.10853576660156,987.783447265625,,,,74.56524658203125,1188.9578857421875,,,,47149.55859375,,272.7395324707031,1207.2794189453125,18446.955078125,96.99663543701172,,60.11042785644531,,410.3486328125,3002.899169921875,,3814009.0,,,,4739.431640625,,2025.0850830078125,,1331.1917724609375,,,22000000.0,,,1040.1964111328125,,,11.670475959777832,98.98999786376952,,180.0087432861328,,179.99574279785156,,784.2318725585938,,,,,,64734.0,,,,10246.46484375,,2464.765625,,90.1625747680664,,,1322.0,12135.6240234375,,102.1880111694336,628.91845703125,,616356.0,,,,179336.421875,,,,16740.0,4410.25146484375,,,21.21600341796875,,,1994.611328125,,,,,757552.5625,,13628.91796875,202.28631591796875,,,244.6258850097656,,41960.68359375,,,427.18505859375,4715.9833984375,,,,,10158.4150390625,5.331669807434082,,1954.1641845703125,,534.310791015625,2502.26025390625,,180.4234619140625,3555.74267578125,,,3403.879150390625,397.6004333496094,703.2130737304688,,216.18724060058597,1270.751953125,,,,117.9482879638672,146.05435180664062,,68.27999877929688,316.3822326660156,368.71673583984375,,33426.27734375,35768.765625,,,50950.5390625,,,1489.5853271484375,607.1490478515625,,,342699.1875,94576.8359375,694.4712524414062,887.8896484375,212.54725646972656,,
2025-08-29,,10.100000381469728,,,,326.0437927246094,,19.21940803527832,,,220700.0,,2998.984619140625,3633.99267578125,,,7749.01416015625,,,519.40576171875,38137.88671875,,,848.081298828125,279.9091186523437,,55.467166900634766,,,,51.32089614868164,5198.0,,,,,1900.1365966796875,,3029.0986328125,,,,,,,,,,,,,,,,,,,,,,,,,,,,,,,,,,,,,,,,,,1003.7000122070312,,,,,,,,,,,1437.473876953125,,,,,,,,,59629.703125,,,1201.5899658203125,,,,,,,,,,,,3254.122802734375,,,1735.8287353515625,,1978.24365234375,,,,,,,,,,,,,,,,,,14545.6103515625,,,,19786.4453125,,,7533.00390625,,,,,,,,,,,,,37550.01171875,,,,,1438.955078125,,1217.255859375,,,,,,,,,,,,,,,,,,,,,,,,,,,,,,,,,,,,,,,,,,,,,,189018.296875,,,,,,,,,,,1591.049072265625,,,,13692.462890625,,,,,,,,,,,,,,,,,,,,991.466064453125,,,,,,,,,,18673.494140625,,,18222.443359375,,,,,,,,1806.199951171875,,,,1554.6641845703125,,,10714.0576171875,,,,,,,,,,,,,,,,,,1577.0,,,,,,92.02323150634766,,,,,,,,,,,,4289.60009765625,,,,,,,,,78.55630493164062,130.63121032714844,,,57.619998931884766,1503.074951171875,,,144.59945678710938,1061.9691162109375,,,,75.97320556640625,1212.0570068359375,,,,47860.6015625,,316.21112060546875,1292.07861328125,19650.203125,100.49651336669922,,65.4171371459961,,410.662841796875,3149.6708984375,,3892792.0,,,,5377.544921875,,2030.4803466796875,,1352.309814453125,,,22000000.0,,,1079.5538330078125,,,13.90731716156006,117.04000091552734,,173.9600067138672,,173.9474639892578,,812.572021484375,,,,,,59712.0,,,,12187.5771484375,,2658.74072265625,,108.11327362060548,,,1446.9000244140625,13031.7265625,,138.19654846191406,638.8107299804688,,617856.75,,,,176075.234375,,,,18975.0,5248.39599609375,,,24.278209686279297,,,2203.60498046875,,,,,726166.8125,,13628.91796875,241.3330078125,,,256.5924072265625,,65208.8828125,,,395.1280212402344,4769.5283203125,,,,,10647.263671875,5.972847938537598,,2206.93115234375,,624.212646484375,2646.07470703125,,190.72401428222656,3686.2841796875,,,3616.922607421875,445.8529357910156,864.0595703125,,216.18724060058597,1321.1502685546875,,,,118.49828338623048,156.8257293701172,,90.0,341.3923645019531,347.5038146972656,,40901.4921875,44093.4765625,,,50950.5390625,,,1488.3748779296875,607.1873168945312,,,329212.53125,93964.3125,681.038330078125,945.8717651367188,225.45274353027344,,
2025-09-30,,9.184000015258787,,,,347.970703125,,20.13461685180664,,,211233.0,,3079.3154296875,3594.142333984375,,,8061.41552734375,,,540.143798828125,41453.16796875,,,901.3892822265624,294.09832763671875,,60.79430770874024,,,,59.06744766235352,5244.7998046875,,,,,2084.730712890625,,2703.9345703125,,,,,,,,,,,,,,,,,,,,,,,,,,,,,,,,,,,,,,,,,,1013.5,,,,,,,,,,,1400.8814697265625,,,,,,,,,59840.51953125,,,1210.989990234375,,,,,,,,,,,,3327.86328125,,,1847.98388671875,,1999.324462890625,,,,,,,,,,,,,,,,,,14640.7099609375,,,,21632.208984375,,,7533.00390625,,,,,,,,,,,,,37092.703125,,,,,1446.733154296875,,1221.7540283203125,,,,2926.017822265625,,,,,,,,,,,,,,,,,,,,,,,,,,,,,,,,,,,,,,,,,,188976.34375,,,,,,,,,,,1587.6400146484375,,,,13934.6142578125,,,,,,,,,,,,,,,,,,,,988.5442504882812,,,,,,,,,,18824.283203125,,,18302.181640625,,,,,,,,1886.0,,,,1634.6201171875,,,11177.888671875,,,,,,,,,,,,,,,,,,1617.199951171875,,,,,,92.69960021972656,,,,,,,,,,,,4304.7001953125,,,,,,,,,83.15769958496094,137.6559295654297,,,84.9800033569336,1405.4146728515625,,,154.05189514160156,1005.63427734375,,,,84.57215881347656,1389.95068359375,,,,50503.72265625,,373.8478393554688,1310.8494873046875,20444.388671875,96.99663543701172,,71.78516387939453,,428.8143005371094,3185.37744140625,,3892792.0,,,,5570.05419921875,,2206.66015625,,1512.107421875,,,22000000.0,,,1210.355712890625,,,16.688779830932617,119.0,,173.9600067138672,,173.9474639892578,,873.3961791992188,,,,,,62206.0,,,,12466.66015625,,2806.24072265625,,112.00924682617188,,,1644.0,13975.0419921875,,139.01463317871094,657.4270629882812,,635077.1875,,,,186284.203125,,,,15997.0,5926.7646484375,,,21.794530868530277,,,2553.4453125,,,,,707809.375,,13634.759765625,275.80914306640625,,,247.5831298828125,,73202.265625,,,401.9879760742188,4490.388671875,,,,,10647.263671875,5.925849437713623,,2408.82080078125,,674.8565063476562,2822.5615234375,,203.0115509033203,3706.318115234375,,,3857.832763671875,451.6432189941406,912.1173706054688,,217.133056640625,1399.953369140625,,,,122.99821472167967,154.15199279785156,,113.87999725341795,359.6687927246094,345.3177795410156,,38553.7890625,41483.56640625,,,55812.1015625,,,1480.275390625,625.84814453125,,,323468.6875,97894.578125,637.5994873046875,980.2212524414062,240.7168731689453,,
2025-10-30,,8.984999656677246,,,,342.2506103515625,,26.541088104248047,,,218239.0,,3236.715087890625,4065.682373046875,,,7581.87939453125,,,586.5819702148438,47256.609375,,,1077.4993896484375,320.6946716308594,,65.08084106445312,,,,60.0357666015625,6300.0,,,,,2166.847900390625,,2889.799072265625,,,,,,,,,,,,,,,,,,,,,,,,,,,,,,,,,,,,,,,,,,1022.5999755859376,,,,,,,,,,,1463.59716796875,,,,,,,,,59840.51953125,,,1210.989990234375,,,,,,,,,,,,3385.027099609375,,,1902.2906494140625,,2042.09228515625,,,,,,,,,,,,,,,,,,14728.400390625,,,,23346.009765625,,,7351.75146484375,,,,,,,,,,,,,36877.0546875,,,,,1452.34521484375,,1226.252197265625,,,,,,,,,,,,,,,,,,,,,,,,,,,,,,,,,,,,,,,,,,,,,,189229.375,,,,,,,,,,,1602.250244140625,,,,14207.720703125,,,,,,,,,,,,,,,,,,,,1005.15966796875,,,,,,,,,,19047.44921875,,,18713.759765625,,,,,,,,1949.699951171875,,,,1687.4888916015625,,,11556.77734375,,,,,,,,,,,,,,,,,,1635.800048828125,,,,,,93.3127899169922,,,,,,,,,,,,4507.89990234375,,,,,,,,,101.63719177246094,153.8834686279297,,,78.98999786376953,1348.4049072265625,,,140.8423309326172,981.7815551757812,,,,112.0793685913086,1356.451904296875,,,,51651.19921875,,375.2633361816406,1311.1324462890625,20149.515625,88.99691009521484,,69.46951293945312,,447.3354187011719,4215.9736328125,,3892792.0,,,,5826.5908203125,,2135.246337890625,,1460.299560546875,,,22000000.0,,,1440.286376953125,,,18.886720657348636,130.0,,173.9600067138672,,173.9474639892578,,902.8483276367188,,,,,,58597.0,,,,14385.7138671875,,2658.5439453125,,115.5545883178711,,,2024.0,16169.5009765625,,139.01463317871094,681.8765258789062,,640755.625,,,,197438.296875,,,,17000.0,5955.798828125,,,21.42546844482422,,,2607.46044921875,,,,,633373.625,,13491.6552734375,269.9754333496094,,,257.4078369140625,,71357.84375,,,446.275634765625,4470.0361328125,,,,,11017.603515625,6.2028422355651855,,2602.793212890625,,734.9281616210938,2829.23291015625,,229.9110565185547,4046.705078125,,,3912.296142578125,439.0975646972656,1015.098388671875,,217.0880126953125,1365.0546875,,,,124.9981918334961,146.93032836914062,,157.8699951171875,335.8701477050781,364.457275390625,,40993.125,45417.43359375,,,55812.1015625,,,1521.5386962890625,639.7481689453125,,,319330.25,103233.734375,630.8545532226562,981.6251831054688,284.0067749023437,,
2025-11-28,,9.8100004196167,,,,356.45928955078125,,27.54781913757324,,,216521.0,,3384.881591796875,4049.388916015625,,,7536.9716796875,,,590.2662963867188,52570.41796875,,,1199.50732421875,352.03375244140625,,66.4937744140625,,,,64.82894134521484,6468.0,,,,,2396.609619140625,,2884.85595703125,,,,,,,,,,,,,,,,,,,,,,,,,,,,,,,,,,,,,,,,,,1013.7999877929688,,,,,,,,,,,1465.6910400390625,,,,,,,,,59840.51953125,,,1210.989990234375,,,,,,,,,,,,3304.728271484375,,,1817.9775390625,,1979.927490234375,,,,,,,,,,,,,,,,,,14807.9296875,,,,24392.98046875,,,9041.7431640625,,,,,,,,,,,,,37260.453125,,,,,1455.5943603515625,,1230.4571533203125,,,,,,,,,,,,,,,,,,,,,,,,,,,,,,,,,,,,,,,,,,,,,,187835.65625,,,,,,,,,,,1616.529296875,,,,14158.7275390625,,,,,,,,,,,,,,,,,,,,1009.8052368164062,,,,,,,,,,19218.091796875,,,18822.1015625,,,,,,,,1876.5,,,,1825.2017822265625,,,12594.234375,,,,,,,,,,,,,,,,,,1601.5999755859375,,,,,,93.87197875976562,,,,,,,,,,,,4847.7001953125,,,,,,,,,101.72958374023438,165.10414123535156,,,77.29000091552734,1285.64453125,,,144.12237548828125,996.09326171875,,,,152.39053344726562,1349.8521728515625,,,,49468.05078125,,453.9476013183594,1370.40478515625,22016.326171875,90.09687042236328,,69.8361587524414,,455.8196716308594,4487.869140625,,3987738.25,,,,5910.3203125,,2138.808837890625,,1487.0283203125,,,22000000.0,,,1442.7537841796875,,,19.16875648498535,138.97999572753906,,205.20391845703125,,205.18911743164065,,954.3682861328124,,,,,,48450.0,,,,15507.7998046875,,2617.484130859375,,144.4724578857422,,,1898.800048828125,16902.24609375,,139.01463317871094,676.5101928710938,,630744.0,,,,183272.71875,,,,17177.0,6453.10009765625,,,22.253360748291016,,,3142.701904296875,,,,,600035.6875,,13534.4892578125,310.1966552734375,,,263.6956787109375,,83086.5703125,,,522.7868041992188,4269.740234375,,,,,11017.603515625,7.88979959487915,,2968.965576171875,,824.7615356445312,2815.632080078125,,289.7272644042969,4775.8564453125,,,4184.61376953125,439.0975646972656,1113.175537109375,,217.0880126953125,1593.6468505859375,,,,141.70794677734375,149.11082458496094,,154.72000122070312,342.4010009765625,359.12823486328125,,52115.28125,59997.9296875,,,56121.0625,,,1435.3182373046875,634.9015502929688,,,309002.5,94480.890625,629.0615844726562,995.6810302734376,353.6541748046875,,
2025-12-30,,12.239999771118164,,,,358.47021484375,,30.03032684326172,,,212300.0,,3446.81884765625,4065.642333984375,,,7909.048828125,,,630.803466796875,56961.52734375,,,1182.31005859375,363.2527160644531,,67.87806701660156,,,,75.52886962890625,7420.0,,,,,2317.05419921875,,2862.1171875,,,,,,,,,,,,,,,,,,,,,,,,,,,,,,,,,,,,,,,,,,1014.5,,,,,,,,,,,1445.7496337890625,,,,,,,,,60036.21484375,,,1250.0400390625,,,,,,,,,,,,3284.169677734375,,,1824.037841796875,,1989.2314453125,,,,,,,,,,,,,,,,,,14911.0,,,,25063.69921875,,,10652.2119140625,,,,,,,,,,,,,37349.94921875,,,,,1455.495849609375,,1235.6397705078125,,,,2829.927978515625,,,,,,,,,,,,,,,,,,,,,,,,,,,,,,,,,,,,,,,,,,183998.390625,,,,,,,,,,,1626.6005859375,,,,14384.771484375,,,,,,,,,,,,,,,,,,,,1012.3959350585938,,,,,,,,,,19310.17578125,,,19107.724609375,,,,,,,,1842.9000244140625,,,,2049.76025390625,,,14454.98046875,,,,,,,,,,,,,,,,,,1581.699951171875,,,,,,94.6470947265625,,,,,,,,,,,,4996.60009765625,,,,,,,,,101.72958374023438,164.0669403076172,,,83.91000366210938,1401.944580078125,,,143.15272521972656,982.80126953125,,,,166.6268310546875,1346.9522705078125,,,,49379.8203125,,447.1042175292969,1533.212890625,23097.53515625,85.65702819824219,,71.38957214355469,,469.49798583984375,4522.30810546875,,3987738.25,,,,6190.0751953125,,2296.9794921875,,1700.63671875,,,22000000.0,,,1502.36669921875,,,18.28374481201172,122.5199966430664,,205.20391845703125,,205.18911743164065,,993.8505249023438,,,74000.0,,,46810.0,,,,17455.625,,2826.0322265625,,161.68292236328125,,,2071.89990234375,18837.978515625,,139.49740600585938,685.2548217773438,,619893.0625,,,,183332.140625,,,,16000.0,7898.4248046875,,,24.32877540588379,,,3129.051025390625,,,,,602179.25,,13910.2578125,365.4471130371094,,,281.9794921875,,94102.59375,,,574.8900146484375,4610.79443359375,,,,,11304.490234375,9.159767150878906,,2959.069091796875,,796.6054077148438,2709.06103515625,,277.5775146484375,5018.015625,,,4026.9306640625,404.83831787109375,1176.9256591796875,,221.82611083984372,1588.0570068359375,,,,143.0,151.9747314453125,,137.32000732421875,337.8697814941406,361.2298278808594,,58396.39453125,63797.80078125,,,56187.9765625,,,1435.3182373046875,631.162841796875,,,314354.125,101298.734375,621.3680419921875,1032.751220703125,376.8667907714844,,
2026-01-30,,15.399999618530272,,,,374.0136413574219,,31.412675857543945,,,208620.0,,3627.680908203125,4422.01220703125,,,8422.1767578125,,,739.3648071289062,63392.1328125,,,1367.962158203125,429.0666809082031,,73.40569305419922,,,,92.73589324951172,8250.0,,,,,2784.34326171875,,2891.7763671875,,,,,,,,,,,,,,,,,,,,,,,,,,,,,,,,,,,,,,,,,,1007.7999877929688,,,,,,,,,,,1492.6517333984375,,,,,,,,,60036.21484375,,,1250.0400390625,,,,,,,,,,,,3113.553466796875,,,1880.3712158203125,,1946.5115966796875,,,,,,,,,,,,,,,,,,14978.3896484375,,,,26213.490234375,,,10682.0185546875,,,,,,,,,,,,,35942.98046875,,,,,1452.8375244140625,,1239.9425048828125,,,,,,,,,,,,,,,,,,,,,,,,,,,,,,,,,,,,,,,,,,,,,,179998.421875,,,,,,,,,,,1616.8604736328125,,,,14680.3486328125,,,,,,,,,,,,,,,,,,,,1021.5802001953124,,,,,,,,,,19706.177734375,,,19060.49609375,,,,,,,,1774.0,,,,2004.2352294921875,,,16337.9375,,,,,,,,,,,,,,,,,,1529.5,,,,,,95.77222442626952,,,,,,,,,,,,5420.5,,,,,,,,,109.79588317871094,187.63034057617188,,,84.0,1297.8397216796875,,,143.9280242919922,955.1102294921876,,,,158.65267944335938,1549.5450439453125,,,,51616.98828125,,454.70904541015625,1476.963134765625,23728.56640625,82.5080337524414,,71.54466247558594,,473.326416015625,4511.7265625,,3987738.25,,,,6682.60205078125,,2448.234375,,1740.55322265625,,,22000000.0,,,1490.4000244140625,,,18.28374481201172,127.0,,224.1656188964844,,224.1494598388672,,1076.6229248046875,,,77978.0,,,40775.0,,,,20906.279296875,,2751.593017578125,,202.99972534179688,,,2214.0,22473.37890625,,139.49740600585938,688.3490600585938,,597317.1875,,,,172848.328125,,,,13195.0,7957.65869140625,,,28.27883720397949,,,3731.95849609375,,,,,626998.1875,,13026.3251953125,358.21697998046875,,,339.935546875,,103514.25,,,641.8800048828125,4741.4716796875,,,,,11823.1669921875,10.19974136352539,,3676.569091796875,,851.7330932617188,2685.218505859375,,292.12872314453125,5480.1845703125,,,4160.2421875,424.1393127441406,1411.3299560546875,,221.82611083984372,1699.85400390625,,,,137.89999389648438,161.75152587890625,,160.08999633789062,330.0091247558594,357.4582214355469,,63364.7578125,67697.6640625,,,56187.9765625,,,1441.552001953125,631.4735717773438,,,281821.125,98685.2265625,744.6929931640625,1025.510986328125,408.305908203125,,
2026-02-27,,14.199999809265137,,,,358.47021484375,,26.49342155456543,,,180016.0,,3520.15966796875,4051.19091796875,,,7875.07470703125,,,714.873779296875,58319.2421875,,,1320.18115234375,397.0946044921875,,71.60133361816406,,,,84.6697998046875,7107.0,,,,,2516.04248046875,,2696.420654296875,,,,,,,,,,,,,,,,,,,,,,,,,,,,,,,,,,,,,,,,,,1008.2000122070312,,,,,,,,,,,1499.581298828125,,,,,,,,,60224.58984375,,,1250.0400390625,,,,,,,,,,,,3074.411865234375,,,2000.888916015625,,2030.344482421875,,,,,,,,,,,,,,,,,,15140.330078125,,,,25291.6796875,,,10682.0185546875,,,,,,,,,,,,,37097.23046875,,,,,1465.932373046875,,1244.3428955078125,,,,,,,,,,,,,,,,,,,,,,,,,,,,,,,,,,,,,,,,,,,,,,183858.390625,,,,,,,,,,,1616.8604736328125,,,,14808.4326171875,,,,,,,,,,,,,,,,,,,,1025.339599609375,,,,,,,,,,19899.763671875,,,19405.00390625,,,,,,,,1736.0,,,,2001.23828125,,,15312.7626953125,,,,,,,,,,,,,,,,,,1517.300048828125,,,,,,95.85203552246094,,,,,,,,,,,,5191.5,,,,,,,,,109.79588317871094,169.7244110107422,,,81.81999969482422,1281.9761962890625,,,144.47471618652344,896.5065307617188,,,,148.25540161132812,1494.947021484375,,,,53959.59765625,,451.0188903808594,1533.883544921875,23429.7578125,78.49813079833984,,70.48330688476562,,474.42095947265625,3746.84912109375,,3987738.25,,,,6383.14599609375,,2385.7958984375,,1525.3507080078125,,,22000000.0,,,1400.5,,,18.672761917114254,128.0,,250.59036254882807,,250.57229614257807,,1010.4439086914062,,,84146.0,,,32600.0,,,,19420.71484375,,2496.96337890625,,183.11077880859372,,,1908.0,19735.025390625,,139.49740600585938,687.7044677734375,,596577.1875,,,,165374.890625,,,,14645.0,7960.12255859375,,,24.498350143432617,,,4044.2646484375,,,,,562806.375,,12071.328125,374.3124084472656,,,325.1984558105469,,95467.5546875,,,650.0,4626.962890625,,,,,11589.4775390625,10.149742126464844,,4102.12060546875,,842.1878051757812,2778.482177734375,,277.0972900390625,4890.45166015625,,,4036.12451171875,422.6917419433594,1302.3663330078125,,238.7337646484375,1864.949462890625,,,,138.5500030517578,152.08335876464844,,136.0,295.7296447753906,368.71673583984375,,59464.140625,66697.703125,,,56187.9765625,,,1461.1297607421875,602.0225830078125,,,263344.34375,114885.0,746.9317626953125,1036.8056640625,385.0837097167969,,
2026-03-31,,11.979999542236328,,,,343.89825439453125,,24.129127502441406,,,192000.0,,3256.669189453125,3770.642578125,,,7574.6767578125,,,714.9125366210938,58522.1171875,,,1221.3946533203125,372.01751708984375,,73.22429656982422,,,,79.40214538574219,6940.0,,,,,2400.48779296875,,2500.07666015625,,,,,,,,,,,,,,,,,,,,,,,,,,,,,,,,,,,,,,,,,,1018.2000122070312,,,,,,,,,,,1493.479248046875,,,,,,,,,60224.58984375,,,1293.3800048828125,,,,,,,,,,,,3115.333251953125,,,1896.9288330078125,,1934.619384765625,,,,,,,,,,,,,,,,,,15181.400390625,,,,24247.701171875,,,10552.45703125,,,,,,,,,,,,,35100.78125,,,,,1495.9619140625,,1248.7432861328125,,,,2842.18359375,,,,,1018.7999877929688,,,,,,,,,,,,,,,,,,,,,,,,,,,,,,,,,,,,,192678.9375,,,,,,,,,,,1622.7044677734375,,,,14483.296875,,,,,,,,,,,,,,,,,,,,1031.3779296875,,,,,,,,,,19894.9609375,,,19112.87890625,,,,,,,,1740.199951171875,,,,2085.084228515625,,,15197.578125,,,,,,,,,,,,,,,,,,1525.5,,,,,,96.51534271240234,,,,,,,,,,,,4957.2998046875,,,,,,,,,109.79588317871094,168.1199951171875,,,71.55000305175781,1249.2574462890625,,,129.21714782714844,852.869873046875,,,,131.66993713378906,1489.9471435546875,,,,51001.24609375,,465.6721496582031,1514.0477294921875,23686.30078125,79.29811096191406,,68.97811889648438,,485.8904418945313,3530.498046875,,3987738.25,,,,5670.0,,2271.292724609375,,1481.797119140625,,,22000000.0,,,1442.699951171875,,,17.418184280395508,129.16000366210938,,250.59036254882807,,250.57229614257807,,985.50537109375,,,78563.0,,,37400.0,,,,18605.5234375,,2412.382568359375,,198.69467163085935,,,1889.699951171875,18176.99609375,,139.82225036621094,640.880859375,,602910.625,,,,164017.15625,,,,13200.0,7851.521484375,,,22.752742767333984,,,3912.060791015625,,,,,512799.0,,12330.27734375,354.6117553710937,,,320.6692810058594,,95696.71875,,,602.6199951171875,4805.76416015625,,,,,12332.3447265625,10.86972427368164,,3740.896728515625,,827.2579956054688,2688.61865234375,,266.1286315917969,4799.16943359375,,,3967.170166015625,372.5381164550781,1196.541015625,,221.82611083984372,1754.9525146484375,,,,150.0,129.36961364746094,,126.13999938964844,298.30059814453125,364.78564453125,,64890.671875,74947.4140625,,,56221.33984375,,,1441.552001953125,630.3583374023438,,,277113.9375,113962.8671875,763.3340454101562,985.3515625,369.3305969238281,,
2026-04-30,,12.350000381469728,,,,340.489990234375,,24.51999855041504,,,236516.0,,3360.07373046875,4040.978515625,,,7969.57763671875,,,732.510009765625,60800.0,,,1256.8720703125,393.1309509277344,,71.94999694824219,,,,83.00428771972656,7015.0,,,,,2712.8427734375,,2249.159423828125,,,,,,,,,,,,,,,,,,,,,,,,,,,,,,,,,,,,,,,,,,1047.0999755859375,,,,,,,,,,,1507.56787109375,,,,,,,,,60224.58984375,,,1293.3800048828125,,,,,,,,,,,,3377.5546875,,,2101.730224609375,,1992.435546875,,,,,,,,,,,,,,,,,,15268.830078125,,,,26116.4921875,,,9766.9287109375,,,,,,,,,,,,,34843.33984375,,,,,1508.8597412109375,,1253.143798828125,,,,,,,,,1045.5999755859375,,,,,,,,,,,,,,,,,,,,,,,,,,,,,,,,,,,,,192998.3125,,,,,,,,,,,1626.6005859375,,,,14076.0634765625,,,,,,,,,,,,,,,,,,,,1026.9757080078125,,,,,,,,,,20282.279296875,,,19307.5078125,,,,,,,,1968.4000244140625,,,,2289.079345703125,,,15660.5556640625,,,,,,,,,,,,,,,,,,1643.5,,,,,,97.26555633544922,,,,,,,,,,,,5130.89990234375,,,,,,,,,109.86056518554688,168.67999267578125,,,67.0,1106.5843505859375,,,133.19305419921875,855.92724609375,,,,129.92259216308594,1720.43896484375,,,,57296.9453125,,479.42724609375,1607.4779052734375,24128.609375,83.99800109863281,,77.96100616455078,,520.4111328125,3560.0,,4100000.0,,,,5450.0,,2201.800048828125,,1508.6143798828125,,,22000000.0,,,1430.4000244140625,,,15.648163795471191,137.32000732421875,,252.75830078125,,252.74005126953125,,980.0,,,78910.0,,,38590.0,,,,20120.818359375,,2607.6376953125,,194.75,,,2068.0,18400.0,,139.82225036621094,714.0973510742188,,642418.375,,,,195345.328125,,,,11731.4384765625,7849.60400390625,,,21.346281051635746,,,4435.951171875,,,,,557205.9375,,11928.2236328125,354.6117553710937,,,342.17559814453125,,106122.7890625,,,589.97998046875,5148.89990234375,,,,,12453.0,12.139793395996094,,4020.0,,802.7828979492188,2576.896484375,,270.4700012207031,5431.32861328125,,,4045.318359375,368.4559326171875,1391.5,,250.0,1699.9810791015625,,,,147.0,136.4077911376953,,120.69000244140624,289.510009765625,375.27484130859375,,68080.4140625,82752.1484375,,,56221.33984375,,,1443.5,630.3583374023438,,,302181.59375,116171.4375,739.02001953125,978.8836059570312,354.5937805175781,,
2026-05-29,,11.5,,,,335.0,,26.600000381469727,,,241465.0,,3440.2509765625,4446.2861328125,,,8085.7998046875,,,745.0,60051.0,,,1244.9207763671875,387.3900146484375,,70.0,,,,84.55000305175781,6849.0,,,,,2428.0,,2099.0,,,,,,,,,,,,,,,,,,,,,,,,,,,,,,,,,,,,,,,,,,1066.0,,,,,,,,,,,1480.64697265625,,,,,,,,,60432.51953125,,,1326.68994140625,,,,,,,,,,,,3528.172119140625,,,2228.28857421875,,2037.2047119140625,,,,,,,,,,,,,,,,,,15347.849609375,,,,25679.841796875,,,9567.6044921875,,,,,,,,,,,,,37296.453125,,,,,1510.43505859375,,1256.95751953125,,,,,,,,,995.7000122070312,,,,,,,,,,,,,,,,,,,,,,,,,,,,,,,,,,,,,192173.3125,,,,,,,,,,,1670.0,,,,13754.9658203125,,,,,,,,,,,,,,,,,,,,1041.428955078125,,,,,,,,,,20204.275390625,,,19515.80859375,,,,,,,,2148.5,,,,2176.1328125,,,16386.0,,,,,,,,,,,,,111072.0,,,,,1711.199951171875,,,,,,98.32260131835938,,,,,,,,,,,,5061.10009765625,,,,,,,,,119.45999908447266,167.66000366210938,,,60.18000030517578,1066.0,,,133.60000610351562,894.0,,,,116.5999984741211,1850.0,,,,60648.21875,,551.0,1650.0,25099.7890625,78.0,,77.30000305175781,,539.5999755859375,3600.0,,4100000.0,,,,5700.0,,2081.10009765625,,1477.89697265625,,,22000000.0,,,1371.699951171875,,,16.09000015258789,137.0,,252.8782501220703,,252.8600006103516,,955.0,,,76072.0,,,37152.0,,,,23300.0,,2700.0,,199.69000244140625,,,1952.800048828125,18000.0,,139.82225036621094,756.9553833007812,,675278.0,,,,205803.046875,,,,11193.0,8170.87451171875,,,24.100000381469727,,,3850.53173828125,,,,,545908.9375,,11550.0,355.9800109863281,,,330.0,,106355.0390625,,,623.3400268554688,5133.2998046875,,,,,12441.0,11.789798736572266,,3900.0,,835.030029296875,2662.60009765625,,276.9100036621094,5248.4033203125,,,3900.0,384.5400085449219,1374.0,,250.0,1644.681640625,,,,157.39999389648438,144.8080596923828,,118.0,284.0,378.9800109863281,,66926.625,76198.328125,,,56221.33984375,,,1482.0,630.3583374023438,,,302778.625,105389.765625,761.0599975585938,1033.0999755859375,445.1300048828125,,
2026-06-30,,10.420000076293944,,,,330.1099853515625,,26.709999084472656,,,221395.0,,3560.842041015625,4535.2119140625,,,7530.7001953125,,,768.27001953125,60569.0,,,1230.5792236328125,374.6700134277344,,75.5,,,,79.0,6500.0,,,,,2362.0,,2130.0,,,,,,,,,,,,,,,,,,,,,,,,,,,,,,,,,,,,,,,,,,1075.300048828125,,,,,,,,,,,1500.0,,,,,,,,,60432.51953125,,,1308.72998046875,,,,,,,,,,,,3584.300048828125,,,2314.97998046875,,2129.969970703125,,,,,,,,,,,,,,,,,,15453.1904296875,,,,24644.802734375,,,8859.9501953125,,,,,,,,,,,,,37134.8671875,,,,,1508.300048828125,,1262.4000244140625,,,,3217.009521484375,,,,,1004.9000244140624,,,,,,,,,,,,,,,,,,,,,,,,,,,,,,,,,,,,,200000.0,,,,,,,,,,,1694.989990234375,,,,13448.193359375,,,,,,,,,,,,,,,,,,,,1046.0899658203125,,,,,,,,,,20804.90234375,,,20045.970703125,,,,,,,,2229.800048828125,,,,2158.340087890625,,,15816.98046875,,,,,,,,,,,,,112600.0,,,,,1751.5,,,,,,98.51374816894533,,,,,,,,,,,,5007.5,,,,,,,,,126.72000122070312,180.5,,,58.209999084472656,1026.0,,,133.0,860.0,,,,102.83000183105467,1800.0,,,,63266.0,,589.8800048828125,1600.0999755859375,24837.791015625,82.5999984741211,,81.0,,533.22998046875,3600.0,,4100000.0,,,,5756.0,,1982.699951171875,,1442.2962646484375,,,22000000.0,,,1313.9000244140625,,,14.390000343322754,126.83999633789062,,252.8782501220703,,252.8600006103516,,925.0999755859376,,,69538.0,,,30944.0,,,,22250.0,,2670.0,,199.0,,,1900.0,18798.0,,164.12579345703125,748.245361328125,,687868.8125,,,,230831.421875,,,,11400.0,8244.5517578125,,,26.86000061035156,,,3771.13916015625,,,,,519537.53125,,10750.0,366.7699890136719,,,318.0,,92213.625,,,602.9299926757812,6076.60009765625,,,,,12441.0,11.1798095703125,,3864.89990234375,,862.0,2543.300048828125,,274.8699951171875,4877.197265625,,,3925.0,385.0,1249.800048828125,,250.0,1629.99072265625,,,,149.07000732421875,131.82525634765625,,142.22999572753906,290.0,370.0199890136719,,60344.05859375,68448.5,,,56269.421875,,,1482.0,571.26220703125,,,279490.125,105548.390625,760.8699951171875,993.5999755859376,465.6600036621094,,
2026-07-31,,10.5,,,,332.3999938964844,,26.290000915527344,,,243000.0,,3599.10009765625,4643.7998046875,,,7450.2998046875,,,768.0,62502.0,,,1225.5,375.2300109863281,,77.0,,,,76.48999786376953,6313.2998046875,,,,,2210.0,,1995.0,,,,,,,,,,,,,,,,,,,,,,,,,,,,,,,,,,,,,,,,,,1078.199951171875,,,,,,,,,,,1535.0,,,,,,,,,60432.51953125,,,1308.72998046875,,,,,,,,,,,,3537.199951171875,,,2183.8798828125,,2202.35498046875,,,,,,,,,,,,,,,,,,15545.0009765625,,,,24250.0,,,8889.9501953125,,,,,,,,,,,,,37415.06640625,,,,,1517.0,,1267.0,,,,,,,,,1065.9000244140625,,,,,,,,,,,,,,,,,,,,,,,,,,,,,,,,,,,,,201990.0,,,,,,,,,,,1718.8509521484375,,,,12500.0,,,,,,,,,,,,,,,,,,,,1052.010009765625,,,,,,,,,,20850.0,,,20016.783203125,,,,,,,,2087.800048828125,,,,2183.56005859375,,,15391.0,,,,,,,,,,,,,112000.0,,,,,1767.0,,,,,,99.30249786376952,,,,,,,,,,,,5035.39990234375,,,,,,,,,126.72000122070312,193.7100067138672,,,55.0,1070.0,,,135.2899932861328,852.3300170898438,,,,102.83000183105467,1807.0,,,,59600.0,,535.1799926757812,1570.0,24908.791015625,84.04000091552734,,81.01000213623047,,552.3800048828125,3643.0,,4200000.0,,,,5835.0,,1983.4000244140625,,1457.9000244140625,,,22000000.0,,,1267.0,,,14.5,132.08999633789062,,282.8638000488281,,252.8600006103516,,921.8900146484376,,,72434.0,,,34861.0,,,,21450.0,,2516.89990234375,,200.9900054931641,,,1917.5,20678.0,,161.66246032714844,747.5673828125,,695930.6875,,,,221704.3125,,,,11500.0,8419.8359375,,,24.690000534057617,,,3920.0,,,,,603599.4375,,10400.0,365.0299987792969,,,308.20001220703125,,88002.1328125,,,637.3099975585938,5860.39990234375,,,,,12441.0,10.559820175170898,,4039.89990234375,,870.1799926757812,2549.199951171875,,260.4700012207031,4923.10009765625,,35.51350784301758,4279.0,382.9599914550781,1249.0,,250.0,1632.290771484375,,,,136.22000122070312,127.7306900024414,,141.0,301.8123779296875,369.9800109863281,,56727.4609375,65448.5625,,,64831.24609375,,,1482.0,573.0745239257812,,,343373.59375,103483.3125,730.0,1004.7999877929688,471.4599914550781,,
2026-08-31,,10.5,,,,332.3999938964844,,26.290000915527344,,,239700.0,,3650.10009765625,4699.89990234375,,,7450.2998046875,,,768.0,62502.0,,,1230.5,375.2300109863281,,77.0,,,,76.48999786376953,6313.2998046875,,,,,2210.0,,1995.0,,,,,,,,,,,,,,,,,,,,,,,,,,,,,,,,,,,,,,,,,,1099.4000244140625,,,,,,,,,,,1528.0770263671875,,,,,,,,,60743.51953125,,,1308.72998046875,,,,,,,,,,,,3737.080078125,,,2287.75,,2277.489990234375,,,,,,,,,,,,,,,,,,15689.8056640625,,,,22606.0,,,7199.0,,,,,,,,,,,,,37415.06640625,,,,,1528.699951171875,,1272.4000244140625,,,,3331.254150390625,,,,,1049.300048828125,,,1022.5999755859376,,,,,,,,,,,,,,,,,,,,,,,,,,,,,,,,,,201990.0,,,,,,,,,,,1676.0,,,,12000.0,,,,,,,,,,,,,,,,,,,,1042.0,,,,,,,,,,20825.0,,,20284.857421875,,,,,,,,2186.89990234375,,,,2183.56005859375,,,16322.0771484375,,,,,,,,,,,,,116780.0,,,,,1822.4000244140625,,,,,,100.0,,,,,,,,,,,,5035.39990234375,,,,,,,,,126.72000122070312,192.5,,,55.0,1070.0,,,135.2899932861328,852.3300170898438,,,,102.83000183105467,1807.0,,,,62500.0,,535.1799926757812,1570.0,24909.0,84.04000091552734,,81.01000213623047,,552.3800048828125,3643.0,,4200000.0,,,,5835.0,,1983.4000244140625,,1466.9000244140625,,,22000000.0,,,1267.0,,,14.5,132.08999633789062,,290.8999938964844,,253.0,,921.8900146484376,,,78950.0,,,41410.0,,,,21450.0,,2516.89990234375,,200.9900054931641,,,1917.5,20678.0,,166.95811462402344,747.5673828125,,718645.4375,,,,139971.15625,,,,11500.0,8419.8359375,,,24.690000534057617,,,3920.0,,,,,603599.4375,,10400.0,365.0299987792969,,,308.20001220703125,,120346.7578125,,,637.3099975585938,5860.39990234375,,,,,12441.0,10.5600004196167,,4039.89990234375,,870.1799926757812,2549.199951171875,,260.4700012207031,4923.10009765625,,36.46280288696289,4279.0,382.9599914550781,1249.0,,250.0,1632.290771484375,,,,136.22000122070312,127.9000015258789,,141.0,301.8123779296875,369.9800109863281,56920.01953125,56727.4609375,65448.5625,,,67962.9921875,,,1482.0,573.0745239257812,,,349770.0,97910.0,730.0,1004.7999877929688,471.4599914550781,,
