Date,AALLON.HE,ACG1V.HE,AFAGR.HE,AIFORIA.HE,AKTIA.HE,ALBAV.HE,ALBBV.HE,ALMA.HE,ANORA.HE,ARVOSK.HE,ASPO.HE,ASUNTO.HE,ATRAV.HE,BIOBV.HE,BITTI.HE,BRETEC.HE,BULL-NOKIA-X3-H.HE,CONSTI.HE,DETEC.HE,DIGIA.HE,DWF.HE,EAGLE.HE,EASOR.HE,ECOUP.HE,ELEAV.HE,ELISA.HE,EQV1V.HE,ERIBR.HE,ESENSE.HE,ETTE.HE,EVLI.HE,FOAMIT.HE,FODELIA.HE,FONDIA.HE,FORTUM.HE,FRAMERY.HE,FSECURE.HE,FSKRS.HE,GLA1V.HE,GOFORE.HE,HEALTH.HE,HKFOODS.HE,HONBS.HE,HRTIS.HE,HUH1V.HE,ILKKA.HE,INDERES.HE,INVEST.HE,IQMX.HE,KALMAR.HE,KAMUX.HE,KCR.HE,KELAS.HE,KESKOA.HE,KESKOB.HE,KNEBV.HE,KOSKI.HE,KPYOSK.HE,KSL.HE,LAMOR.HE,LAPWALL.HE,LASTIK.HE,LEMON.HE,LINDEX.HE,LUMO.HE,MANTA.HE,MARAS.HE,MERUS.HE,METSA.HE,METSB.HE,METSO.HE,MUSTI.HE,NDA-FI.HE,NESTE.HE,NETUM.HE,NLG1V.HE,NOHO.HE,NXTMH.HE,OLVAS.HE,OMASP.HE,ORIOLA.HE,ORNAV.HE,ORNBV.HE,ORTHEX.HE,PAMPALO.HE,PIHLIS.HE,PUUILO.HE,QPR1V.HE,QTCOM.HE,RAIKV.HE,RAIVV.HE,RAP1V.HE,RAUTE.HE,REAKTOR.HE,REBL.HE,REG1V.HE,RELAIS.HE,ROBIT.HE,SAMPO.HE,SANOMA.HE,SAVOX.HE,SBI.HE,SCANFL.HE,SIILI.HE,SOLTEQ.HE,SOLWERS.HE,SPINN.HE,SPRING.HE,STEAV.HE,STERV.HE,SUY1V.HE,TALLINK.HE,TEKOVA.HE,TELIA1.HE,TIETO.HE,TITAN.HE,TLT1V.HE,TNOM.HE,TOKMAN.HE,TTALO.HE,UPM.HE,VAIAS.HE,VALMT.HE,VERK.HE,VIAFIN.HE,VIK1V.HE,VINCIT.HE,WETTERI.HE,WRT1V.HE,WUF1V.HE,YIT.HE,^OMXH25
2023-09-29,9.650198936462402,4.699999809265137,0.4005743563175201,3.880000114440918,7.355117321014404,27.882221221923828,26.71778106689453,8.012828826904297,3.693894147872925,48.53654479980469,5.147997856140137,76.6546401977539,9.062200546264648,1.9850000143051147,3.599693298339844,2.690000057220459,,8.632765769958496,11.334360122680664,5.002813339233398,3.3084750175476074,0.0725999996066093,,2.4100000858306885,4.949999809265137,38.31262969970703,15.21287441253662,1.4949723482131958,5.020235061645508,13.985024452209473,16.249427795410156,0.5254257321357727,3.979390859603882,6.058372497558594,8.809866905212402,,1.6254057884216309,14.951812744140623,1.4157934188842771,18.47662925720215,1.031999945640564,0.6377025842666626,3.43853497505188,1.6749999523162842,28.57762718200684,2.620988368988037,20.067289352416992,2.3080203533172607,,,5.0471906661987305,9.204607009887695,4.879807949066162,14.991308212280272,14.696184158325195,35.98931884765625,5.815572738647461,,7.753798007965088,3.5299999713897705,2.6956162452697754,,5.206465721130371,2.384999990463257,8.296062469482422,,1.4800000190734863,4.889999866485596,8.587943077087402,7.217441082000732,8.978983879089355,17.577428817749023,8.139986991882324,29.41088104248047,3.0199999809265137,0.8507435321807861,6.75438928604126,2.799999952316284,26.801586151123047,18.060382843017575,0.7930264472961426,34.25446701049805,34.33296585083008,4.175087928771973,1.2933330535888672,7.48582649230957,7.021597862243652,0.3889999985694885,52.040000915527344,1.733758568763733,1.7205641269683838,3.0999999046325684,8.291906356811523,,3.880000114440918,19.96637725830078,10.114309310913086,1.4950000047683716,6.584348678588867,6.063815116882324,,,7.74426794052124,9.36508560180664,0.9259999990463256,3.885829210281372,3.2850000858306885,3.5206308364868164,12.118728637695312,11.243383407592772,2.786435604095459,0.5397272706031799,,0.2099676132202148,17.214027404785156,12.915017127990724,3.1807048320770264,4.833522319793701,11.482829093933104,6.723283290863037,27.55689811706543,31.368715286254883,19.103546142578125,2.4607627391815186,10.540242195129396,17.134521484375,2.867936611175537,0.5600000023841858,9.9800386428833,2.629828929901123,2.0840001106262207,4269.52001953125
2023-10-31,9.186246871948242,3.5,0.4572361409664154,3.609999895095825,7.209630966186523,26.496261596679688,25.591127395629883,7.764092922210693,3.4523181915283203,44.94728469848633,5.087636470794678,69.10675048828125,8.925153732299805,1.9850000143051147,4.085482120513916,2.4800000190734863,,8.590240478515625,10.689316749572754,4.564610481262207,3.1016955375671387,0.0747999995946884,,1.940000057220459,4.375800132751465,34.98678970336914,12.726655960083008,1.3705930709838867,4.079999923706055,12.912839889526367,15.028615951538086,0.564346194267273,3.988888502120972,4.929688930511475,8.974125862121582,,1.5825830698013306,12.39697265625,1.2996258735656738,20.13125228881836,1.055999994277954,0.6463201642036438,3.0305731296539307,1.7350000143051147,29.733577728271484,2.454046726226806,15.677571296691896,2.124537706375122,,,4.721712112426758,9.04368782043457,4.050240516662598,14.107429504394531,13.825846672058104,36.863807678222656,5.535977840423584,,7.198753356933594,2.4800000190734863,2.507550001144409,,4.672940731048584,2.194999933242798,7.960270404815674,2.6140682697296143,1.3300000429153442,4.28000020980835,7.84033203125,6.776137828826904,7.621379852294922,18.17310905456543,7.770200252532959,29.026424407958984,2.740000009536743,0.7757316827774048,6.494499206542969,2.390000104904175,24.80477905273437,18.23572540283203,0.7853685021400452,34.57719039916992,34.628143310546875,3.605757713317871,1.1799999475479126,6.784318923950195,7.041703224182129,0.3759999871253967,55.09999847412109,1.6748443841934204,1.6514081954956057,2.789999961853028,8.03564453125,,3.400000095367432,21.38837242126465,9.706109046936035,1.2649999856948853,6.554324626922607,6.474096298217773,,,7.050337314605713,7.953402519226074,0.7699999809265137,3.147521734237671,2.0199999809265137,3.6084272861480713,11.10883331298828,10.70910930633545,2.620227336883545,0.5000414252281189,,0.2804168462753296,15.985610961914062,12.874907493591309,2.9758126735687256,4.541386127471924,11.13354206085205,5.807280540466309,27.60683250427246,30.423873901367188,18.662559509277344,2.363499402999878,10.990680694580078,16.956499099731445,2.81348180770874,0.4959999918937683,10.430091857910156,1.6292794942855835,1.6820000410079956,4118.91015625
2023-11-30,9.000666618347168,3.650000095367432,0.4385131001472473,3.470000028610229,7.064145088195801,25.680992126464844,24.947322845458984,7.941761016845703,3.5198452472686768,45.68960571289063,5.534391403198242,75.5238037109375,8.719584465026855,1.940000057220459,4.6247076988220215,2.2300000190734863,,8.845396041870117,12.117630004882812,5.185398101806641,2.9043147563934326,0.0671999976038932,,1.7200000286102295,4.474800109863281,35.859710693359375,12.69188404083252,1.4707738161087036,4.099999904632568,13.006072998046877,15.197003364562988,0.6138812899589539,4.2842936515808105,5.0126800537109375,10.324251174926758,,1.7054659128189087,14.437414169311523,1.3177770376205444,21.41818046569824,1.159999966621399,0.6333937048912048,2.865445852279663,1.5499999523162842,32.62345123291016,2.5542118549346924,16.66301918029785,2.4335615634918213,,,5.027234554290772,10.62070083618164,4.274711608886719,15.303269386291504,15.202805519104004,36.77365493774414,5.545297145843506,,7.165114879608154,3.039999961853028,2.516505479812622,,5.280055522918701,2.634999990463257,10.083666801452637,2.8137741088867188,1.3450000286102295,4.340000152587891,7.8978400230407715,6.662253379821777,8.2857027053833,25.643516540527344,8.058679580688477,31.92814826965332,2.5999999046325684,0.8178114891052246,6.494499206542969,2.359999895095825,26.44659423828125,17.42914390563965,0.8883258700370789,33.47071838378906,33.613468170166016,4.771528720855713,1.4199999570846558,6.618172645568848,7.763243675231934,0.3840000033378601,63.47999954223633,1.6790525913238523,1.639743447303772,2.680000066757202,9.115606307983398,,3.200000047683716,22.498699188232425,10.815378189086914,1.2300000190734863,7.091245651245117,6.128692626953125,,,7.438939094543457,7.953402519226074,0.7319999933242798,3.808112859725952,1.659999966621399,3.634766101837158,11.589735984802246,11.26229476928711,2.63978123664856,0.5238529443740845,,0.3055267333984375,16.27655029296875,13.436429977416992,2.55627179145813,4.683027744293213,11.628565788269045,6.46537971496582,27.87620735168457,34.29772186279297,21.58189010620117,2.558026075363159,10.945635795593262,16.822982788085938,3.1220574378967285,0.4670000076293945,11.74777126312256,1.56829035282135,1.919999957084656,4379.009765625
2023-12-29,9.789384841918944,3.829999923706055,0.3981108069419861,3.450000047683716,7.6218414306640625,25.5179386138916,25.027801513671875,8.492532730102539,3.67600154876709,51.0734977722168,5.373196601867676,79.4727554321289,9.010808944702148,1.8849999904632568,4.653854846954346,2.400000095367432,,10.163700103759766,12.670526504516602,4.984554290771484,2.8009250164031982,0.0777999982237815,,1.725000023841858,4.435200214385986,36.48821258544922,13.404715538024902,1.832619547843933,4.340000152587891,12.912839889526367,16.502010345458984,0.5661152601242065,5.278861999511719,5.195261478424072,10.484502792358398,,1.908408641815185,15.294744491577148,1.335928201675415,20.68279457092285,1.1059999465942385,0.7109521627426147,3.127707004547119,1.5750000476837158,33.77939987182617,2.595947265625,17.46929359436035,2.443218231201172,,,5.193883419036865,11.957796096801758,3.855048179626465,15.833037376403809,15.782470703125,40.82154846191406,5.610536575317383,,7.114655494689941,2.5,2.6866605281829834,,5.482426643371582,2.914999961853028,11.79226016998291,2.9189953804016118,1.2450000047683716,4.039999961853027,7.476110935211182,6.833080291748047,8.436185836791992,25.48727226257324,8.806070327758789,29.59395408630371,2.5999999046325684,1.1343246698379517,7.7793192863464355,2.900000095367432,24.937898635864254,18.6302490234375,0.9240630269050598,36.14468383789063,36.24240493774414,4.889009475708008,1.9833329916000368,6.525868892669678,7.96367073059082,0.3400000035762787,64.16000366210938,1.6790525913238523,1.644742488861084,2.930000066757202,9.024084091186523,,2.880000114440918,26.472496032714844,12.479283332824709,1.5049999952316284,6.990573406219482,6.137548923492432,,,7.226132869720459,8.894525527954102,0.75,4.604707717895508,2.3299999237060547,3.722561836242676,12.022547721862791,11.843850135803224,2.7571048736572266,0.534964919090271,,0.3234823644161224,17.47264289855957,13.837516784667969,2.605055809020996,5.497467517852783,13.167641639709473,6.910041809082031,29.65757751464844,37.69915008544922,23.054784774780277,2.4899415969848637,11.351030349731444,16.64496421813965,2.922391176223755,0.5320000052452087,12.193184852600098,1.6815557479858398,1.986999988555908,4515.97021484375
2024-01-31,9.835780143737791,3.440000057220459,0.3912128508090973,3.7300000190734863,7.8804826736450195,26.496261596679688,26.23492813110352,8.830101013183594,3.933448076248169,51.881080627441406,5.525436878204346,74.0429458618164,9.250640869140623,1.9299999475479128,4.585844039916992,2.380000114440918,,9.65338897705078,13.361644744873049,4.984554290771484,3.3178741931915283,0.0864000022411346,,1.7999999523162842,4.435200214385986,36.88103103637695,12.778815269470217,1.651938557624817,4.170000076293945,12.586522102355955,16.45991325378418,0.589113712310791,5.317114353179932,5.261654376983643,10.168004035949709,,1.8022825717926023,14.797492027282717,1.343188762664795,20.590869903564453,1.1799999475479126,0.656661331653595,3.127707004547119,1.4700000286102295,33.36655807495117,2.671071052551269,17.33491325378418,2.597730159759521,,,4.805036544799805,11.656437873840332,3.991683006286621,15.956185340881348,15.896769523620604,41.41656112670898,5.6664557456970215,,8.620002746582031,2.4600000381469727,2.6777052879333496,,5.648003101348877,2.875,10.923150062561035,3.0091848373413086,1.3450000286102295,4.5,8.837146759033203,7.070339679718018,8.524272918701172,25.48727226257324,8.934284210205078,29.337650299072266,2.869999885559082,1.1343246698379517,7.427313327789307,2.549999952316284,28.13279151916504,20.3398494720459,0.9257649183273317,38.81865692138672,39.406349182128906,5.449303150177002,2.2666659355163574,6.67355489730835,7.945856094360352,0.3420000076293945,65.72000122070312,1.7926727533340454,1.699733853340149,3.130000114440918,10.250480651855469,,3.039999961853028,24.85570526123047,11.693551063537598,1.375,6.850161075592041,6.11983585357666,,,6.902298927307129,8.617724418640137,0.8270000219345093,4.254982948303223,2.640000104904175,4.565406322479248,11.253104209899902,11.17246150970459,2.63978123664856,0.5365524888038635,,0.3352658152580261,17.407989501953125,13.717191696166992,2.6148123741149902,5.329267501831055,14.292696952819824,6.945614337921143,29.257848739624023,34.581172943115234,23.151803970336918,2.363499402999878,11.756423950195312,17.001007080078125,2.867936611175537,0.5460000038146973,12.712833404541016,1.9342248439788816,1.975000023841858,4548.7900390625
2024-02-29,8.16555404663086,3.109999895095825,0.3399708271026611,3.400000095367432,7.419777870178223,30.49108123779297,28.649185180664062,8.616899490356445,4.140249729156494,42.010623931884766,5.229910850524902,72.56208801269531,8.04291820526123,1.934999942779541,4.663571357727051,2.2300000190734863,,8.50518798828125,12.71660041809082,4.911521434783936,2.772727727890014,0.0659999996423721,,1.6649999618530271,3.76200008392334,36.36601257324219,12.448477745056152,1.6109628677368164,4.150000095367432,12.306821823120115,16.45991325378418,0.5431168675422668,4.772014141082764,5.660013198852539,9.25456714630127,,1.64402437210083,13.974456787109377,1.4738773107528689,20.866641998291016,1.0959999561309814,0.605817437171936,2.8945858478546143,1.3200000524520874,33.31151580810547,2.746194839477539,16.976572036743164,2.510817050933838,,,4.911506175994873,13.926868438720703,3.894086599349976,15.62193202972412,15.53188419342041,40.767459869384766,5.93673038482666,,8.376119613647461,2.299999952316284,2.6597940921783447,,6.696655750274658,2.930000066757202,10.12317180633545,2.9057533740997314,1.3200000524520874,4.699999809265137,7.917009830474853,6.591075897216797,9.058302879333496,25.763879776000977,8.787307739257812,23.22297096252441,2.5999999046325684,1.120603084564209,7.057708263397217,2.3499999046325684,27.37843894958496,19.0686092376709,0.9410807490348816,33.47071838378906,33.576568603515625,5.440265655517578,1.9666659832000728,7.347371578216553,8.453606605529785,0.4230000078678131,77.9800033569336,1.80108904838562,1.608081579208374,2.8399999141693115,10.02167510986328,,2.700000047683716,25.264772415161133,11.41623306274414,1.5299999713897705,7.306720733642578,5.8895673751831055,,,7.448191165924072,8.67308521270752,0.6990000009536743,3.730396032333374,1.8600000143051147,4.3898138999938965,11.30119514465332,11.044803619384766,2.6593353748321533,0.5492518544197083,,0.3923738002777099,17.424152374267578,12.07273292541504,2.683109760284424,4.665322303771973,14.085685729980469,6.45648717880249,26.876903533935547,35.053592681884766,21.352577209472656,2.271099090576172,13.918524742126465,18.24715232849121,2.377846002578736,0.5,13.26496124267578,2.1259047985076904,1.6059999465942385,4423.3798828125
2024-03-28,7.943346977233887,3.2300000190734863,0.3646064102649688,3.7799999713897705,8.098711013793945,31.635114669799805,30.500001907348636,8.759034156799316,4.5243096351623535,43.3239631652832,5.444838523864746,73.05570220947266,8.30844497680664,2.0,5.26594877243042,2.700000047683716,,8.972973823547363,13.164015769958496,4.84791898727417,2.5941452980041504,0.0460000000894069,,1.6749999523162842,4.059000015258789,36.09539794921875,12.255714416503906,1.618706464767456,3.950000047683716,12.586522102355955,16.76812171936035,0.5608078837394714,4.713700294494629,6.166453838348389,9.6474609375,,1.781058669090271,15.082947731018066,1.542851805686951,19.671634674072266,1.0399999618530271,0.5894440412521362,2.87515926361084,1.4049999713897705,35.623416900634766,2.721153497695923,16.618227005004883,2.897096872329712,,,5.365160942077637,14.468297958374023,4.118557453155518,15.677875518798828,15.456647872924805,40.45797348022461,6.151086807250977,,7.535144329071045,2.25,2.7590999603271484,,5.33524751663208,3.2300000190734863,10.844139099121094,2.966595411300659,1.2999999523162842,4.190000057220459,8.060487747192383,6.894064426422119,10.097915649414062,24.67721176147461,8.912775039672852,23.52482414245605,2.6600000858306885,0.9376474022865297,6.987307071685791,2.319999933242798,27.870906829833984,18.39177703857422,0.9239460229873656,32.65574264526367,32.63807678222656,5.593894481658936,2.183332920074463,7.024308681488037,8.823284149169922,0.6899999976158142,76.5,1.9020845890045168,1.7080659866333008,2.75,9.381019592285156,,2.400000095367432,24.836227416992188,10.954038619995115,1.6299999952316284,6.979093074798584,6.031271457672119,,,7.735015392303467,8.470098495483398,0.718999981880188,3.9052581787109375,1.7400000095367432,4.424932479858398,12.45535945892334,12.388192176818848,2.737550973892212,0.5508393049240112,,0.4204767048358917,16.412994384765625,12.028053283691406,3.1026506423950195,5.452825546264648,13.662665367126465,6.835616588592529,26.82476806640625,36.56348037719727,22.117536544799805,2.3051412105560303,14.05365753173828,18.603195190429688,2.6043076515197754,0.4799999892711639,13.223308563232422,2.2304575443267822,1.9459999799728396,4389.22998046875
2024-04-30,7.810006141662598,3.0199999809265137,0.3419416844844818,3.849999904632568,8.298672676086426,28.926029205322266,28.507102966308597,9.208971977233888,4.402475833892822,42.4280891418457,5.477775096893311,69.6003646850586,8.539450645446777,2.009999990463257,5.800967693328857,2.5899999141693115,,8.382241249084473,14.663119316101074,4.9988274574279785,3.1016955375671387,0.0538000017404556,,2.220000028610229,5.199999809265137,37.95955657958984,12.121526718139648,2.096099615097046,3.1700000762939453,12.387715339660645,17.52625274658203,0.534271240234375,5.014987945556641,5.905899524688721,10.435611724853516,,1.9652403593063357,15.399374961853027,1.713973879814148,22.61674690246582,1.7899999618530271,0.601508617401123,3.190000057220459,1.399999976158142,33.48004913330078,2.7785234451293945,17.173057556152344,2.711265087127685,,,4.998619556427002,14.892332077026367,4.099999904632568,14.677922248840332,14.309561729431152,42.952598571777344,6.617078304290772,,8.180974960327148,2.150000095367432,2.9368045330047607,,5.487486362457275,2.884999990463257,10.271315574645996,3.115122079849243,1.3300000429153442,4.199999809265137,7.783902645111084,6.623997688293457,9.964727401733398,24.696969985961918,9.368203163146973,20.00078773498535,2.640000104904175,1.070132613182068,7.110509395599365,2.5,27.10174369812012,15.798537254333496,0.813909113407135,34.07145309448242,33.789894104003906,6.092875003814697,2.22666597366333,7.711244106292725,9.103883743286133,0.5680000185966492,72.6500015258789,1.832696795463562,1.71343731880188,2.990000009536743,9.33348274230957,,2.380000114440918,25.82888984680176,11.347829818725586,1.715000033378601,7.01622486114502,6.151981830596924,,,7.003785610198975,7.784451484680176,0.6499999761581421,3.620253562927246,1.600000023841858,4.302018165588379,12.070637702941896,12.06610870361328,2.609999895095825,0.579413115978241,,0.4882032871246338,14.847857475280762,8.945051193237305,2.702623128890991,4.8469557762146,13.148163795471191,7.896315097808838,29.28658103942871,33.72125625610352,21.27418708801269,2.193288564682007,15.46381950378418,21.02251434326172,2.594871759414673,0.4300000071525574,16.29216766357422,2.352435350418091,1.950000047683716,4455.77978515625
2024-05-31,7.619517803192139,3.25,0.3094227612018585,4.03000020980835,8.203185081481934,30.411659240722656,29.28693008422852,9.860111236572266,4.102807998657227,43.910255432128906,5.589566707611084,71.08122253417969,8.811986923217773,1.919999957084656,6.875221252441406,2.5999999046325684,,9.06307888031006,15.834294319152832,5.149734973907471,4.229584693908691,0.0504000000655651,,2.380000114440918,4.860000133514404,38.30039978027344,12.792460441589355,2.4819793701171875,2.569999933242798,12.721231460571287,17.570850372314453,0.6333414316177368,5.578688621520996,5.958010196685791,11.81382179260254,,2.1313838958740234,14.608312606811523,1.5915471315383911,24.587499618530277,1.7300000190734863,0.6066792011260986,3.2300000190734863,1.8550000190734863,34.57867431640625,2.840662956237793,18.684288024902344,2.7010340690612797,,,5.720746994018555,15.818592071533203,3.9800000190734863,15.46359920501709,14.92550563812256,43.88105392456055,7.519691944122314,,7.500718593597412,2.150000095367432,3.217391014099121,,5.958919525146484,3.390000104904175,9.955275535583496,3.192535161972046,1.1349999904632568,4.5,8.416097640991211,7.640430927276611,10.445462226867676,24.30181884765625,9.615071296691896,18.056007385253903,3.0,1.0515214204788208,7.879980087280273,2.7799999713897705,28.91154289245605,14.62146282196045,0.8675634860992432,35.95906448364258,35.38544845581055,6.184634685516357,2.326666116714477,8.66118049621582,9.587182998657228,0.5799999833106995,80.94999694824219,1.805876851081848,1.7366400957107544,2.990000009536743,10.211383819580078,,2.359999895095825,27.721694946289062,12.14829921722412,1.6950000524520874,7.297465801239014,6.765376091003418,,,7.404547691345215,7.537627696990967,0.5960000157356262,3.956561088562012,1.6699999570846558,4.574316024780273,13.08053207397461,12.892950057983398,2.7300000190734863,0.6175115704536438,,0.5418921113014221,15.517434120178224,10.85564422607422,2.897758722305298,4.5899200439453125,12.575701713562012,8.059500694274902,31.270458221435547,38.29771423339844,22.362380981445312,2.1981515884399414,15.650129318237305,21.67365455627441,2.575999975204468,0.4799999892711639,18.023679733276367,2.199796438217163,2.3980000019073486,4626.75
2024-06-28,7.752859592437744,3.150000095367432,0.2892215847969055,4.75,8.038254737854004,29.36298179626465,28.680395126342773,9.58105182647705,4.005856513977051,45.35775375366211,5.45914363861084,75.03018188476562,8.68480396270752,2.0199999809265137,8.652621269226074,2.880000114440918,,8.66518783569336,18.176645278930664,5.149734973907471,4.323575496673584,0.05180000141263,,2.0999999046325684,5.050000190734863,38.42597579956055,12.434629440307615,2.5578324794769287,2.930000066757202,12.197135925292969,17.392465591430664,0.5970746874809265,5.792506217956543,5.819047451019287,11.506147384643556,,1.8418197631835935,14.274306297302246,1.6718896627426147,22.61674690246582,2.299999952316284,0.5687617659568787,3.0999999046325684,1.659999966621399,34.87660598754883,2.75189208984375,18.40951919555664,2.8340392112731934,,,5.111158847808838,15.92384910583496,4.0,15.052906036376951,14.6309232711792,43.22457504272461,7.577984809875488,,7.3217034339904785,2.039999961853028,3.0958034992218018,,5.987205028533936,3.3299999237060547,9.496028900146484,3.227295398712158,1.100000023841858,4.619999885559082,8.574146270751953,7.198503494262695,9.226357460021973,25.78363609313965,9.46184253692627,15.58168125152588,2.799999952316284,0.9817302227020264,7.682979583740234,2.940000057220459,28.82105255126953,13.168512344360352,0.822093665599823,37.46915817260742,37.6324462890625,6.625083923339844,2.299999952316284,8.698431968688965,9.142744064331056,0.5699999928474426,77.55000305175781,1.7969368696212769,1.7009435892105105,2.7699999809265137,12.336830139160156,,2.299999952316284,27.110475540161133,12.901681900024414,1.690000057220459,7.419583797454834,5.854305267333984,,,6.956076145172119,7.518641471862793,0.8320000171661377,3.719167470932007,1.600000023841858,5.344251155853272,12.166817665100098,12.26320457458496,2.740000009536743,0.5583368539810181,,0.5685088634490967,15.09894847869873,10.160881996154783,2.595299005508423,4.420093536376953,12.095572471618652,7.796591758728027,29.01969337463379,38.73127365112305,24.203243255615234,2.139793634414673,15.277507781982422,21.115537643432617,2.453333139419556,0.4469999969005584,16.892799377441406,2.2895843982696533,2.252000093460083,4491.08984375
2024-07-31,7.695713043212891,2.9800000190734863,0.2542390525341034,4.519999980926514,8.099019050598145,29.71253776550293,29.806819915771484,9.860111236572266,4.093993663787842,44.2049560546875,5.533671379089356,77.0046615600586,9.03001594543457,2.369999885559082,7.695559978485107,2.789999961853028,,9.151498794555664,15.2252836227417,5.244052410125732,3.8912179470062256,0.0740000009536743,,2.0199999809265137,5.349999904632568,38.58742904663086,12.658273696899414,2.764223098754883,3.0999999046325684,12.149490356445312,16.857311248779297,0.6147657632827759,5.5981268882751465,5.558494091033936,11.961334228515623,,1.9699875116348269,13.975460052490234,1.6259796619415283,21.06829833984375,2.2799999713897705,0.5773794054985046,2.9600000381469727,1.4800000190734863,34.87660598754883,2.725260734558105,17.58521270751953,2.731727361679077,,25.82922744750977,4.792298316955566,19.4123592376709,3.940000057220459,15.620006561279297,15.13490390777588,44.22804641723633,6.995062828063965,,7.3217034339904785,2.0999999046325684,3.1332147121429443,,6.882928848266602,2.875,9.031845092773438,3.3068580627441406,1.1050000190734863,5.539999961853027,8.179024696350098,6.933347225189209,8.75402545928955,25.19091033935547,9.210718154907228,17.488971710205078,3.059999942779541,0.8337728381156921,7.324800491333008,2.990000009536743,28.640071868896484,12.763894081115724,0.8821138143539429,39.87587356567383,40.096588134765625,6.111227035522461,2.5333330631256104,9.126834869384766,9.2062349319458,0.5720000267028809,82.0999984741211,1.859516739845276,1.829451322555542,2.7100000381469727,12.059598922729492,,1.919999957084656,28.293479919433597,12.524991989135742,1.7200000286102295,7.488043308258057,6.161002159118652,,,6.96561861038208,7.214857578277588,0.8059999942779541,3.6400363445281982,1.649999976158142,5.706573009490967,11.060744285583496,11.095050811767578,2.799999952316284,0.5305934548377991,,0.7455633878707886,15.676458358764648,9.943769454956056,2.605055809020996,4.35124397277832,10.442818641662598,9.337778091430664,27.160371780395508,43.93397903442383,23.731693267822266,1.809098243713379,15.836441040039062,20.46439743041992,2.1702563762664795,0.4390000104904175,17.882905960083008,2.496095895767212,2.318000078201294,4537.18017578125
2024-08-30,8.248127937316895,2.799999952316284,0.25374636054039,4.139999866485596,8.081657409667969,30.5864372253418,30.153409957885746,9.534542083740234,3.789919137954712,43.67622756958008,5.570934772491455,77.99189758300781,9.175368309020996,2.1700000762939453,6.914284706115723,2.740000009536743,,9.107288360595703,17.895565032958984,5.602458953857422,3.797227144241333,0.0820000022649765,,2.0199999809265137,4.300000190734863,40.56074905395508,12.56881618499756,2.9626755714416504,2.940000057220459,11.339523315429688,16.322160720825195,0.6191885471343994,5.850820064544678,5.645344734191895,12.188929557800291,,1.9984691143035889,14.063355445861816,1.6298054456710815,20.505224227905277,4.090000152587891,0.5308443307876587,2.8399999141693115,1.4850000143051147,34.50419235229492,2.734138011932373,17.539417266845703,2.690803050994873,,24.43471336364746,3.802889585494995,19.096588134765625,3.740000009536743,16.580398559570312,16.643863677978516,45.766090393066406,6.995062828063965,,7.250097751617432,2.0299999713897705,3.1425676345825195,,5.7986321449279785,2.900000095367432,9.352823257446287,3.3068580627441406,0.9639999866485596,4.400000095367432,7.882682800292969,6.152608871459961,8.56920051574707,25.0,9.091541290283203,19.82271194458008,3.059999942779541,0.7928286194801331,6.948382377624512,3.059999942779541,28.317237854003903,12.800677299499512,0.8602882623672485,44.97243118286133,45.28922271728516,5.96441125869751,2.746665954589844,9.238591194152832,9.32414722442627,0.5680000185966492,95.5,1.966796636581421,1.9588515758514404,2.5,12.336830139160156,,1.7999999523162842,33.32123947143555,14.22010326385498,1.6749999523162842,7.4769415855407715,6.070797920227051,,,7.375921726226807,7.6325602531433105,0.6940000057220459,3.699384689331055,1.5800000429153442,6.567087650299072,11.1569242477417,11.244074821472168,2.680000066757202,0.5201897025108337,,0.7780638933181763,15.902440071105955,9.16216278076172,2.4001636505126958,4.456812381744385,10.101187705993652,9.17459487915039,27.20485115051269,46.10177230834961,23.48684883117676,1.6456958055496216,15.650129318237305,19.069095611572266,2.2079999446868896,0.3799999952316284,18.788545608520508,2.406308174133301,2.609999895095825,4679.7099609375
2024-09-30,8.3814697265625,2.8499999046325684,0.2690204083919525,3.849999904632568,8.072977066040039,30.499048233032227,29.460227966308597,10.511250495910645,3.81195330619812,43.67622756958008,5.6454620361328125,82.43447875976562,9.357059478759766,2.2799999713897705,6.484583377838135,2.75,,9.682021141052246,16.44330596923828,5.300642967224121,3.759630918502808,0.0810000002384185,,2.039999961853028,3.9800000190734863,42.713470458984375,12.935789108276367,3.0429389476776123,2.6700000762939453,10.815428733825684,17.214080810546875,0.5970746874809265,5.928571701049805,5.595238208770752,12.471315383911133,,2.0855276584625244,14.040494918823242,1.5915471315383911,20.317533493041992,3.150000095367432,0.6101261973381042,2.9800000190734863,1.440000057220459,32.95454406738281,2.75189208984375,17.676801681518555,2.7010340690612797,,27.545190811157227,3.741930961608887,20.26944923400879,3.700000047683716,17.250864028930664,17.36888885498047,50.36145782470703,7.131078243255615,,7.017378330230713,1.9900000095367432,2.992921829223633,,5.704345703125,2.9549999237060547,10.162676811218262,3.433539628982544,1.0199999809265137,4.349999904632568,7.744390487670898,6.177160263061523,8.961254119873047,25.649999618530277,9.014927864074709,16.336164474487305,2.799999952316284,0.7481622695922852,6.601874351501465,4.28000020980835,27.21037483215332,13.150121688842772,0.8411909937858582,46.293758392333984,46.469364166259766,5.891002655029297,2.740000009536743,9.164087295532228,8.757261276245117,0.6000000238418579,93.1999969482422,2.0204365253448486,2.025782823562622,2.470000028610229,11.643750190734863,,1.899999976158142,34.42537307739258,14.12592887878418,1.6299999952316284,7.752632617950439,6.217968463897705,,,6.917908191680908,7.594587326049805,0.6320000290870667,3.798298597335816,1.5,6.793539047241211,11.1569242477417,11.056593894958496,2.5799999237060547,0.5132537484169006,,0.806397557258606,16.13620376586914,9.0753173828125,2.117217540740967,4.608279705047607,10.221220970153809,8.830093383789062,26.75114250183105,47.4024543762207,26.682716369628903,1.6437506675720217,17.1406192779541,19.720237731933597,2.141948699951172,0.4399999976158142,19.026376724243164,2.585883617401123,2.740000009536743,4735.64013671875
2024-10-31,7.810006141662598,2.940000057220459,0.2621224522590637,4.170000076293945,8.046935081481934,29.97471046447754,29.026988983154297,10.32521152496338,3.031935453414917,43.52888107299805,5.25419282913208,78.97914123535156,10.447200775146484,2.3499999046325684,6.178947925567627,1.8799999952316284,,9.759782791137695,14.616272926330566,6.111773490905762,3.646842241287232,0.0700000002980232,,1.909999966621399,3.5799999237060547,40.22723007202149,12.47544002532959,4.231603622436523,2.900000095367432,10.053107261657717,16.500545501708984,0.60149747133255,6.122951030731201,5.371428489685059,11.861994743347168,,1.8190433979034424,13.823931694030762,1.6068503856658936,20.927526473999023,3.380000114440918,0.7169845700263977,2.789999961853028,1.399999976158142,34.05051040649414,2.698629856109619,17.760311126708984,2.6498777866363525,,27.063018798828125,3.3126957416534424,19.05147933959961,3.4800000190734863,17.643526077270508,18.074275970458984,47.13531875610352,7.1699395179748535,,5.889585494995117,1.649999976158142,3.423154354095459,,5.42148494720459,2.595000028610229,8.938020706176758,3.2782771587371826,1.1349999904632568,4.150000095367432,6.559024333953857,4.847450256347656,8.28515338897705,23.049999237060547,9.163899421691896,14.249250411987305,2.740000009536743,0.8170229196548462,6.5471625328063965,5.400000095367432,27.394853591918945,10.483312606811523,0.8266406059265137,42.77450942993164,42.87879180908203,5.406299591064453,2.6333329677581787,9.8253173828125,8.533103942871094,0.6299999952316284,69.80000305175781,2.1008963584899902,2.0704033374786377,2.240000009536743,11.782366752624512,,1.440000057220459,29.0821475982666,13.137114524841309,1.3899999856948853,7.530600070953369,6.650283336639404,,,7.5476765632629395,5.809859275817871,0.6639999747276306,3.36307692527771,1.4140000343322754,6.476507186889648,9.810399055480955,9.825946807861328,2.4200000762939453,0.5132537484169006,,0.9012759327888488,14.874885559082031,8.458718299865723,2.1757583618164062,3.3276922702789307,9.676457405090332,9.18407917022705,24.606380462646484,43.01869201660156,21.811912536621094,1.6087357997894287,17.233776092529297,18.790037155151367,1.8683077096939087,0.3799999952316284,16.574716567993164,2.7432873249053955,2.6040000915527344,4473.18017578125
2024-11-29,7.886200428009033,2.970000028610229,0.2463556826114654,3.609999895095825,7.942767143249512,29.71253776550293,28.85369300842285,10.790310859680176,2.582433223724365,43.29485321044922,4.732500076293945,76.01741790771484,9.902129173278809,2.259999990463257,6.551645755767822,2.25,,9.30583953857422,13.538790702819824,6.017456531524658,3.4024658203125,0.0662000030279159,,1.6200000047683716,3.319999933242798,39.41827774047852,11.600778579711914,4.276562690734863,2.369999885559082,9.862526893615724,15.78700828552246,0.6457251906394958,5.889695644378662,4.476190567016602,12.506383895874023,,1.7997329235076904,13.120102882385254,1.4385137557983398,20.458301544189453,3.0,0.7083669304847717,2.819999933242798,1.2699999809265137,32.274288177490234,2.7607691287994385,18.41636276245117,2.7521896362304688,,30.19712829589844,3.0764191150665283,19.261993408203125,3.700000047683716,17.184059143066406,17.293031692504883,46.00992584228516,6.78132438659668,,5.817979335784912,1.465000033378601,3.367036819458008,,6.034348964691162,2.6700000762939453,9.54541015625,3.2906365394592285,0.9700000286102296,3.9700000286102295,5.907073020935059,4.12858247756958,7.92352294921875,20.899999618530277,9.112822532653809,13.982318878173828,2.9600000381469727,0.8944964408874512,6.9436140060424805,5.519999980926514,26.195751190185547,10.115478515625,0.7966306209564209,43.92668533325195,42.94601440429688,4.958881855010986,2.5866661071777344,10.61693000793457,8.338854789733887,0.5400000214576721,68.44999694824219,1.9131567478179927,1.896382451057434,2.0299999713897705,12.059598922729492,,1.2000000476837158,26.81472587585449,12.438637733459473,1.375,7.50099515914917,6.800606727600098,,,7.538134574890137,5.657967567443848,0.6159999966621399,3.382859706878662,0.875,7.563474178314209,8.887066841125488,8.837583541870117,2.240000009536743,0.4976480603218078,,0.9364345073699952,14.700908660888672,8.493454933166504,2.6148123741149902,3.506699085235596,11.281049728393556,9.303832054138184,22.75153541564941,46.77619934082031,20.587257385253903,1.3714131116867063,18.072174072265625,18.41795539855957,1.7692307233810425,0.367000013589859,16.286008834838867,2.7064647674560547,2.374000072479248,4334.39013671875
2024-12-30,8.210029602050781,3.180000066757202,0.2897142767906189,3.509999990463257,7.994851112365723,30.5864372253418,28.680395126342773,10.232190132141112,2.5031094551086426,45.51376724243164,4.518233299255371,75.5238037109375,9.811285018920898,2.289999961853028,6.237794876098633,2.400000095367432,,9.30583953857422,14.335190773010254,6.2815446853637695,3.759630918502808,0.0729999989271164,,2.0,3.059999942779541,38.42546463012695,11.923022270202637,4.303976535797119,2.650000095367432,9.529011726379396,15.608623504638672,0.66341632604599,5.98688554763794,4.2434282302856445,11.84884548187256,,1.7224913835525513,13.481040954589844,1.495901346206665,20.83368492126465,2.880000114440918,0.6652789115905762,2.319999933242798,1.5149999856948853,32.293190002441406,2.822908639907837,18.65066719055176,2.7010340690612797,,30.074220657348636,2.546002149581909,18.404903411865234,3.0999999046325684,16.59593963623047,16.709396362304688,44.07799530029297,6.7618937492370605,,5.69266939163208,1.215000033378601,3.722446441650391,,5.3743414878845215,2.690000057220459,9.273813247680664,3.4605753421783447,0.8460000157356262,3.7100000381469727,5.531707286834717,4.165900707244873,8.545907020568848,19.920000076293945,8.938313484191895,11.769220352172852,2.559999942779541,1.016031265258789,7.390388488769531,7.900000095367432,26.93366050720215,9.74764347076416,0.8093621134757996,40.90222930908203,41.082969665527344,4.660603046417236,2.75333309173584,9.778751373291016,9.453476905822754,0.8100000023841858,67.19999694824219,2.002556800842285,1.9231548309326167,1.9149999618530276,12.10580348968506,,1.1200000047683716,26.20350646972656,12.725683212280272,1.2999999523162842,7.28636360168457,7.164924621582031,,,7.872102737426758,5.373170375823975,0.6100000143051147,3.185031652450561,0.9760000109672546,7.474612712860107,9.310261726379396,9.343301773071287,2.2799999713897705,0.4993820488452911,0.8062084317207336,0.9009379148483276,14.805295944213867,8.562932014465332,2.5757856369018555,3.727015256881714,11.557826042175291,9.690723419189451,24.2683048248291,46.631683349609375,21.644914627075195,1.3013836145401,17.8858642578125,19.069095611572266,1.6229743957519531,0.2800000011920929,16.19608497619629,2.8261382579803467,2.490000009536743,4315.8701171875
2025-01-31,8.705299377441406,3.400000095367432,0.3547521829605102,3.559999942779541,8.463604927062988,34.16941833496094,32.406253814697266,10.557761192321776,2.4502267837524414,46.19851303100586,4.611392498016357,74.0429458618164,10.71973705291748,3.130000114440918,6.571261405944824,2.240000009536743,,9.396628379821776,13.538790702819824,6.262681007385254,3.665640354156494,0.0777999982237815,,2.220000028610229,3.299999952316284,38.18645477294922,10.910256385803224,3.996941089630127,2.690000057220459,10.148397445678713,16.857311248779297,0.6987985372543335,6.006323337554932,4.699999809265137,12.274053573608398,,1.8035951852798464,13.860026359558104,1.583895564079285,20.27061080932617,2.950000047683716,0.8876129984855652,2.619999885559082,1.5750000476837158,33.710384368896484,2.911679267883301,19.306720733642575,2.7521896362304688,,30.7785701751709,2.772634744644165,17.532773971557617,3.920000076293945,16.927188873291016,17.247114181518555,46.891483306884766,7.092216491699219,,5.782176971435547,1.2799999713897705,3.638270378112793,,5.845775127410889,2.7699999809265137,9.90589427947998,3.679178476333618,0.7739999890327454,4.329999923706055,6.163902282714844,4.729603290557861,9.135937690734863,20.5,9.772555351257324,11.87599277496338,2.740000009536743,1.0306153297424316,7.390388488769531,8.0600004196167,28.178878784179688,10.281004905700684,0.8548319339752197,49.54354095458984,50.26373672485352,4.84702730178833,2.94666600227356,9.96501350402832,9.462726593017578,1.0700000524520874,78.8499984741211,2.02937650680542,2.0213208198547363,1.8650000095367432,12.521652221679688,,1.100000023841858,30.50175094604492,12.438637733459473,1.3899999856948853,7.360374450683594,7.781463146209717,,,7.814850807189941,4.955467700958252,0.6320000290870667,2.987203598022461,0.9700000286102296,7.474612712860107,10.00275993347168,10.282631874084473,2.3499999046325684,0.5479331016540527,0.714593768119812,0.9577325582504272,16.162302017211914,6.930243015289307,2.6733529567718506,3.194584608078003,13.333017349243164,10.81455135345459,25.949542999267575,51.44900894165039,24.446786880493164,1.6962727308273315,17.979019165039062,18.976076126098636,1.717333436012268,0.2619999945163727,17.279924392700195,2.872166395187378,2.5360000133514404,4570.43017578125
2025-02-28,9.810129165649414,4.25,0.298090398311615,3.5,9.010483741760254,34.8685417175293,33.7926139831543,10.97634983062744,3.1421072483062744,53.35798263549805,4.713867664337158,76.51103973388672,10.401778221130373,2.859999895095825,6.708571434020996,2.3499999046325684,,9.024394035339355,14.522579193115234,6.809722900390625,3.722034692764282,0.0772000029683113,,2.259999990463257,3.3399999141693115,40.76040649414063,9.943525314331056,4.367576599121094,2.430000066757202,10.720138549804688,17.392465591430664,0.8934006690979004,7.192038059234619,4.610476493835449,13.234060287475586,,1.5950422286987305,14.09463596343994,1.4040813446044922,20.64599227905273,2.5999999046325684,0.9005393981933594,2.690000057220459,1.3949999809265137,33.7481803894043,3.053712844848633,18.088335037231445,2.8340392112731934,,32.43307876586914,2.459206342697144,20.60025787353516,3.660000085830689,17.020401000976562,17.02336883544922,50.83037185668945,6.800755500793457,,6.534038543701172,1.3450000286102295,3.9282093048095694,,5.704345703125,2.9200000762939453,9.125669479370115,4.217576026916504,0.7639999985694885,5.699999809265137,5.472439289093018,3.865390300750733,10.144697189331056,20.450000762939453,10.77279567718506,8.345710754394531,2.4600000381469727,1.0257539749145508,8.73071002960205,8.479999542236328,31.914539337158203,8.561372756958008,0.8966640830039978,51.367820739746094,52.03074645996094,4.772457599639893,4.0,11.40854263305664,9.185227394104004,1.100000023841858,83.44999694824219,2.0472564697265625,2.065941572189331,1.8200000524520876,14.5546875,,1.1200000047683716,25.355688095092773,13.82602310180664,1.4900000095367432,7.822942733764648,7.921584606170654,,,8.683167457580566,5.828845500946045,0.5799999833106995,2.373936653137207,0.4679999947547912,7.615643501281738,9.954669952392578,9.96535587310791,2.150000095367432,0.5652727484703064,0.7970468997955322,1.2764043807983398,15.727362632751465,7.173409461975098,2.7514069080352783,2.9559085369110107,13.180313110351562,10.519776344299316,25.711977005004883,46.05360412597656,25.04983711242676,2.057119846343994,18.444795608520508,20.46439743041992,1.75979483127594,0.2240000069141388,17.29885482788086,2.752492904663086,2.289999961853028,4719.31982421875
2025-03-31,9.741935729980469,5.400000095367432,0.2975976467132568,3.5999999046325684,9.6007661819458,33.389610290527344,31.995569229125977,11.301918983459473,3.1641416549682617,54.1814079284668,4.769763469696045,76.51103973388672,11.083117485046388,2.75,7.630509853363037,2.2100000381469727,,10.077544212341309,14.285188674926758,6.449800491333008,3.5716493129730225,0.061999998986721,,2.4200000762939453,3.140000104904175,41.440673828125,10.154717445373535,4.820912837982178,2.150000095367432,11.38716983795166,17.219812393188477,0.8398568630218506,6.772500038146973,4.633535385131836,13.247210502624512,,1.6935255527496338,13.55885124206543,1.3658229112625122,18.909852981567383,3.039999961853028,1.085817813873291,2.6700000762939453,1.399999976158142,31.027156829833984,3.2845165729522705,18.088335037231445,2.977275848388672,,29.633657455444336,2.3386571407318115,18.11348342895508,4.559999942779541,17.64688491821289,17.804582595825195,49.31835174560547,6.78132438659668,,6.355023384094238,1.2599999904632568,3.971112489700317,,5.185768127441406,3.0999999046325684,8.3306303024292,4.319539546966553,0.8579999804496765,5.199999809265137,5.260000228881836,3.450000047683716,9.04267406463623,20.450000762939453,10.808883666992188,8.47428035736084,2.2799999713897705,1.0500611066818235,8.33978271484375,7.980000019073486,31.08439445495605,8.000422477722168,1.0167043209075928,51.84789276123047,52.68377304077149,4.753815174102783,5.466666221618652,12.013894081115724,10.517223358154297,1.0199999809265137,74.80000305175781,2.127716302871704,2.1328725814819336,1.4800000190734863,14.600893020629885,,1.2400000095367432,25.04022026062012,13.682501792907717,1.4800000190734863,8.187446594238281,8.351293563842773,,,8.921716690063477,5.7149271965026855,0.7319999933242798,2.3145880699157715,0.5180000066757202,7.952105522155762,8.755562782287598,8.492467880249023,2.0299999713897705,0.5756765604019165,0.7604011297225952,1.360629916191101,14.509897232055664,6.776510715484619,2.8489749431610107,2.9502487182617188,12.092292785644531,10.575047492980955,23.2445068359375,43.8042106628418,23.73810386657715,1.9044162034988403,17.792709350585938,18.510974884033203,1.7000000476837158,0.2469999939203262,15.716859817504885,2.6880533695220947,2.21399998664856,4505.14990234375
2025-04-30,10.13161277770996,5.079999923706055,0.2946414053440094,3.799999952316284,9.370464324951172,34.48856735229492,34.13480758666992,11.152580261230469,3.083935260772705,54.239776611328125,4.928295612335205,77.99189758300781,12.403124809265137,2.756999969482422,6.708571434020996,2.319999933242798,,9.808247566223145,10.459664344787598,6.449800491333008,3.182142972946167,0.0706000030040741,,2.0999999046325684,3.095000028610229,44.372802734375,9.678299903869627,5.014771938323975,2.25,11.033122062683104,17.280532836914062,0.760811448097229,7.087499618530273,4.377171993255615,14.24631118774414,,1.897876501083374,13.55885124206543,1.3179999589920044,15.214632987976074,2.914999961853028,1.0832539796829224,2.774499893188477,1.3600000143051147,31.16532516479492,3.149721384048462,18.17378807067871,2.846689462661743,,27.172712326049805,2.247039556503296,18.11348342895508,3.75,18.59056854248047,19.06453895568848,52.86880493164063,6.975631713867188,,6.253020286560059,1.2300000190734863,3.455631732940674,,5.863833427429199,2.640000104904175,10.12317180633545,4.800003528594971,0.7731999754905701,4.960000038146973,6.0,3.2100000381469727,9.28252124786377,20.299999237060547,11.18081283569336,9.091927528381348,2.039999961853028,1.069000005722046,8.79586410522461,7.920000076293945,31.06338882446289,8.729479789733887,0.9869002103805542,53.28857421875,53.75738143920898,4.894235134124756,5.179999828338623,13.328914642333984,11.599472045898438,0.9559999704360962,57.25,2.3002712726593018,2.3208467960357666,1.2949999570846558,16.483333587646484,,1.3101999759674072,27.5,14.298870086669922,1.4199999570846558,8.477683067321777,9.176825523376465,,,8.546984672546387,6.254901885986328,0.6499999761581421,2.319999933242798,0.387499988079071,7.176290512084961,8.989564895629883,7.958399295806885,2.009999990463257,0.5305934548377991,0.7649157643318176,1.6019716262817385,14.3193359375,6.682653427124023,2.8489749431610107,3.366309642791748,13.254755973815918,11.519364356994627,21.945825576782227,45.96253204345703,25.536300659179688,2.665015697479248,18.321428298950195,19.16667366027832,1.6699999570846558,0.2380000054836273,15.587443351745604,2.4590463638305664,2.565999984741211,4496.490234375
2025-05-30,10.618709564208984,4.690000057220459,0.2857725918292999,3.380000114440918,8.976511001586914,36.5695686340332,34.22781753540039,11.6353759765625,3.036924123764038,55.16559600830078,4.985161304473877,80.95362091064453,12.11579418182373,2.789999961853028,6.951854705810547,1.899999976158142,,9.808247566223145,11.960819244384766,6.99212646484375,3.1339285373687744,0.0648000016808509,,2.259999990463257,3.0799999237060547,43.7877082824707,10.10726547241211,5.0780463218688965,2.220000028610229,10.838705062866213,17.409563064575195,0.8042864203453064,6.949687480926514,4.434141635894775,14.685922622680664,,1.9232596158981323,13.410666465759276,1.378000020980835,17.84050750732422,2.8399999141693115,1.3378649950027466,3.0,1.3600000143051147,31.261457443237305,3.083974123001098,18.84511375427246,2.852499723434448,,30.233055114746094,1.9075727462768557,21.19400787353516,3.900000095367432,19.675806045532227,20.102706909179688,53.19863128662109,7.984049320220947,,6.374301433563232,1.315000057220459,3.6560964584350586,,7.18416690826416,2.799999952316284,10.439212799072266,4.499475002288818,0.75,4.929999828338623,5.519999980926514,3.25600004196167,10.32362461090088,20.450000762939453,11.722634315490724,9.383870124816896,1.9600000381469729,1.0720000267028809,8.966107368469238,7.920000076293945,32.75518798828125,8.40332317352295,1.0683339834213257,57.50916290283203,58.24122619628906,4.713320255279541,6.133333206176758,14.000155448913574,12.381772994995115,0.8859999775886536,59.09999847412109,2.3386170864105225,2.316120147705078,1.25,15.572916030883787,,1.5199999809265137,26.950000762939453,14.27540397644043,1.3200000524520874,9.03337574005127,9.034770011901855,,,8.243134498596191,6.2941179275512695,0.671999990940094,2.3399999141693115,0.4880000054836273,6.807778358459473,9.672069549560549,8.679587364196777,2.1600000858306885,0.5635387897491455,0.8130842447280884,1.6556308269500732,14.59156608581543,6.438623905181885,2.8294613361358643,3.560156345367432,10.79434585571289,11.387606620788574,22.95277404785156,49.05286407470703,27.334497451782227,2.558026075363159,20.15357208251953,19.45274353027344,1.715000033378601,0.2000000029802322,16.900774002075195,2.61983060836792,2.71399998664856,4730.2998046875
2025-06-30,11.154516220092772,5.0,0.2798600792884826,3.25,9.107829093933104,36.47603988647461,34.41383743286133,12.890645027160645,3.013418436050415,55.92308044433594,5.079936027526856,83.42171478271484,13.073564529418944,2.759999990463257,8.495604515075684,1.809999942779541,,10.13675308227539,10.798633575439451,7.147076606750488,3.2689287662506104,0.0645999982953071,,1.7000000476837158,2.9800000190734863,44.42942428588867,10.249622344970703,4.849184036254883,2.240000009536743,10.595685005187988,17.26725196838379,0.7944057583808899,6.457499980926514,4.225252151489258,15.35258674621582,,1.8685882091522217,13.281005859375,1.3200000524520874,17.28057861328125,2.615000009536743,1.3887872695922852,2.759999990463257,1.315000057220459,29.10814666748047,3.1501944065093994,17.358604431152344,2.9533650875091557,,35.14519500732422,1.903715133666992,20.74733161926269,3.200000047683716,19.25114631652832,19.7629451751709,54.20750427246094,8.674028396606445,,6.675152778625488,1.2649999856948853,3.388810157775879,,6.834666728973389,2.765000104904175,10.8638916015625,4.821239471435547,0.75,4.900000095367432,5.639999866485596,3.1459999084472656,10.66353702545166,20.0,11.580289840698242,11.43938446044922,1.8899999856948853,1.0579999685287476,8.644538879394531,13.75,31.533336639404297,8.067573547363281,1.0159837007522583,61.70050811767578,62.23769378662109,4.31340217590332,7.849999904632568,15.054961204528809,12.400778770446776,0.8100000023841858,57.45000076293945,2.31968092918396,2.3350272178649902,1.2300000190734863,15.189583778381348,,1.399999976158142,27.700000762939453,14.470956802368164,1.2899999618530271,8.777641296386719,9.385174751281738,,,9.585951805114746,6.2941179275512695,0.6119999885559082,2.380000114440918,0.4794999957084656,7.409034729003906,9.652568817138672,8.989501953125,1.975000023841858,0.5668410658836365,0.8092307448387146,1.4800188541412354,14.609715461730955,5.706535339355469,2.8484771251678467,3.7161788940429688,10.315248489379885,10.785287857055664,21.79525184631348,48.660438537597656,24.99398803710937,2.4899415969848637,19.57499885559082,20.88309097290039,1.6699999570846558,0.1944999992847442,19.211091995239254,2.4779622554779053,2.375999927520752,4780.2099609375
2025-07-31,10.862257957458496,4.800000190734863,0.2739475071430206,3.2799999713897705,9.47364330291748,38.81425476074219,36.274044036865234,12.745805740356444,3.004016160964966,56.85824966430664,5.004116058349609,83.42171478271484,12.78623390197754,3.049999952316284,10.377984046936035,1.8550000190734863,,10.277541160583496,11.524999618530272,7.108339309692383,3.375,0.0689999982714653,,1.6799999475479126,3.0,42.61751937866211,12.29005527496338,4.289144992828369,2.809999942779541,10.012436866760254,18.21600151062012,0.8220716118812561,4.882500171661377,4.747474670410156,15.545822143554688,,1.60694682598114,13.318052291870115,1.250599980354309,17.319194793701172,2.5,1.4721144437789917,2.859999895095825,1.809999942779541,29.06969451904297,3.1974947452545166,16.92703628540039,3.1059374809265137,,38.65386581420898,1.9017863273620603,22.580242156982425,3.039999961853028,18.2017765045166,18.199064254760746,52.325565338134766,8.47689151763916,,6.618743419647217,1.3300000429153442,3.5797290802001958,,7.08708381652832,2.845000028610229,11.00216007232666,5.181266784667969,0.7179999947547913,5.019999980926514,5.619999885559082,3.233999967575073,10.746087074279783,20.649999618530277,11.754776000976562,13.738183975219728,1.840000033378601,1.1119999885559082,8.68237018585205,14.350000381469728,31.392353057861328,8.7390718460083,1.060578465461731,67.93878936767578,68.52482604980469,4.361011505126953,9.033332824707031,15.67825698852539,13.008938789367676,0.6880000233650208,60.5,2.4143617153167725,2.3728415966033936,1.3300000429153442,15.620832443237305,,1.4199999570846558,26.299999237060547,16.71982192993164,1.190000057220459,9.052604675292969,9.60299587249756,,,11.01698398590088,6.352941036224365,0.6439999938011169,2.3499999046325684,0.4709999859333038,6.4974517822265625,8.989564895629883,8.804332733154297,1.924999952316284,0.5523066520690918,0.9248351454734802,1.794274091720581,13.702280044555664,5.593906402587891,3.1540229320526123,3.3095741271972656,8.393972396850586,10.126501083374023,21.40941429138184,46.45306015014648,30.16974830627441,3.482027530670166,19.57499885559082,21.645946502685547,1.5149999856948853,0.2039999961853027,23.237367630004883,2.7806143760681152,3.0460000038146973,4856.56982421875
2025-08-29,10.862257957458496,4.550000190734863,0.290699690580368,2.8299999237060547,9.830077171325684,39.656005859375,39.25038146972656,13.18032169342041,3.07923436164856,61.62760925292969,5.402170658111572,81.94085693359375,12.69045639038086,2.789999961853028,11.91177463531494,1.2899999618530271,,10.04289436340332,9.66550350189209,6.527275562286377,3.5582144260406494,0.0700000002980232,,1.6399999856948853,2.900000095367432,42.95724868774414,12.147699356079102,4.577241897583008,3.450000047683716,10.061040878295898,18.453187942504883,0.7865012288093567,5.4140625,4.253737449645996,14.289789199829102,,1.6167097091674805,13.040206909179688,1.1763999462127686,13.727923393249512,2.0999999046325684,1.411933660507202,2.8299999237060547,1.7799999713897705,29.18505096435547,3.5285961627960205,16.639326095581055,4.2284345626831055,,38.32249069213867,2.030050754547119,21.6868896484375,3.180000066757202,18.278095245361328,18.0750675201416,52.112152099609375,8.674028396606445,,7.671725273132324,1.2899999618530271,3.913837194442749,,6.718166828155518,2.890000104904175,10.340450286865234,5.108217716217041,0.9179999828338624,5.340000152587891,5.5,3.134000062942505,10.72666358947754,20.299999237060547,11.975177764892578,15.58020305633545,1.590000033378601,1.0520000457763672,8.483592987060547,13.050000190734863,28.79961204528809,9.046042442321776,1.1342566013336182,65.98932647705078,66.47785186767578,4.551448822021484,9.416666030883787,15.726202011108398,12.66684913635254,0.6259999871253967,47.060001373291016,2.348085165023804,2.363388061523437,1.2549999952316284,13.94374942779541,,1.2999999523162842,23.850000381469727,16.328716278076172,1.1549999713897705,9.427552223205566,10.152278900146484,,,10.35047721862793,5.196078777313232,0.6119999885559082,2.3399999141693115,0.5490000247955322,7.156895160675049,10.335074424743652,9.72433376312256,1.870000004768372,0.5541234612464905,1.4643223285675049,1.8482065200805664,14.482674598693848,5.875479221343994,3.952385187149048,3.233926773071289,9.053953170776367,9.957097053527832,22.89630889892578,45.03053283691406,28.228839874267575,3.666827917098999,18.08035659790039,20.785505294799805,1.4700000286102295,0.2440000027418136,24.00428009033203,2.676577568054199,3.236000061035156,4922.81982421875
2025-09-30,10.716129302978516,5.159999847412109,0.2562099099159241,2.7100000381469727,9.379844665527344,41.90068435668945,39.99446105957031,13.856236457824709,2.834775924682617,63.60081481933594,5.667540073394775,79.96637725830078,12.451013565063477,2.900000095367432,15.019193649291992,1.2899999618530271,,9.667458534240724,9.297479629516602,6.198007106781006,3.240000009536743,0.0675999969244003,,1.6699999570846558,2.819999933242798,42.14566421508789,11.388468742370604,5.856937885284424,4.119999885559082,9.818020820617676,18.54806137084961,0.7924296259880066,5.591249942779541,4.082828521728516,15.560314178466797,,1.6596657037734983,11.63608741760254,1.1200000047683716,14.26854419708252,2.3399999141693115,1.3610113859176636,2.400000095367432,1.830000042915344,28.87161445617676,3.5948164463043213,16.7352294921875,3.5114564895629883,,32.864559173583984,1.9287893772125244,21.625280380249023,3.0799999237060547,17.419523239135742,17.264312744140625,56.2640495300293,8.87116527557373,,7.37087345123291,1.2000000476837158,3.855275869369507,,7.067667007446289,2.865000009536743,10.71574878692627,4.963859081268311,0.949999988079071,4.920000076293945,5.179999828338623,2.996000051498413,11.348217010498049,19.920000076293945,12.83382797241211,15.475937843322754,1.4299999475479126,1.0399999618530271,8.772150039672852,12.649999618530272,28.75161361694336,10.993388175964355,1.1148675680160522,63.1626091003418,63.5048713684082,4.485714435577393,8.683333396911621,15.342636108398438,14.101727485656738,0.6179999709129333,45.65999984741211,2.291276693344116,2.316120147705078,1.190000057220459,13.416666030883787,,1.0800000429153442,23.100000381469727,15.0576171875,1.2000000476837158,9.400632858276367,10.235360145568848,,,10.428889274597168,4.754901885986328,0.5799999833106995,2.2300000190734863,0.6179999709129333,6.924150466918945,9.395493507385254,9.2141695022583,1.809999942779541,0.5468562841415405,1.5173077583312988,1.8801021575927732,14.666316986083984,5.894250869750977,3.981953859329224,3.2953901290893555,8.88284683227539,9.52418041229248,21.898771286010746,43.65705108642578,27.52734375,3.589017391204834,19.092857360839844,21.468599319458008,1.4249999523162842,0.2220000028610229,24.602182388305664,2.723867177963257,2.9739999771118164,5015.77978515625
2025-10-31,10.910967826843262,5.0,0.2631078660488128,2.690000057220459,10.036433219909668,46.29651641845703,42.13370132446289,14.290752410888672,2.957005023956299,65.70494842529297,6.029853343963623,77.99189758300781,13.121452331542969,3.0799999237060547,16.951372146606445,0.9480000138282776,,10.32916259765625,10.217541694641112,5.868737697601318,2.979642868041992,0.0649999976158142,,1.5099999904632568,2.740000009536743,37.05306625366211,10.723670959472656,7.455513954162598,4.5,9.526396751403809,20.39812469482422,0.8517135977745056,5.05968713760376,4.215757846832275,18.68590545654297,,1.6933493614196775,12.475411415100098,1.143399953842163,13.631383895874023,2.1700000762939453,1.5647002458572388,2.7100000381469727,2.25,28.558218002319336,3.77455735206604,15.521286964416504,3.639145851135254,,35.02823638916016,1.9459999799728396,26.369287490844727,2.819999933242798,17.908803939819336,17.677865982055664,56.18644332885742,8.39803695678711,,7.521299362182617,1.0800000429153442,3.874796152114868,,6.795833587646484,2.7049999237060547,10.379955291748049,5.410849571228027,1.024999976158142,4.539999961853027,4.75,2.941999912261963,14.01977252960205,18.239999771118164,13.605234146118164,17.82935333251953,1.2100000381469729,0.9369999766349792,8.579778671264648,14.350000381469728,28.41561889648437,10.51374626159668,1.1439510583877563,59.88946533203125,59.73664093017578,4.5344719886779785,9.016666412353516,14.287829399108888,13.833333015441896,0.6439999938011169,35.5,2.367021322250366,2.377568483352661,1.2050000429153442,14.18333339691162,,1.0499999523162842,24.200000762939453,16.4765625,1.0950000286102295,9.294878959655762,10.158690452575684,,,10.74254035949707,4.56862735748291,0.4589999914169311,2.150000095367432,0.5339999794960022,6.768987655639648,10.214638710021973,9.968199729919434,1.6699999570846558,0.5795586705207825,1.4257875680923462,2.300870656967163,17.723388671875,5.725306987762451,3.99181056022644,2.988072872161865,8.389083862304688,8.995291709899902,22.629478454589844,42.08736038208008,27.459203720092773,3.851628541946411,19.092857360839844,21.17584609985352,1.340000033378601,0.1889999955892563,27.424909591674805,3.2589123249053955,2.931999921798706,5480.83984375
2025-11-28,10.52129077911377,5.139999866485596,0.2502973675727844,2.5199999809265137,10.317829132080078,42.08774185180664,40.45951461791992,12.407849311828612,3.4600250720977783,78.40452575683594,6.376617908477783,80.95362091064453,13.600337982177734,3.4200000762939453,19.30185317993164,0.7200000286102295,,10.280670166015623,10.459664344787598,5.810631275177002,2.700000047683716,0.0751999989151954,,1.309999942779541,2.720000028610229,36.5492057800293,10.723670959472656,7.012779235839844,4.0,9.234771728515623,21.25200080871582,0.847761332988739,5.335312366485596,4.272727489471436,17.096538543701172,,1.6933493614196775,12.132052421569824,1.121000051498413,12.299138069152832,2.220000028610229,1.4165629148483276,2.8299999237060547,2.2300000190734863,29.08707618713379,3.500216007232666,15.472012519836426,3.602663278579712,,36.25627517700195,2.0450000762939453,27.185626983642575,2.539999961853028,18.024717330932617,17.72616958618164,56.78788757324219,8.260041236877441,,7.750270366668701,1.0149999856948853,3.806474924087525,,6.038583278656006,2.7850000858306885,10.458965301513672,5.638693332672119,0.9079999923706056,4.489999771118164,4.400000095367432,2.9800000190734863,13.990174293518066,18.36000061035156,13.995530128479004,16.5235538482666,1.25,0.9660000205039978,7.668859004974365,14.649999618530272,29.13560676574707,10.36026096343994,1.0819064378738403,60.97477722167969,60.82186508178711,4.524720668792725,8.533332824707031,13.664535522460938,14.378872871398926,1.0,32.060001373291016,2.47117018699646,2.47683048248291,1.25,13.94374942779541,,1.0800000429153442,22.299999237060547,16.1796875,1.1050000190734863,9.743855476379396,9.09139633178711,,,9.703571319580078,4.598039150238037,0.4339999854564667,2.140000104904175,0.4350000023841858,6.710801601409912,10.165291786193848,9.997807502746582,1.649999976158142,0.5521193742752075,1.4354212284088137,2.357933521270752,17.047212600708008,5.762849807739258,3.7454023361206055,2.9500925540924072,7.455333709716797,9.043498039245604,22.853052139282227,42.6269416809082,27.36186790466309,3.530659437179565,18.417858123779297,20.102415084838867,1.2799999713897705,0.1844999939203262,26.9802303314209,3.871782541275024,3.1600000858306885,5430.27001953125
2025-12-30,10.375161170959473,5.079999923706055,0.2542390525341034,2.490000009536743,11.631007194519045,43.2100830078125,41.94767761230469,13.856236457824709,3.6245641708374015,74.34590148925781,6.280294418334961,78.97914123535156,14.653885841369627,3.690000057220459,29.829235076904297,0.6000000238418579,,10.32916259765625,10.750210762023926,6.430431842803955,2.5553572177886963,0.0788000002503395,,1.4800000190734863,2.539999961853028,36.56858825683594,10.772415161132812,7.076992511749268,4.0,9.215330123901367,21.44175148010254,0.8497375249862671,5.315625190734863,4.690505027770996,17.56513786315918,8.100520133972168,1.9106987714767456,12.093900680541992,1.128000020980835,13.013529777526855,2.049999952316284,1.4176841974258425,2.880000114440918,2.039999961853028,29.12624931335449,3.632656574249268,15.570560455322266,3.3016812801361084,,39.51154327392578,2.1700000762939453,28.926122665405277,2.299999952316284,18.604291915893555,18.595571517944336,58.74742889404297,8.969734191894531,,8.290090560913086,1.0399999618530271,3.786954641342163,,5.941500186920166,2.470000028610229,10.103419303894045,5.986545562744141,0.7200000286102295,4.369999885559082,4.360000133514404,3.111999988555908,14.779463768005373,17.81999969482422,14.771528244018556,19.274171829223636,1.149999976158142,0.9470000267028807,8.061127662658691,14.199999809265137,30.09559440612793,11.70325756072998,1.1148675680160522,62.45474624633789,62.79499816894531,4.5344719886779785,9.350000381469728,14.000155448913574,12.352581977844238,0.8339999914169312,32.939998626708984,2.4617021083831787,2.491010904312134,1.2799999713897705,14.470833778381348,,0.9900000095367432,22.399999618530277,16.526042938232422,1.0700000524520874,9.931329727172852,9.21753215789795,,,9.781983375549316,4.539216041564941,0.414000004529953,2.25,0.4629999995231628,6.749592304229736,10.510714530944824,10.565303802490234,1.7899999618530271,0.55785071849823,1.2571977376937866,2.478853464126587,17.42815589904785,6.663881778717041,3.705976963043213,2.954977035522461,7.557997226715088,9.429147720336914,24.0972843170166,43.21557235717773,27.576011657714844,3.832175970077514,19.092857360839844,20.88309097290039,1.2799999713897705,0.1735000014305114,29.38728141784668,3.871782541275024,3.121999979019165,5703.52978515625
2026-01-30,9.88806438446045,5.360000133514404,0.3547521829605102,2.3299999237060547,11.537209510803224,47.3253288269043,43.9939079284668,13.32516098022461,4.047665119171143,74.13080596923828,7.320588111877441,81.5,15.180659294128418,3.309999942779541,37.448387145996094,0.4679999947547912,,11.541505813598633,10.362814903259276,6.159269332885742,2.439642906188965,0.0575999990105629,,1.3700000047683716,2.640000104904175,36.006587982177734,10.626182556152344,7.732645511627197,3.900000095367432,9.33198070526123,24.952125549316406,0.8853079080581665,4.862812519073486,4.699999809265137,19.241458892822266,8.417749404907227,1.8652530908584597,11.617012977600098,1.1848000288009644,12.839759826660156,1.8040000200271609,1.60447359085083,2.759999990463257,2.3399999141693115,29.00872611999512,3.661036729812622,16.161848068237305,3.4567325115203857,,42.04558181762695,2.289999961853028,30.60500907897949,2.9600000381469727,20.613977432250977,20.850236892700195,58.80563354492188,8.930307388305664,,9.138378143310549,1.225000023841858,4.09928035736084,7.067410469055176,4.834750175476074,2.4649999141693115,9.412080764770508,5.983067512512207,0.7540000081062317,4.429999828338623,4.800000190734863,2.618000030517578,16.293914794921875,18.600000381469727,14.982748985290527,21.40912437438965,1.100000023841858,0.921999990940094,7.845379829406738,13.0,32.111568450927734,12.298012733459473,1.1303788423538208,68.27596282958984,68.71440124511719,4.710000038146973,10.866665840148926,13.808372497558594,11.992136001586914,0.9039999842643738,26.559999465942383,2.584787368774414,2.590273141860962,1.2300000190734863,13.895833015441896,,1.0800000429153442,20.049999237060547,17.02083396911621,1.2899999618530271,9.03722095489502,9.36307144165039,,,11.075794219970703,4.450980186462402,0.4399999976158142,2.299999952316284,0.5,10.183423042297363,9.79026222229004,9.610922813415527,1.5499999523162842,0.5712238550186157,1.2909157276153564,2.6133594512939453,17.447202682495117,6.795282363891602,3.843965530395508,2.495856523513794,7.538442611694336,9.776233673095703,22.716964721679688,41.20440673828125,28.160043716430664,3.793270349502564,18.803571701049805,20.004831314086918,1.2799999713897705,0.1979999989271164,33.060691833496094,4.30954647064209,3.0859999656677246,5802.330078125
2026-02-27,9.118451118469238,4.820000171661377,0.2730000019073486,1.8049999475479128,11.949921607971191,53.87231063842773,47.249271392822266,13.759676933288574,3.897229194641113,76.9643783569336,6.66558837890625,80.5,17.19197654724121,2.4800000190734863,26.59234046936035,0.2730000019073486,,11.493013381958008,10.701786041259766,5.829999923706055,2.401071548461914,0.0640000030398368,,1.2400000095367432,2.5799999237060547,42.09165954589844,10.479951858520508,8.173689842224121,3.7300000190734863,8.379340171813965,23.52899932861328,0.8497375249862671,4.58718729019165,5.146262645721436,19.1400089263916,6.5677266120910645,1.5945541858673096,12.704318046569824,1.0700000524520874,12.492217063903809,1.5440000295639038,1.810421109199524,2.5799999237060547,2.0999999046325684,30.987037658691406,4.0772786140441895,15.521286964416504,3.8762831687927246,,47.42554473876953,1.75,30.897661209106445,2.640000104904175,19.8324031829834,20.38125228881836,62.10386657714844,8.831738471984863,,9.928829193115234,1.1100000143051147,3.8357555866241455,7.1559882164001465,4.805624961853027,2.565000057220459,9.73305892944336,5.941324710845947,0.722000002861023,4.389999866485596,4.840000152587891,3.1459999084472656,17.467985153198242,17.84000015258789,15.106724739074709,21.03178596496582,1.0199999809265137,0.8410000205039978,7.845379829406738,10.699999809265137,33.071556091308594,11.72244358062744,1.0392504930496216,66.89466094970703,66.79059600830078,4.827018737792969,9.983332633972168,12.801512718200684,11.787558555603027,0.5740000009536743,21.979999542236328,2.6415958404541016,2.6469943523406982,1.2100000381469729,13.799999237060549,,1.1799999475479126,18.600000381469727,15.239583015441896,1.1150000095367432,9.025684356689451,8.887640953063965,,0.2199999988079071,11.409048080444336,3.803921699523926,0.395000010728836,2.2799999713897705,0.4259999990463257,9.799699783325195,11.398943901062012,11.354864120483398,1.5499999523162842,0.5941492319107056,1.242747187614441,3.357975482940674,18.075759887695312,6.982997417449951,3.55813217163086,1.6152245998382568,7.841545104980469,8.985650062561035,26.22608757019043,47.385066986083984,27.71228408813477,3.530659437179565,18.128570556640625,20.39516830444336,1.3450000286102295,0.1949999928474426,35.67074966430664,3.706404685974121,2.8480000495910645,6147.52001953125
2026-03-31,9.18000030517578,4.420000076293945,0.2549999952316284,1.6799999475479126,11.762325286865234,53.12337875366211,48.93741226196289,12.214730262756348,3.7279887199401855,79.38645935058594,6.049118041992188,77.5,16.042652130126953,2.220000028610229,36.352821350097656,0.0604000017046928,,11.59000015258789,9.100000381469728,5.599999904632568,2.169642925262451,0.0599999986588954,0.640999972820282,0.9100000262260436,2.640000104904175,40.618839263916016,10.300000190734863,8.17199993133545,3.559999942779541,7.81553316116333,22.5,0.8536897897720337,4.590000152587891,5.119999885559082,21.13999938964844,5.980802536010742,1.6100000143051147,11.771080017089844,0.9988999962806702,13.12937831878662,1.2860000133514404,1.705052614212036,2.3499999046325684,1.600000023841858,27.3633975982666,3.9732179641723633,14.535808563232422,3.77595591545105,,42.26000213623047,1.7139999866485596,27.940000534057617,3.619999885559082,18.787168502807617,18.86670684814453,54.77999877929688,9.206298828125,,9.466126441955566,1.0199999809265137,3.6991126537323,6.954331398010254,4.737667083740234,2.275000095367432,7.914999961853027,5.984806537628174,0.5600000023841858,4.199999809265137,4.690000057220459,3.0239999294281006,14.54267692565918,17.719999313354492,14.393901824951172,27.950000762939453,1.0499999523162842,0.8339999914169312,6.962774276733398,8.979999542236328,32.68756103515625,11.607329368591309,0.9449999928474426,69.5,69.69999694824219,4.670993804931641,9.083333015441896,12.369999885559082,12.26490592956543,0.6000000238418579,18.940000534057617,2.5185108184814453,2.514644861221313,0.972000002861023,13.991666793823242,,1.159999966621399,18.959999084472656,13.309895515441896,0.9399999976158142,8.84686279296875,8.683884620666504,,0.1379999965429306,11.48746109008789,3.441176414489746,0.3689999878406524,2.0299999713897705,0.4250000119209289,8.699999809265137,10.100000381469728,10.0649995803833,1.149999976158142,0.578865647315979,1.2331135272979736,3.3928253650665283,18.2625732421875,6.5,3.5877013206481934,1.240601897239685,6.995791912078857,8.649999618530273,26.05111694335937,44.150001525878906,24.3700008392334,3.3458590507507324,17.935714721679688,19.712078094482425,1.2000000476837158,0.176499992609024,31.391719818115234,3.2978248596191406,2.595999956130981,5843.97998046875
2026-04-30,9.300000190734863,4.800000190734863,0.2750000059604645,1.6799999475479126,10.880000114440918,47.614288330078125,47.16859436035156,12.5,3.484999895095825,80.33000183105469,6.099999904632568,75.5,14.81999969482422,2.539999961853028,31.700000762939453,0.0126000000163912,,11.600000381469728,8.920000076293945,5.699999809265137,2.630000114440918,0.0794000029563903,0.6510000228881836,1.0,2.5999999046325684,40.63653945922852,9.859999656677246,9.767999649047852,3.0999999046325684,7.300000190734863,23.0,0.7879999876022339,4.690000057220459,5.400000095367432,21.440000534057617,7.138000011444092,1.7640000581741333,13.322457313537598,1.1399999856948853,11.640000343322754,1.100000023841858,1.5959999561309814,2.470000028610229,1.75600004196167,27.26000022888184,4.150000095367432,15.550000190734863,4.015304088592529,,45.619998931884766,1.6419999599456787,27.940000534057617,4.340000152587891,20.122047424316406,20.725690841674805,54.20000076293945,9.0,,9.779999732971191,0.977999985218048,3.943117618560791,7.055836200714111,4.900000095367432,2.164999961853028,8.114999771118164,5.9221930503845215,0.4839999973773956,4.349999904632568,4.199999809265137,2.845999956130981,14.68000030517578,17.049999237060547,15.68371295928955,29.3700008392334,1.149999976158142,0.8899999856948853,6.8843207359313965,8.140000343322754,30.35337448120117,11.920000076293944,0.921999990940094,68.0999984741211,68.69999694824219,4.369999885559082,9.520000457763672,11.199999809265137,12.664319038391112,0.5299999713897705,19.209999084472656,2.630000114440918,2.549999952316284,1.024999976158142,14.399999618530272,,1.090000033378601,13.899999618530272,14.550000190734863,1.100000023841858,8.850000381469727,8.99437141418457,,0.2750000059604645,12.65999984741211,2.869999885559082,0.289000004529953,2.220000028610229,0.4650000035762787,7.800000190734863,9.699999809265137,9.460000038146973,1.1100000143051147,0.620895504951477,1.3300000429153442,3.8557052612304688,18.55555534362793,6.28000020980835,3.380718469619751,1.212000012397766,7.610000133514404,7.800000190734863,25.46999931335449,49.79999923706055,22.21999931335449,2.2153549194335938,20.0,20.600000381469727,1.034999966621399,0.1780000030994415,35.391170501708984,3.3299999237060547,2.525000095367432,6327.5400390625
2026-05-29,9.15999984741211,5.880000114440918,0.2569999992847442,1.8980000019073489,12.140000343322754,43.384090423583984,42.25519561767578,13.699999809265137,3.359999895095825,76.94000244140625,6.079999923706055,77.0,14.899999618530272,2.630000114440918,39.400001525878906,0.0226000007241964,,11.100000381469728,9.18000030517578,5.900000095367432,2.4800000190734863,0.0854000002145767,0.6100000143051147,1.065000057220459,2.700000047683716,40.53824234008789,9.739999771118164,11.05500030517578,3.920000076293945,7.260000228881836,23.5,0.8199999928474426,4.489999771118164,5.059999942779541,20.049999237060547,8.359000205993652,2.2100000381469727,14.059361457824709,1.125,10.9399995803833,0.8560000061988831,1.659999966621399,2.380000114440918,2.109999895095825,27.420000076293945,3.9800000190734863,16.600000381469727,3.609913110733032,,44.84000015258789,1.5080000162124634,28.399999618530277,5.400000095367432,20.36924743652344,20.74546813964844,51.13999938964844,8.899999618530273,,9.399999618530272,0.9100000262260436,3.9821581840515137,6.677844524383545,4.900000095367432,2.220000028610229,7.445000171661377,5.710000038146973,0.5040000081062317,4.329999923706055,4.329999923706055,2.907999992370605,16.280000686645508,15.449999809265137,16.237890243530273,28.1299991607666,1.125,0.8479999899864197,7.12817907333374,8.75,30.940858840942383,12.420000076293944,0.9359999895095824,71.19999694824219,71.3499984741211,4.369999885559082,10.300000190734863,10.859999656677246,13.140000343322754,0.5360000133514404,29.31999969482422,2.569999933242798,2.575000047683716,1.2100000381469729,14.800000190734863,,1.0499999523162842,13.960000038146973,15.75,1.2599999904632568,9.154000282287598,9.117587089538574,,0.1544999927282333,13.119999885559082,2.490000009536743,0.3030000030994415,2.0799999237060547,0.4600000083446502,7.840000152587891,10.100000381469728,10.045000076293944,1.034999966621399,0.6132537126541138,1.274999976158142,4.017488956451416,20.15719223022461,6.239999771118164,3.636982917785645,1.312000036239624,7.054999828338623,8.09000015258789,25.209999084472656,54.59999847412109,23.31999969482422,2.758092403411865,20.5,20.700000762939453,0.9860000014305116,0.1720000058412552,34.29231262207031,3.650000095367432,2.7300000190734863,6468.72998046875
2026-06-30,8.680000305175781,5.260000228881836,0.25,1.9299999475479128,11.279999732971191,43.9743537902832,43.04133987426758,13.100000381469728,3.4749999046325684,73.79000091552734,6.0,75.0,15.199999809265137,2.650000095367432,31.399999618530277,0.0221999995410442,,11.350000381469728,8.399999618530273,5.880000114440918,2.3399999141693115,0.0680000036954879,0.5699999928474426,1.090000033378601,2.700000047683716,36.11481475830078,9.899999618530272,9.83199977874756,3.680000066757202,7.21999979019165,24.600000381469727,0.8059999942779541,4.380000114440918,4.980000019073486,20.290000915527344,6.519999980926514,2.059999942779541,12.994056701660156,1.1050000190734863,9.779999732971191,0.9480000138282776,1.6100000143051147,2.630000114440918,1.840000033378601,26.280000686645508,4.119999885559082,16.5,3.46513032913208,,38.41999816894531,1.5119999647140503,26.8799991607666,5.019999980926514,19.30134391784668,19.34134101867676,49.7599983215332,9.020000457763672,4.170000076293945,10.75,0.9319999814033508,4.210000038146973,6.610000133514404,4.900000095367432,2.0850000381469727,7.420000076293945,5.489999771118164,0.4869999885559082,4.769999980926514,4.139999866485596,2.7219998836517334,15.199999809265137,14.949999809265137,16.282028198242188,28.63999938964844,1.0149999856948853,0.8479999899864197,7.345984935760498,9.59000015258789,31.33251571655273,11.520000457763672,0.9020000100135804,71.69999694824219,71.94999694824219,4.309999942779541,8.640000343322754,10.5,17.959999084472656,0.5899999737739563,23.15999984741211,2.569999933242798,2.555000066757202,1.2100000381469729,15.649999618530272,7.670000076293945,1.1200000047683716,12.199999809265137,14.949999809265137,1.2050000429153442,9.194000244140623,8.338895797729492,11.220000267028809,0.1700000017881393,12.460000038146973,2.490000009536743,0.2800000011920929,1.6150000095367432,0.4350000023841858,7.21999979019165,9.420000076293944,9.326000213623049,0.5460000038146973,0.6159999966621399,1.2000000476837158,3.728027105331421,17.871929168701172,6.119999885559082,3.359999895095825,1.1419999599456787,7.079999923706055,7.659999847412109,23.200000762939453,57.20000076293945,21.1200008392334,3.118272542953491,19.450000762939453,20.299999237060547,0.8999999761581421,0.1679999977350235,33.044960021972656,3.809999942779541,2.630000114440918,6237.14013671875
2026-07-31,8.899999618530273,5.460000038146973,0.2409999966621399,1.1399999856948853,12.0,46.0,43.79999923706055,13.550000190734863,3.640000104904175,77.69000244140625,6.28000020980835,75.5,15.68000030517578,2.809999942779541,28.450000762939453,0.0214000009000301,,11.25,7.920000076293945,6.0,2.5999999046325684,0.0700000002980232,0.5230000019073486,1.059999942779541,2.6600000858306885,34.97999954223633,9.5600004196167,8.567999839782715,3.609999895095825,7.699999809265137,24.899999618530277,0.8399999737739563,4.650000095367432,4.929999828338623,19.725000381469727,6.796000003814697,1.850000023841858,12.7971773147583,1.0750000476837158,10.539999961853027,0.8500000238418579,1.631999969482422,2.569999933242798,1.559999942779541,30.899999618530277,4.0,16.399999618530273,3.349304437637329,8.779999732971191,38.540000915527344,1.631999969482422,27.040000915527344,4.420000076293945,21.149999618530277,21.57999992370605,50.09999847412109,8.699999809265137,3.920000076293945,9.800000190734863,0.9419999718666076,4.360000133514404,6.5130791664123535,4.519999980926514,2.289999961853028,7.875,5.945000171661377,0.4740000069141388,4.650000095367432,4.199999809265137,2.937999963760376,16.110000610351562,14.25,17.1647891998291,30.559999465942383,0.9980000257492064,0.6620000004768372,7.524189472198486,9.489999771118164,32.409568786621094,16.920000076293945,0.8970000147819519,80.69999694824219,81.0999984741211,4.46999979019165,7.5,10.279999732971191,17.1200008392334,0.5619999766349792,25.059999465942383,2.650000095367432,2.575000047683716,1.284999966621399,15.25,7.010000228881836,1.1100000143051147,12.220000267028809,14.899999618530272,1.1950000524520874,9.62399959564209,8.733169555664062,9.8100004196167,0.2060000002384185,11.5,3.0,0.2199999988079071,1.649999976158142,0.395000010728836,7.139999866485596,10.199999809265137,9.937999725341797,0.722000002861023,0.628000020980835,1.215000033378601,4.020999908447266,18.10631561279297,6.179999828338623,3.319999933242798,1.190000057220459,7.304999828338623,7.570000171661377,23.520000457763672,55.0,26.1200008392334,3.515000104904175,18.899999618530277,20.700000762939453,0.9200000166893004,0.1805000007152557,29.045509338378903,4.119999885559082,2.934999942779541,6220.080078125
2026-08-31,9.039999961853027,5.21999979019165,0.2460000067949295,1.034000039100647,12.220000267028809,45.79999923706055,43.400001525878906,13.800000190734863,3.890000104904175,81.98999786376953,7.380000114440918,76.5,15.739999771118164,2.559999942779541,37.09999847412109,0.0223999992012977,,11.300000190734863,7.940000057220459,5.539999961853027,2.5899999141693115,0.0872000008821487,0.5260000228881836,1.034999966621399,2.5799999237060547,35.15999984741211,9.15999984741211,8.722000122070312,3.920000076293945,8.420000076293945,24.799999237060547,0.8420000076293945,4.5,4.949999809265137,20.71999931335449,6.51800012588501,1.9739999771118164,13.761886596679688,1.0850000381469729,12.079999923706056,0.9179999828338624,1.6299999952316284,2.4200000762939453,1.6360000371932983,32.119998931884766,3.880000114440918,16.649999618530273,3.3399999141693115,9.0649995803833,38.79999923706055,1.5499999523162842,29.600000381469727,4.28000020980835,21.850000381469727,22.440000534057617,52.77999877929688,8.65999984741211,3.670000076293945,9.68000030517578,0.8799999952316284,4.550000190734863,6.929839134216309,5.0,2.2799999713897705,8.095000267028809,6.349999904632568,0.4729999899864197,5.239999771118164,4.25,3.430000066757202,17.809999465942383,15.0,17.614999771118164,31.8799991607666,0.8320000171661377,0.6000000238418579,7.960000038146973,9.4399995803833,31.528345108032227,16.959999084472656,0.9169999957084656,78.9000015258789,79.0999984741211,4.650000095367432,9.800000190734863,10.859999656677246,17.079999923706055,0.5339999794960022,35.939998626708984,2.4800000190734863,2.4549999237060547,1.6349999904632568,14.75,7.190000057220459,1.090000033378601,14.9399995803833,14.449999809265137,1.2899999618530271,9.72599983215332,9.492147445678713,10.119999885559082,0.1800000071525573,12.100000381469728,3.2799999713897705,0.2899999916553497,1.5499999523162842,0.4639999866485595,8.319999694824219,10.350000381469728,10.125,0.6940000057220459,0.6240000128746033,1.1649999618530271,3.921999931335449,19.375905990600582,6.099999904632568,3.3299999237060547,1.2400000095367432,7.400000095367432,7.619999885559082,24.059999465942383,57.20000076293945,28.68000030517578,3.6649999618530273,20.0,20.200000762939453,1.1950000524520874,0.1729999929666519,27.61006164550781,4.440000057220459,3.3499999046325684,6441.7099609375
