Date,2P.RO,4RT.RO,AAG.RO,ABN.RO,AG.RO,ALT.RO,ALW.RO,ARCV.RO,ARMT.RO,AROBS.RO,ARTE.RO,ASC.RO,ASP.RO,AST.RO,ATB.RO,ATRD.RO,AVIO.RO,AVSL.RO,BALN.RO,BBGA.RO,BCM.RO,BENTO.RO,BIOW.RO,BNET.RO,BONA.RO,BRCR.RO,BRK.RO,BRNA.RO,BTF.RO,BUCU.RO,BUCV.RO,CACU.RO,CBC.RO,CCOM.RO,CEPO.RO,CFED.RO,CHIA.RO,CHRD.RO,CMF.RO,CMP.RO,CMVX.RO,CODE.RO,COKJ.RO,COMI.RO,COMY.RO,COTE.RO,CRC.RO,CRPC.RO,DENT.RO,DN.RO,DOIS.RO,EAI.RO,EBS.RO,ECT.RO,ELGS.RO,ELJ.RO,ELJA.RO,ELMA.RO,EM.RO,EVER.RO,FAMZ.RO,FEP.RO,FP.RO,GREEN.RO,GRF.RO,HAI.RO,IMP.RO,INFINITY.RO,IORB.RO,IPHI.RO,IPRU.RO,ITG.RO,JTG.RO,LCSI.RO,LIH.RO,LION.RO,M.RO,MAM.RO,MECF.RO,MFC.RO,MILK.RO,MOIB.RO,NAPO.RO,NCHI.RO,NRF.RO,OIL.RO,ONE.RO,PBK.RO,PE.RO,PPL.RO,PRAE.RO,PREH.RO,PRIB.RO,PRSN.RO,RCHI.RO,REIT.RO,RMAH.RO,ROC1.RO,ROCE.RO,RPH.RO,SAFE.RO,SATU.RO,SEOL.RO,SEOM.RO,SMTL.RO,SNP.RO,SPX.RO,STK.RO,STKP.RO,TBK.RO,TBM.RO,TEL.RO,TGN.RO,TRANSI.RO,TRGI.RO,TRIP.RO,TRP.RO,TRVM.RO,TSND.RO,TTS.RO,TUAA.RO,UNIR.RO,UZC.RO,VAC.RO,VIAG.RO,VITK.RO,VNC.RO,WINE.RO,^BET.RO
2023-09-29,2.440000057220459,,3.1361420154571533,1.2659528255462646,1.2703030109405518,0.0829999968409538,8.266199111938477,0.1147093400359153,2.0999999046325684,1.0880000591278076,14.450443267822266,3.9979000091552734,0.0099999997764825,23.888032913208008,1.1393722295761108,37.87792205810547,2.4800000190734863,8.55538558959961,0.1019999980926513,3.5799999237060547,0.0935000032186508,7.037038326263428,0.1770000010728836,0.2509999871253967,1.3799999952316284,0.3000000119209289,0.152999997138977,77.75360870361328,,11.899999618530272,1.1100000143051147,28.00677299499512,147.64060974121094,0.050000000745058,2.0,,21.760629653930664,18.899999618530277,3.9175233840942383,0.5210748314857483,97.37335205078124,2.460278034210205,71.0,0.0049999998882412,2.299999952316284,60.91500854492188,19.600000381469727,2.0,1.797914743423462,0.977999985218048,2.9800000190734863,,160.705078125,0.0375000014901161,0.2759999930858612,0.1599999964237213,34.0,0.2000000029802322,,1.010340929031372,8.5,0.1474323719739914,0.32329061627388,,,1.0950000286102295,5.480000019073486,1.7699999809265137,0.257999986410141,56.0,0.7300000190734863,,,27.0,1.4467270374298096,2.162681102752685,4.550000190734863,2.5899999141693115,0.1289999932050705,31.0,6.71999979019165,,4.880000114440918,0.5149999856948853,4.970099925994873,0.1124784648418426,33.6707763671875,0.0820000022649765,,9.5,,3.039999961853028,9.899999618530272,0.1494999974966049,0.2380000054836273,0.109228178858757,0.5535203218460083,0.800000011920929,0.2023548781871795,0.1850000023841858,1.3134620189666748,11.0,1.4226667881011963,1.1583439111709597,38.32044982910156,0.4475302100181579,0.3050252795219421,,2.200000047683716,16.878643035888672,0.2757252156734466,27.921445846557617,17.886905670166016,0.2596408128738403,19.200000762939453,,0.4126512408256531,0.2739999890327453,0.0860000029206276,6.608816623687744,0.0929562821984291,10.5,5.150000095367432,4.498781204223633,1.2834500074386597,9.0,0.1669999957084655,11.911415100097656,
2023-10-31,2.4200000762939453,,3.153564929962158,1.246172308921814,1.2072720527648926,0.0780000016093254,8.320941925048828,0.0910391584038734,2.0999999046325684,1.0880000591278076,13.81425952911377,3.933713674545288,0.0099999997764825,23.97618103027344,1.1683393716812134,36.34921646118164,2.4600000381469727,8.147985458374023,0.1019999980926513,3.240000009536743,0.0925000011920929,8.926486015319824,0.1659999936819076,0.2479999959468841,1.5,0.3000000119209289,0.1560000032186508,68.90739440917969,,12.5,1.0399999618530271,25.347902297973636,148.61192321777344,0.0584999993443489,2.0,,22.33327865600586,18.299999237060547,4.523411273956299,0.5505697131156921,85.82058715820312,2.253690004348755,68.0,0.0044999998062849,2.299999952316284,61.07447052001953,18.799999237060547,1.7999999523162842,1.676811695098877,1.1399999856948853,2.9800000190734863,,164.4241943359375,0.0375000014901161,0.2080000042915344,0.1599999964237213,46.0,0.1979999989271164,,0.989552080631256,8.5,0.1290033310651779,0.3771723806858063,,,1.0299999713897705,4.71999979019165,1.7300000190734863,0.2560000121593475,56.0,0.7200000286102295,,,25.0,1.3678139448165894,2.026449203491211,4.534999847412109,2.5199999809265137,0.1260000020265579,30.200000762939453,6.659999847412109,,4.519999980926514,0.5149999856948853,4.150000095367432,0.1071853712201118,34.71428680419922,0.0820000022649765,,9.699999809265137,,3.039999961853028,11.699999809265137,0.1509999930858612,0.2160000056028366,0.109228178858757,0.5409402847290039,0.8180000185966492,0.1842193156480789,0.1870000064373016,1.3134620189666748,11.0,1.4006667137145996,1.1824761629104614,36.47251129150391,0.4208354651927948,0.3108168840408325,,2.200000047683716,17.09015464782715,0.2488175481557846,27.27210807800293,17.34544563293457,0.2587102055549621,16.5,,0.3927356004714966,0.2739999890327453,0.0780000016093254,6.578638076782227,0.0919879823923111,9.5,5.849999904632568,4.705147743225098,1.2834500074386597,9.0,0.1659999936819076,11.595511436462402,
2023-11-29,2.490000009536743,,3.205834150314331,1.2066112756729126,1.149090051651001,0.0844999998807907,8.065474510192871,0.1092469841241836,2.0999999046325684,1.0880000591278076,14.541326522827148,4.575577735900879,0.0099999997764825,26.26801872253418,1.318002700805664,37.70806884765625,2.4800000190734863,8.147985458374023,0.1019999980926513,2.180000066757202,0.0925000011920929,10.285714149475098,0.1589999943971634,0.2750000059604645,1.5399999618530271,0.3899999856948852,0.1564999967813491,75.89125061035156,,13.0,1.0099999904632568,24.63887023925781,148.61192321777344,0.0520000010728836,2.0,,26.723583221435547,18.299999237060547,5.165135860443115,0.8848441243171692,80.04419708251953,2.253690004348755,70.0,0.0040000001899898,3.0999999046325684,61.71232604980469,17.600000381469727,1.7999999523162842,1.4904992580413818,1.2999999523162842,2.9800000190734863,,178.61558532714844,0.0390000008046627,0.2680000066757202,0.1360000073909759,45.0,0.2060000002384185,,1.060234308242798,6.599999904632568,0.1336105912923813,0.3925671577453613,,,0.9639999866485596,4.579999923706055,1.8200000524520876,0.2479999959468841,59.5,0.8149999976158142,,,25.0,1.6233400106430054,2.094565153121948,4.090000152587891,2.3499999046325684,0.125,30.399999618530277,6.400000095367432,,4.300000190734863,0.5149999856948853,3.9800000190734863,0.1067442744970321,32.69682312011719,0.0804999992251396,,9.800000190734863,,2.900000095367432,11.699999809265137,0.1749999970197677,0.2199999988079071,0.1034026741981506,0.570293664932251,0.8999999761581421,0.1837420463562011,0.1879999935626983,1.3134620189666748,10.0,1.3200000524520874,1.2066081762313845,40.26565170288086,0.4247611463069916,0.2895809710025787,,2.200000047683716,17.25936508178711,0.2399312257766723,26.993820190429688,17.00936508178711,0.2791836857795715,19.0,,0.3732184767723083,0.2960000038146972,0.0599999986588954,7.514133930206299,0.0953770130872726,9.0,5.599999904632568,5.7782511711120605,1.2834500074386597,9.0,0.1560000032186508,12.691882133483888,
2023-12-29,2.5,,3.258103132247925,1.1571599245071411,1.1830300092697144,0.0825000032782554,8.667648315429688,0.1456626504659652,2.720000028610229,1.0880000591278076,14.90485954284668,4.474713802337647,0.0099999997764825,25.739133834838867,1.346969723701477,40.76547622680664,2.380000114440918,7.41466760635376,0.1019999980926513,2.900000095367432,0.0989999994635582,10.726530075073242,0.1589999943971634,0.277999997138977,1.4199999570846558,0.3899999856948852,0.1494999974966049,75.89125061035156,,12.5,1.0099999904632568,28.71580696105957,139.87005615234375,0.0489999987185001,2.5799999237060547,,22.90592765808105,18.899999618530277,6.284247875213623,0.7334374785423279,81.69459533691406,2.4321069717407227,75.0,0.0044999998062849,2.180000066757202,65.22052001953125,17.850000381469727,1.7999999523162842,1.7233898639678955,1.2799999713897705,2.9800000190734863,,177.9304656982422,0.0465000011026859,0.2360000014305114,0.1800000071525573,45.0,0.2119999974966049,,1.0560765266418457,6.550000190734863,0.1336105912923813,0.4025737643241882,,,0.9959999918937684,5.260000228881836,1.899999976158142,0.2399999946355819,59.5,0.8149999976158142,,,24.0,1.728556990623474,2.2052536010742188,3.9800000190734863,2.490000009536743,0.125,30.600000381469727,6.340000152587891,,4.28000020980835,0.5149999856948853,4.46999979019165,0.1120373830199241,34.366451263427734,0.0820000022649765,,9.5,,3.059999942779541,11.800000190734863,0.1675000041723251,0.25,0.1048590391874313,0.5661003589630127,0.9300000071525574,0.1899463236331939,0.2000000029802322,1.3134620189666748,11.0,1.371333360671997,1.3514010906219482,41.724552154541016,0.451063334941864,0.2992336452007293,,2.4200000762939453,18.52843475341797,0.2594811618328094,27.921445846557617,17.606842041015625,0.3033795952796936,18.899999618530277,,0.4102611541748047,0.2860000133514404,0.0590000003576278,8.147855758666992,0.0871465131640434,9.149999618530272,5.599999904632568,7.057722091674805,1.2834500074386597,9.0,0.1669999957084655,13.323689460754396,
2024-01-31,2.559999942779541,,3.205834150314331,1.1472697257995603,1.1975749731063845,0.0815000012516975,11.587276458740234,0.1310963928699493,2.0999999046325684,0.9200000166893004,16.358993530273438,4.153781414031982,0.0099999997764825,27.590234756469727,1.733197569847107,41.44490051269531,2.0799999237060547,9.533143043518066,0.1019999980926513,2.3399999141693115,0.096000000834465,11.363265991210938,0.1599999964237213,0.2770000100135803,1.399999976158142,0.3000000119209289,0.1430000066757202,73.09770202636719,,12.699999809265137,1.0199999809265137,27.829513549804688,147.64060974121094,0.0515000000596046,2.5799999237060547,,26.15093421936035,18.299999237060547,5.509478092193604,0.7177069187164307,89.94657897949219,2.141005277633667,65.0,0.0044999998062849,3.140000104904175,66.97461700439453,17.350000381469727,2.2799999713897705,1.5743399858474731,1.375,2.9800000190734863,,194.76437377929688,0.0480000004172325,0.2399999946355819,0.1800000071525573,50.0,0.2060000002384185,,0.9978676438331604,6.550000190734863,0.129924789071083,0.4064224660396576,,,1.0149999856948853,4.940000057220459,1.8049999475479128,0.277999997138977,60.0,0.9200000166893004,,,24.0,1.608309030532837,2.2052536010742188,4.0,2.509999990463257,0.1220000013709068,28.600000381469727,6.699999809265137,0.5586933493614197,3.299999952316284,0.5149999856948853,4.300000190734863,0.1146839261054992,35.20547866821289,0.0850000008940696,,9.600000381469728,,3.539999961853028,11.800000190734863,0.2169999927282333,0.2380000054836273,0.1012180969119072,0.570293664932251,0.8939999938011169,0.1918553411960601,0.1979999989271164,1.3134620189666748,11.0,1.3933333158493042,1.488150119781494,52.909454345703125,0.4553816616535187,0.2973031103610992,,2.359999895095825,18.359228134155277,0.2834742963314056,28.47801780700684,17.868236541748047,0.2912816107273102,16.0,,0.4596517384052276,0.2899999916553497,0.0595000013709068,8.81175422668457,0.0876306518912315,9.149999618530272,5.900000095367432,5.819525241851807,1.239193081855774,9.0,0.1879999935626983,14.345728874206545,
2024-02-29,2.75,,3.2929491996765137,1.13737952709198,1.1442420482635498,0.0974999964237213,12.317183494567873,0.1165301278233528,2.0999999046325684,0.949999988079071,16.631641387939453,3.75032377243042,0.0099999997764825,27.325794219970703,1.6607799530029297,44.16260147094727,2.0,15.644134521484377,0.1319999992847442,2.799999952316284,0.0890000015497207,12.58775520324707,0.1580000072717666,0.2630000114440918,1.350000023841858,0.3840000033378601,0.1379999965429306,85.66864776611328,,12.199999809265137,1.0099999904632568,26.411449432373047,161.2390899658203,0.0570000000298023,1.909999966621399,,26.15093421936035,18.299999237060547,5.466435432434082,0.727538526058197,85.82058715820312,1.9156363010406492,69.5,0.0065000001341104,4.0,68.09085845947266,19.200000762939453,2.2799999713897705,1.5743399858474731,1.5700000524520874,2.9800000190734863,,180.08364868164062,0.0515000000596046,0.1840000003576278,0.202000007033348,45.20000076293945,0.1949999928474426,,1.0061832666397097,6.550000190734863,0.1133386418223381,0.3837151229381561,,,0.9940000176429749,4.659999847412109,1.75,0.2759999930858612,44.0,0.8899999856948853,,,23.799999237060547,1.8112269639968872,2.2137680053710938,3.910000085830689,2.180000066757202,0.1169999986886978,29.0,7.260000228881836,0.5627127885818481,4.019999980926514,0.5099999904632568,4.039999961853027,0.1138017401099205,34.92439651489258,0.0825000032782554,,9.0,,3.680000066757202,10.899999618530272,0.2619999945163727,0.209999993443489,0.0997617244720459,0.574487030506134,0.8999999761581421,0.1837420463562011,0.1969999969005584,1.3134620189666748,10.100000381469728,1.3640000820159912,1.447929859161377,59.91217803955078,0.4844317734241485,0.2973031103610992,,2.359999895095825,17.68238639831543,0.2754765748977661,27.82868194580078,17.756208419799805,0.2875591814517975,24.200000762939453,,0.4660249650478363,0.2879999876022339,0.0610000006854534,9.083349227905272,0.0881148055195808,9.149999618530272,6.900000095367432,6.190983295440674,1.239193081855774,9.0,0.1739999949932098,13.398018836975098,
2024-03-29,2.690000057220459,,3.4149105548858643,0.9395743608474731,1.1684839725494385,0.1000000014901161,13.594520568847656,0.1156197413802146,2.0999999046325684,0.944000005722046,15.722808837890623,3.75032377243042,0.0099999997764825,26.973201751708984,1.670435667037964,45.01188278198242,2.0999999046325684,14.584895133972168,0.2220000028610229,3.0,0.1309999972581863,12.73469352722168,0.1539999991655349,0.257999986410141,1.350000023841858,0.3680000007152557,0.1319999992847442,66.0,,13.0,1.2300000190734863,20.561935424804688,158.3251190185547,0.0575000010430812,2.039999961853028,,26.15093421936035,16.799999237060547,5.079049587249756,0.7177069187164307,85.82058715820312,1.9062459468841555,71.5,0.0065000001341104,2.799999952316284,70.00442504882812,13.899999618530272,2.2799999713897705,1.583655595779419,1.6100000143051147,2.9800000190734863,,199.657958984375,0.0450000017881393,0.1899999976158142,0.2000000029802322,45.0,0.2199999988079071,,1.093496561050415,8.0,0.1013597548007965,0.4002645313739776,,,0.9860000014305116,4.619999885559082,1.870000004768372,0.209999993443489,45.0,0.9449999928474426,,,23.399999618530277,2.014143943786621,2.503260850906372,3.869999885559082,2.140000104904175,0.1099999994039535,26.600000381469727,7.0,0.6792746782302856,3.740000009536743,0.5249999761581421,4.320000171661377,0.1058620885014534,33.694664001464844,0.0839999988675117,,8.25,,3.5199999809265137,10.899999618530272,0.2440000027418136,0.2080000042915344,0.1004899144172668,0.595453679561615,0.8500000238418579,0.1713335067033767,0.1949999928474426,1.3134620189666748,11.199999809265137,1.18066668510437,1.8340445756912231,57.18889617919922,0.5287923216819763,0.3359138965606689,,2.359999895095825,16.07489776611328,0.2754765748977661,26.158960342407227,18.12963104248047,0.3052408397197723,19.0,,0.4365499913692474,0.270000010728836,0.0680000036954879,8.691046714782715,0.0968294590711593,8.649999618530273,6.550000190734863,5.9433441162109375,1.0798683166503906,9.0,0.1609999984502792,14.178486824035645,
2024-04-30,2.5199999809265137,,3.3974874019622803,0.9000133872032166,1.3769689798355105,0.0970000028610229,13.229568481445312,0.1001430749893188,2.0999999046325684,0.8880000114440918,15.813692092895508,3.5761032104492188,0.0099999997764825,27.942827224731445,1.87803316116333,42.46403884887695,2.0999999046325684,14.340456008911133,0.2220000028610229,2.0999999046325684,0.1330000013113021,11.510204315185549,0.1469999998807907,0.248999997973442,1.2999999523162842,0.3600000143051147,0.1260000020265579,72.5,,13.100000381469728,1.0299999713897705,19.32112693786621,155.41116333007812,0.066500000655651,2.039999961853028,,21.951513290405277,16.0,4.949921131134033,0.6587173342704773,84.99539184570312,1.9156363010406492,74.5,0.0070000002160668,2.819999933242798,70.4828109741211,14.0,1.7999999523162842,1.5370774269104004,1.590000033378601,2.900000095367432,,214.2408142089844,0.0509999990463256,0.1879999935626983,0.1700000017881393,45.0,0.238999992609024,,1.0810232162475586,8.0,0.118867352604866,0.3979553580284118,,,0.9200000166893004,4.800000190734863,1.870000004768372,0.2619999945163727,40.0,0.9549999833106996,,,24.200000762939453,1.976567029953003,2.4436593055725098,4.130000114440918,2.1600000858306885,0.1150000020861625,27.0,7.28000020980835,0.554673969745636,3.2799999713897705,0.5199999809265137,4.090000152587891,0.1036566346883773,30.637903213500977,0.0829999968409538,,8.0,,3.700000047683716,10.899999618530272,0.2029999941587448,0.2179999947547912,0.085926167666912,0.5870670080184937,0.824999988079071,0.168947234749794,0.1930000036954879,1.3134620189666748,9.199999809265137,1.0486665964126587,1.8018683195114136,54.465614318847656,0.5425322651863098,0.3204695880413055,,2.400000095367432,15.567269325256348,0.2799197435379028,27.3648681640625,17.644182205200195,0.3015183508396148,18.0,,0.4492954313755035,0.3179999887943268,0.0654999986290931,8.08750057220459,0.0939245745539665,8.649999618530273,7.199999809265137,5.571885108947754,1.088719606399536,9.0,0.1570000052452087,13.379436492919922,
2024-05-31,2.5199999809265137,4.217545032501221,3.856890439987183,0.8799999952316284,1.4642419815063477,0.0949999988079071,13.868236541748049,0.1019638627767562,2.0999999046325684,0.8999999761581421,16.005386352539062,3.5485944747924805,0.0099999997764825,26.60268211364746,2.008384943008423,45.01188278198242,1.9900000095367432,15.090258598327637,0.1800000071525573,2.900000095367432,0.1340000033378601,13.273469924926758,0.1459999978542328,0.2199999988079071,1.2599999904632568,0.3440000116825104,0.1315000057220459,65.5,,13.800000190734863,1.1399999856948853,20.030160903930664,144.72665405273438,0.0509999990463256,2.039999961853028,,21.951513290405277,14.5,5.251221179962158,0.6558918356895447,88.29618072509766,1.6151443719863892,68.5,0.006000000052154,3.0,75.93707275390625,15.300000190734863,1.7999999523162842,1.5587795972824097,1.4900000095367432,2.900000095367432,,222.7882232666016,0.0509999990463256,0.1840000003576278,0.1899999976158142,40.0,0.2329999953508377,,1.1668411493301392,7.050000190734863,0.1096528321504592,0.4031801521778106,,,0.8880000114440918,4.71999979019165,1.8949999809265137,0.2479999959468841,40.0,1.340000033378601,,,23.600000381469727,1.6984950304031372,2.7799999713897705,5.099999904632568,2.140000104904175,0.1080000028014183,25.600000381469727,6.860000133514404,0.6672165989875793,3.7200000286102295,0.4699999988079071,4.010000228881836,0.1100050210952758,31.3757381439209,0.0844999998807907,,7.5,,3.759999990463257,10.899999618530272,0.2080000042915344,0.2119999974966049,0.0905313044786453,0.5971310138702393,0.8399999737739563,0.167038232088089,0.1959999948740005,1.3134629726409912,9.0,0.9313333630561828,1.7977499961853027,54.85465621948242,0.5857802033424377,0.3108168840408325,,2.359999895095825,16.542510986328125,0.2843629121780395,30.611549377441406,20.95830345153809,0.3247836828231811,18.0,,0.4492954313755035,0.3179999887943268,0.0684999972581863,8.204824447631836,0.101670928299427,8.649999618530273,7.599999904632568,6.055367469787598,1.239193081855774,9.0,0.1500000059604644,14.587302207946776,
2024-06-28,2.4600000381469727,4.235340595245361,6.026391506195068,0.7699999809265137,1.425454020500183,0.0930000022053718,13.50328254699707,0.1056054234504699,2.0999999046325684,0.8600000143051147,17.323474884033203,3.5577642917633057,0.0099999997764825,24.6762809753418,2.848430633544922,43.73796081542969,2.3399999141693115,15.090258598327637,0.2000000029802322,2.900000095367432,0.1430000066757202,14.399999618530272,0.1509999930858612,0.2060000002384185,1.2999999523162842,0.3160000145435333,0.1354999989271164,62.0,,13.399999618530272,1.1200000047683716,21.31612968444824,116.5583724975586,0.06700000166893,2.059999942779541,,26.34181785583496,12.800000190734863,5.638606548309326,0.6539042592048645,88.50170135498047,1.605754017829895,73.0,0.0065000001341104,3.900000095367432,74.21514892578125,14.300000190734863,1.7999999523162842,1.4905829429626465,1.659999966621399,2.900000095367432,,217.34228515625,0.0494999997317791,0.1800000071525573,0.1840000003576278,55.5,0.2349999994039535,,1.2470057010650637,7.0,0.1059670224785804,0.3439657986164093,,,0.7900000214576721,4.960000038146973,1.9700000286102293,0.2199999988079071,48.0,1.590000033378601,,,23.600000381469727,1.7999999523162842,2.799999952316284,5.960000038146973,2.0999999046325684,0.125,26.799999237060547,6.380000114440918,0.6270227432250977,3.5799999237060547,0.5,4.0,0.1100050210952758,31.09305953979492,0.0829999968409538,20.38364601135254,7.699999809265137,,3.819999933242798,11.800000190734863,0.2319999933242797,0.2440000027418136,0.0859666988253593,0.6290003061294556,0.8700000047683716,0.1699017435312271,0.2000000029802322,1.3134629726409912,9.0,1.0266666412353516,1.7977499961853027,54.66013717651367,0.6378958821296692,0.3088863492012024,,2.5999999046325684,15.873675346374512,0.3127991855144501,39.17464447021485,22.452680587768555,0.3606122732162475,18.0,,0.4484993815422058,0.3059999942779541,0.0680000036954879,8.06226921081543,0.1394344121217727,8.800000190734863,8.800000190734863,6.143126487731934,1.5755454301834106,9.0,0.1480000019073486,14.828875541687012,
2024-07-31,2.440000057220459,4.181954383850098,6.119104862213135,0.7900000214576721,1.4448479413986206,0.0825000032782554,13.685758590698242,0.1265444308519363,2.700000047683716,0.9259999990463256,16.381980895996094,3.77783203125,0.0099999997764825,23.02507972717285,2.751873731613159,45.01188278198242,2.180000066757202,15.090258598327637,0.2000000029802322,3.0,0.1379999965429306,14.149999618530272,0.1270000040531158,0.2000000029802322,1.25,0.2899999916553497,0.1330000013113021,66.0,,12.5,1.190000057220459,20.41290283203125,92.27538299560548,0.0590000003576278,2.859999895095825,,27.799999237060547,10.300000190734863,5.724691867828369,0.6221034526824951,87.58458709716797,1.446117639541626,72.0,0.006000000052154,2.900000095367432,75.59269714355469,13.699999809265137,1.2999999523162842,1.1593424081802368,1.559999942779541,2.900000095367432,,236.65060424804688,0.0480000004172325,0.1800000071525573,0.1710000038146972,58.0,0.2150000035762787,,1.3182631731033323,7.0,0.1041241139173507,0.3657357692718506,,,0.6779999732971191,4.639999866485596,2.0299999713897705,0.2399999946355819,48.0,1.649999976158142,,,20.799999237060547,1.5700000524520874,2.8299999237060547,5.800000190734863,1.850000023841858,0.1150000020861625,26.0,5.920000076293945,0.6109452843666077,3.5799999237060547,0.5199999809265137,3.799999952316284,0.1095523238182067,30.3112907409668,0.0815000012516975,20.20892906188965,7.5,,3.7200000286102295,10.0,0.2169999927282333,0.2540000081062317,0.097378209233284,0.670933723449707,0.8500000238418579,0.1660837233066558,0.1860000044107437,1.3134629726409912,8.0,1.2613333463668823,1.7021249532699585,51.93685531616211,0.6579083204269409,0.2992336452007293,,2.299999952316284,15.873675346374512,0.3252400755882263,42.44699096679688,23.257944107055664,0.3606122732162475,18.0,,0.4325668513774872,0.3079999983310699,0.0780000016093254,7.919714450836182,0.1433075964450836,8.800000190734863,9.550000190734863,5.484934329986572,1.5755454301834106,9.0,0.1420000046491623,15.302663803100586,
2024-08-30,2.25,4.2909088134765625,6.675387382507324,0.7049999833106995,1.3430299758911133,0.0804999992251396,13.79252815246582,0.1037846356630325,2.700000047683716,0.9179999828338624,15.158041000366213,3.805340528488159,0.0099999997764825,22.933347702026367,2.838775157928467,44.16260147094727,3.259999990463257,19.617334365844727,0.1400000005960464,3.0,0.1299999952316284,13.25,0.1159999966621398,0.1909999996423721,1.2000000476837158,0.3199999928474426,0.1230000033974647,60.5,,12.800000190734863,1.1799999475479126,17.16128921508789,96.64631652832033,0.0560000017285347,2.7799999713897705,,27.799999237060547,10.800000190734863,5.864188194274902,0.5863274931907654,86.66747283935547,1.4977647066116333,71.0,0.0054999999701976,2.900000095367432,72.3210220336914,13.949999809265137,1.2999999523162842,1.0911457538604736,1.4850000143051147,2.900000095367432,,242.5916290283203,0.0465000011026859,0.1700000017881393,0.1599999964237213,58.0,0.209999993443489,,1.2959953546524048,7.0,0.1151815429329872,0.3338645100593567,,,0.593999981880188,4.440000057220459,2.240000009536743,0.3019999861717224,48.0,1.7599999904632568,,4.134060382843018,21.799999237060547,1.4249999523162842,2.799999952316284,5.900000095367432,1.75,0.1070000007748603,26.200000762939453,5.940000057220459,0.6431003212928772,3.559999942779541,0.6499999761581421,3.619999885559082,0.1095523238182067,30.23958969116211,0.0810000002384185,19.80125617980957,8.399999618530273,,3.700000047683716,10.0,0.2090000063180923,0.2419999986886978,0.083684392273426,0.6608696579933167,0.959999978542328,0.1583320051431656,0.1850000023841858,1.3134629726409912,6.25,1.0413333177566528,1.673437476158142,51.93685531616211,0.6549428105354309,0.2973031103610992,,2.200000047683716,15.606142044067385,0.329683244228363,43.66242980957031,22.784259796142575,0.3451020419597626,12.399999618530272,,0.3927356004714966,0.2980000078678131,0.0644999966025352,7.222779750823975,0.1249099895358085,8.75,7.349999904632568,5.967608451843262,1.4162206649780271,9.0,0.1379999965429306,14.818402290344238,
2024-09-30,2.309999942779541,3.9800000190734863,6.629030704498291,0.699999988079071,1.3672720193862915,0.0780000016093254,13.031559944152832,0.0974119007587432,2.700000047683716,0.8999999761581421,15.628787994384766,3.117628574371338,0.0099999997764825,22.84161376953125,3.2827279567718506,45.01188278198242,2.799999952316284,20.120346069335938,0.1199999973177909,3.0,0.125,13.850000381469728,0.1230000033974647,0.209999993443489,1.149999976158142,0.3100000023841858,0.1150000020861625,62.5,,12.600000381469728,1.1399999856948853,18.78709602355957,85.96179962158203,0.0509999990463256,3.119999885559082,,24.600000381469727,7.900000095367432,4.797971725463867,0.5903026461601257,73.3692855834961,1.314652442932129,68.0,0.0049999998882412,3.759999990463257,66.63866424560547,12.850000381469728,1.2999999523162842,0.930396556854248,1.5,4.679999828338623,,241.00735473632807,0.0350000001490116,0.1599999964237213,0.163000002503395,51.0,0.202000007033348,,1.3227168321609497,7.0,0.1520396471023559,0.3218474686145782,,,0.578000009059906,4.340000152587891,2.390000104904175,0.2840000092983246,54.5,1.6799999475479126,,4.236944675445557,21.799999237060547,1.100000023841858,2.8299999237060547,6.119999885559082,1.940000057220459,0.1129999980330467,26.0,5.920000076293945,0.6431003212928772,2.799999952316284,0.6150000095367432,3.75,0.1095523238182067,25.939680099487305,0.0754999965429306,20.38364601135254,7.75,,3.5199999809265137,10.899999618530272,0.1749999970197677,0.2240000069141388,0.0806413292884826,0.6566205024719238,0.8899999856948853,0.1435805708169937,0.1790000051259994,1.3134629726409912,5.800000190734863,1.0193333625793457,1.730812430381775,47.17111587524414,0.6323884725570679,0.2876504361629486,,2.259999990463257,15.427785873413086,0.3590081930160522,33.84539794921875,21.789520263671875,0.3509183526039123,12.600000381469728,,0.3951256573200226,0.3000000119209289,0.0759999975562095,6.529013156890869,0.1400000005960464,8.75,7.150000095367432,6.494162559509277,2.56690001487732,9.0,0.1264999955892563,14.605327606201172,
2024-10-31,2.200000047683716,3.220000028610229,6.397246360778809,0.6499999761581421,1.260606050491333,0.0719999969005584,12.746197700500488,0.1001430749893188,2.700000047683716,0.8600000143051147,15.628787994384766,2.70500111579895,0.0099999997764825,22.749879837036133,3.0645406246185303,45.01188278198242,2.640000104904175,20.120346069335938,0.1199999973177909,2.220000028610229,0.1400000005960464,13.300000190734863,0.0989999994635582,0.1934999972581863,1.0700000524520874,0.2319999933242797,0.1035000011324882,65.0,,12.399999618530272,1.2000000476837158,16.890323638916016,72.84898376464844,0.0564999990165233,3.119999885559082,,27.600000381469727,8.699999809265137,4.753546237945557,0.5465764999389648,71.99361419677734,1.1174546480178833,68.0,0.0044999998062849,3.759999990463257,66.63866424560547,13.800000190734863,0.75,0.9206541776657104,1.565000057220459,3.5999999046325684,,252.394287109375,0.0399999991059303,0.1400000005960464,0.163000002503395,59.5,0.2049999982118606,,1.3093560934066772,12.699999809265137,0.1916620880365371,0.2889312505722046,,,0.5099999904632568,3.940000057220459,2.440000057220459,0.2259999960660934,54.5,1.7000000476837158,,4.739768028259277,22.200000762939453,1.0549999475479126,2.9100000858306885,5.889999866485596,1.870000004768372,0.1120000034570694,26.399999618530277,5.820000171661377,0.8601466417312622,3.220000028610229,0.2680000066757202,3.5799999237060547,0.1086469292640686,23.72292900085449,0.0844999998807907,19.27710723876953,8.25,,3.5799999237060547,10.899999618530272,0.1634999960660934,0.2419999986886978,0.0912920609116554,0.6351505517959595,0.7649999856948853,0.1376800090074539,0.1759999990463256,1.3134629726409912,5.800000190734863,1.0560001134872437,1.6543124914169312,43.86427307128906,0.6410632133483887,0.2915114760398865,,2.5999999046325684,15.249431610107422,0.3456701040267944,36.556766510009766,22.452680587768555,0.3606122732162475,12.600000381469728,,0.3732184767723083,0.2960000038146972,0.0715000033378601,6.614545822143555,0.1400000005960464,8.699999809265137,8.649999618530273,6.494162559509277,2.200000047683716,9.0,0.1260000020265579,14.411623001098633,
2024-11-29,1.9700000286102293,3.5199999809265137,5.840964317321777,0.5350000262260437,1.139392971992493,0.0729999989271164,13.031559944152832,0.0974119007587432,2.700000047683716,0.7020000219345093,14.216548919677734,2.686661958694458,0.0099999997764825,21.098678588867188,2.499237060546875,40.76547622680664,2.359999895095825,10.060173034667969,0.0450000017881393,2.859999895095825,0.1500000059604644,11.0,0.0799999982118606,0.1749999970197677,0.9800000190734864,0.25,0.0820000022649765,56.5,,12.0,1.0299999713897705,21.135482788085938,65.07842254638672,0.0764999985694885,3.119999885559082,,26.0,7.0,4.407026290893555,0.5088130831718445,71.07649993896484,1.1362353563308716,65.0,0.0054999999701976,3.759999990463257,63.71138000488281,12.949999809265137,0.8999999761581421,0.9644948840141296,1.4600000381469729,4.679999828338623,,252.49331665039065,0.0450000017881393,0.1379999965429306,0.2119999974966049,59.5,0.2000000029802322,,1.2514593601226809,12.399999618530272,0.1824475526809692,0.267335444688797,,,0.5,3.839999914169312,2.400000095367432,0.2520000040531158,54.5,1.3700000047683716,,4.122161865234375,22.200000762939453,0.9919999837875366,2.799999952316284,5.599999904632568,1.659999966621399,0.1040000021457672,24.799999237060547,5.699999809265137,0.9646505117416382,3.039999961853028,0.2680000066757202,3.75,0.1086469292640686,19.57439613342285,0.0810000002384185,18.947084426879883,7.150000095367432,,3.259999990463257,7.349999904632568,0.125,0.2399999946355819,0.0844451636075973,0.5528493523597717,0.8149999976158142,0.1475142985582351,0.1700000017881393,1.3134629726409912,5.949999809265137,0.9240000247955322,1.6638749837875366,36.47251129150391,0.6185088753700256,0.2625534236431122,,2.5999999046325684,13.777993202209473,0.3778694868087768,34.640106201171875,20.889516830444336,0.3625510334968567,11.399999618530272,,0.3286070525646209,0.2960000038146972,0.0759999975562095,4.06756591796875,0.1299999952316284,8.699999809265137,8.649999618530273,5.792090892791748,1.840000033378601,9.0,0.1234999969601631,14.004842758178713,
2024-12-30,1.7999999523162842,3.940000057220459,5.933677673339844,0.449999988079071,1.0909090042114258,0.0684999972581863,12.936439514160156,0.1074262112379074,2.700000047683716,0.7820000052452087,14.875593185424805,2.980086088180542,0.0099999997764825,21.00694465637207,2.538907527923584,39.91619491577149,2.880000114440918,13.078224182128906,0.0654999986290931,2.759999990463257,0.1449999958276748,10.899999618530272,0.0799999982118606,0.1539999991655349,0.8500000238418579,0.2619999945163727,0.0799999982118606,57.5,,12.399999618530272,1.0199999809265137,24.387096405029297,50.99428939819336,0.0769999995827674,2.559999942779541,,27.799999237060547,6.5,3.998310089111328,0.5227259397506714,74.28640747070312,1.5024598836898804,65.0,0.0044999998062849,3.759999990463257,64.91673278808594,11.5,0.8999999761581421,0.9596236944198608,1.465000033378601,3.5999999046325684,,291.5060119628906,0.0445000007748603,0.1469999998807907,0.209999993443489,50.0,0.2189999967813491,,1.3093560934066772,10.0,0.2174627482891082,0.2743018269538879,,,0.5099999904632568,3.799999952316284,2.4200000762939453,0.2339999973773956,47.0,1.3700000047683716,,4.294517517089844,18.200000762939453,1.0149999856948853,2.8499999046325684,5.800000190734863,1.5499999523162842,0.1099999994039535,19.200000762939453,5.400000095367432,0.9248191118240356,2.799999952316284,0.2080000042915344,3.559999942779541,0.1068361476063728,20.504240036010746,0.0820000022649765,18.97620391845703,6.699999809265137,,3.299999952316284,9.0,0.1159999966621398,0.2300000041723251,0.0874882340431213,0.5904216766357422,0.8100000023841858,0.1484977155923843,0.1609999984502792,1.3134620189666748,4.0,0.9459999799728394,1.568250060081482,39.39031219482422,0.6150389313697815,0.2586923241615295,,2.5799999237060547,13.37669277191162,0.376922458410263,35.247833251953125,22.21583747863769,0.3644897937774658,14.800000190734863,,0.3640566766262054,0.2899999916553497,0.0745000019669532,4.552252292633057,0.1299999952316284,9.449999809265137,8.399999618530273,5.792090892791748,2.680000066757202,9.0,0.1174999997019767,14.082324981689451,
2025-01-31,1.809999942779541,4.079999923706055,5.794606685638428,0.4399999976158142,1.0666660070419312,0.0680000036954879,12.651077270507812,0.1083365976810455,2.0,0.7379999756813049,13.74580192565918,3.6677980422973633,0.0099999997764825,20.181346893310547,2.4496490955352783,40.08605194091797,3.359999895095825,13.078224182128906,0.1000000014901161,2.740000009536743,0.1439999938011169,10.800000190734863,0.0815000012516975,0.1714999973773956,0.8999999761581421,0.1979999989271164,0.1040000021457672,57.0,,11.600000381469728,1.090000033378601,23.303224563598636,47.78893280029297,0.0710000023245811,4.099999904632568,,27.799999237060547,7.150000095367432,3.927229404449463,0.5227259397506714,75.66207885742188,1.2301390171051023,65.0,0.0089999996125698,3.759999990463257,66.98304748535156,10.600000381469728,0.800000011920929,0.930396556854248,1.4800000190734863,4.980000019073486,,294.674560546875,0.0579999983310699,0.202000007033348,0.2000000029802322,46.0,0.2430000007152557,,1.3004488945007324,11.5,0.199033722281456,0.2950268387794494,,,0.6299999952316284,3.799999952316284,2.490000009536743,0.2119999974966049,47.0,1.4500000476837158,,4.854671955108643,20.200000762939453,1.2300000190734863,2.8499999046325684,5.880000114440918,1.649999976158142,0.1019999980926513,20.399999618530277,6.019999980926514,0.9522889852523804,3.119999885559082,0.2080000042915344,3.119999885559082,0.1131738871335983,20.2181339263916,0.0799999982118606,18.73354148864746,6.949999809265137,,3.319999933242798,9.0,0.1199999973177909,0.2080000042915344,0.0912920609116554,0.5600060224533081,0.8450000286102295,0.1455474346876144,0.1560000032186508,1.3134620189666748,4.099999904632568,0.8653333187103271,1.6638749837875366,39.39031219482422,0.6323884725570679,0.2509701550006866,,2.5,12.039024353027344,0.3911280632019043,38.8941535949707,22.73689079284668,0.3867857158184051,14.800000190734863,,0.3337856829166412,0.277999997138977,0.0745000019669532,4.894384384155273,0.135000005364418,7.800000190734863,7.849999904632568,6.2747650146484375,2.880000114440918,9.0,0.1180000007152557,14.043583869934082,
2025-02-28,1.4199999570846558,3.680000066757202,6.304533004760742,0.3779999911785126,1.115151047706604,0.0719999969005584,14.838857650756836,0.1165301278233528,2.5799999237060547,0.6299999952316284,13.27505588531494,4.0345778465271,0.0099999997764825,18.43840980529785,2.4099786281585693,39.91619491577149,3.319999933242798,13.078224182128906,0.066500000655651,2.5,0.1689999997615814,10.0,0.0734999999403953,0.1700000017881393,0.8600000143051147,0.1979999989271164,0.0926000028848648,57.5,,11.800000190734863,1.1299999952316284,24.206449508666992,50.50862884521485,0.0659999996423721,2.799999952316284,,25.799999237060547,6.849999904632568,4.318175315856934,0.5108006000518799,72.91073608398438,1.1315401792526243,60.0,0.0080000003799796,2.640000104904175,67.32743072509766,10.0,1.690000057220459,0.9255253672599792,1.5299999713897705,4.980000019073486,,317.1513977050781,0.0480000004172325,0.1430000066757202,0.1720000058412552,52.5,0.2329999953508377,,1.2692737579345703,13.399999618530272,0.1971908062696457,0.3194092512130737,,,0.5799999833106995,3.4600000381469727,2.4100000858306885,0.2119999974966049,47.0,1.440000057220459,,4.442934036254883,20.799999237060547,1.1349999904632568,2.75,5.920000076293945,1.5299999713897705,0.1019999980926513,19.600000381469727,6.019999980926514,0.9339757561683656,3.0,0.2240000069141388,2.819999933242798,0.1081942319869995,19.3121337890625,0.0839999988675117,18.34528160095215,6.0,,3.1600000858306885,9.0,0.1134999990463256,0.2080000042915344,0.0859666988253593,0.5635843276977539,0.8399999737739563,0.1381717175245285,0.1500000059604644,1.3134620189666748,4.099999904632568,0.8873333930969238,1.5395625829696655,44.44783401489258,0.6506053805351257,0.2509701550006866,,2.4800000190734863,11.593133926391602,0.382604718208313,43.0547103881836,27.000059127807617,0.370306134223938,14.800000190734863,,0.3401579260826111,0.277999997138977,0.0759999975562095,4.77083683013916,0.1309999972581863,2.799999952316284,7.849999904632568,6.187005996704102,2.0799999237060547,9.0,0.1099999994039535,13.96610164642334,
2025-03-31,1.6449999809265137,3.380000114440918,6.072748184204102,0.3799999952316284,1.0860600471496582,0.0515000000596046,14.648614883422852,0.1128885596990585,2.5799999237060547,0.6499999761581421,13.463353157043455,4.658103466033936,0.0099999997764825,19.35574531555176,2.1818735599517822,40.42576217651367,3.5999999046325684,12.575215339660645,0.0815000012516975,2.5,0.1599999964237213,10.5,0.0785000026226043,0.1689999997615814,0.7649999856948853,0.2680000066757202,0.0857999995350837,47.79999923706055,,11.800000190734863,1.1299999952316284,23.483869552612305,45.84629440307617,0.095499999821186,4.599999904632568,,29.200000762939453,6.699999809265137,3.927229404449463,0.5048379898071289,69.70082092285156,1.0798929929733276,61.5,0.0065000001341104,2.640000104904175,69.91032409667969,9.960000038146973,1.9900000095367432,0.7647762894630432,1.5099999904632568,4.960000038146973,,314.1808776855469,0.0540000014007091,0.1400000005960464,0.1620000004768371,18.299999237060547,0.238999992609024,,1.2959953546524048,14.399999618530272,0.1842904835939407,0.3296846449375152,,,0.578000009059906,4.199999809265137,2.380000114440918,0.2759999930858612,47.0,1.159999966621399,,4.002470970153809,20.799999237060547,1.0199999809265137,2.5899999141693115,6.389999866485596,1.5499999523162842,0.1049999967217445,16.5,5.820000171661377,0.9614455699920654,2.7799999713897705,0.2339999973773956,3.119999885559082,0.1045726761221885,17.547813415527344,0.0804999992251396,18.66559600830078,6.199999809265137,,3.380000114440918,10.199999809265137,0.1190000027418136,0.2280000001192093,0.1004212722182273,0.5582168698310852,0.7749999761581421,0.1332545727491378,0.1550000011920929,1.3134620189666748,3.200000047683716,1.378666639328003,1.6256250143051147,48.33823394775391,0.6410632133483887,0.2509701550006866,,2.3399999141693115,11.236422538757324,0.3958632946014404,40.06284713745117,27.947429656982425,0.3344387710094452,11.199999809265137,,0.3094884157180786,0.2399999946355819,0.0790000036358833,3.8489818572998047,0.1000000014901161,2.559999942779541,7.849999904632568,5.835970401763916,2.200000047683716,9.0,0.1049999967217445,14.5665864944458,
2025-04-30,1.6749999523162842,3.7200000286102295,6.007848262786865,0.4239999949932098,1.129696011543274,0.0529999993741512,13.697406768798828,0.1074262112379074,2.359999895095825,0.6019999980926514,12.239412307739258,4.0345778465271,0.0099999997764825,20.73174476623535,2.018233060836792,39.91619491577149,3.0799999237060547,12.575215339660645,0.0799999982118606,2.7799999713897705,0.1500000059604644,9.899999618530272,0.0694999992847442,0.1519999951124191,0.75,0.2479999959468841,0.0900000035762786,30.799999237060547,,12.899999618530272,0.975000023841858,24.025806427001957,40.40690231323242,0.0780000016093254,4.599999904632568,,26.200000762939453,6.650000095367432,4.335945129394531,0.502850353717804,67.86659240722656,0.9765989184379578,66.0,0.0065000001341104,2.640000104904175,71.28787231445312,9.399999618530272,1.9900000095367432,0.8719423413276672,1.4800000190734863,4.960000038146973,,290.5158386230469,0.0544999986886978,0.1420000046491623,0.181999996304512,36.400001525878906,0.2380000054836273,,1.2959953546524048,12.800000190734863,0.1833690255880355,0.325243592262268,,,0.6140000224113464,3.680000066757202,2.430000066757202,0.1990000009536743,47.0,1.1200000047683716,,4.30888032913208,20.399999618530277,0.9559999704360962,2.6700000762939453,6.21999979019165,1.4600000381469729,0.1180000007152557,16.799999237060547,5.199999809265137,0.9889155626296996,3.0999999046325684,0.2339999973773956,2.740000009536743,0.1068361476063728,17.090044021606445,0.0815000012516975,17.957021713256836,6.449999809265137,,3.0199999809265137,8.5,0.1099999994039535,0.2259999960660934,0.0966174378991127,0.576108455657959,0.7799999713897705,0.1573485732078552,0.1560000032186508,1.3134620189666748,3.299999952316284,1.7746667861938477,1.5013126134872437,44.93413162231445,0.6211113333702087,0.2529006898403168,,2.640000104904175,11.41477870941162,0.378816545009613,40.95105743408203,26.76321601867676,0.3412244915962219,14.5,,0.2903688251972198,0.2660000026226043,0.0780000016093254,3.820470571517944,0.123999997973442,2.680000066757202,7.849999904632568,5.967608451843262,2.200000047683716,9.0,0.1035000011324882,14.585957527160645,
2025-05-30,1.559999942779541,2.940000057220459,5.568385601043701,0.3260000050067901,1.260606050491333,0.0700000002980232,15.07666015625,0.1110677719116211,2.359999895095825,0.550000011920929,12.239412307739258,4.621425628662109,0.0099999997764825,18.825838088989254,2.0628621578216557,33.971229553222656,3.119999885559082,12.156042098999023,0.0729999989271164,2.200000047683716,0.152999997138977,8.600000381469727,0.0615000016987323,0.1519999951124191,0.7300000190734863,0.2599999904632568,0.0846000015735626,28.799999237060547,,11.699999809265137,0.9800000190734864,23.303224563598636,42.79999923706055,0.0689999982714653,5.099999904632568,,26.200000762939453,5.849999904632568,4.139535903930664,0.4860000014305115,68.42977905273438,0.8545240759849548,67.5,0.006000000052154,2.640000104904175,73.82164001464844,9.65999984741211,1.9900000095367432,0.7111932039260864,1.7400000095367432,4.900000095367432,,357.892822265625,0.0535000003874301,0.1360000073909759,0.1780000030994415,45.59999847412109,0.2399999946355819,,1.3456896543502808,10.600000381469728,0.1649399697780609,0.3371089398860931,,,0.7200000286102295,3.920000076293945,2.359999895095825,0.1860000044107437,47.0,1.2300000190734863,,5.03660249710083,20.399999618530277,0.9139999747276306,2.5899999141693115,6.599999904632568,1.4500000476837158,0.101000003516674,16.600000381469727,5.25,0.9706021547317504,2.7799999713897705,0.2540000081062317,3.690000057220459,0.109051801264286,19.244564056396484,0.0820000022649765,18.83060646057129,5.449999809265137,,2.7799999713897705,8.899999618530273,0.0982000008225441,0.2300000041723251,0.1143301278352737,0.6029457449913025,0.6679999828338623,0.144564002752304,0.1650000065565109,1.3134620189666748,3.5,1.90666663646698,1.3200000524520874,46.39303588867188,0.6645824313163757,0.2240000069141388,,2.0,11.325600624084473,0.3968103229999542,44.17665481567383,32.731651306152344,0.3460714221000671,15.600000381469728,,0.3712269067764282,0.2479999959468841,0.0635000020265579,4.013501167297363,0.1159999966621398,2.700000047683716,6.849999904632568,5.712508201599121,1.7200000286102295,9.0,0.1030000001192092,19.176755905151367,
2025-06-30,1.600000023841858,3.259999990463257,5.41262674331665,0.3580000102519989,1.2799999713897705,0.0729999989271164,14.79129695892334,0.1266345083713531,2.359999895095825,0.6060000061988831,11.768665313720703,4.604056358337402,0.0320000015199184,21.191387176513672,2.4099786281585693,35.66979217529297,3.119999885559082,14.652667045593262,0.1140000000596046,2.8399999141693115,0.1539999991655349,7.980000019073486,0.0810000002384185,0.147499993443489,0.7350000143051147,0.2460000067949295,0.0817999988794326,29.0,,11.5,0.975000023841858,23.483869552612305,37.0,0.0825000032782554,5.099999904632568,,26.0,8.5,3.499789237976074,0.4900000095367431,66.0969467163086,0.920256733894348,66.0,0.0175000000745058,2.3399999141693115,73.07408142089844,8.819999694824219,1.5399999618530271,0.8962982892990112,1.7400000095367432,4.900000095367432,,364.4834899902344,0.0520000010728836,0.1340000033378601,0.1519999951124191,48.400001525878906,0.2300000041723251,,1.4514224529266355,13.5,0.1566469073295593,0.3512363731861114,,,0.7039999961853027,3.819999933242798,2.5199999809265137,0.2179999947547912,61.0,1.2200000286102295,,4.768494129180908,20.399999618530277,0.9700000286102296,2.640000104904175,6.699999809265137,1.4500000476837158,0.101000003516674,16.899999618530273,5.349999904632568,0.9980722069740297,3.0799999237060547,0.2680000066757202,3.319999933242798,0.1081076264381408,21.23705673217773,0.0810000002384185,20.100000381469727,5.599999904632568,,2.9200000762939453,10.199999809265137,0.1049999967217445,0.2339999973773956,0.1296879053115844,0.6673554182052612,0.6499999761581421,0.1416137069463729,0.164000004529953,1.3134620189666748,3.4600000381469727,1.7899999618530271,1.649999976158142,45.12865447998047,0.6969785094261169,0.270000010728836,,2.0999999046325684,13.38479995727539,0.4062807261943817,53.292476654052734,33.53095626831055,0.3528571426868438,11.600000381469728,,0.3489211797714233,0.2479999959468841,0.0659999996423721,4.457799911499023,0.1159999966621398,2.4800000190734863,6.800000190734863,6.609513282775879,1.5,9.0,0.1155000030994415,19.757869720458984,
2025-07-31,1.6399999856948853,2.900000095367432,5.451566219329834,0.3100000023841858,1.406059980392456,0.0804999992251396,19.180910110473636,0.1305309683084488,2.5999999046325684,0.621999979019165,12.214678764343262,6.6450300216674805,0.0289999991655349,19.22009658813477,2.657918930053711,34.14108657836914,3.140000104904175,14.652667045593262,0.1480000019073486,2.7799999713897705,0.1599999964237213,7.679999828338623,0.0794999971985817,0.1134999990463256,0.7599999904632568,0.2800000011920929,0.0832000002264976,27.799999237060547,,13.100000381469728,1.090000033378601,19.870967864990234,34.79999923706055,0.0799999982118606,5.0,,28.799999237060547,7.75,3.763214349746704,0.5680000185966492,64.3473129272461,0.8357433080673218,64.0,0.0199999995529651,2.3399999141693115,74.56920623779297,9.18000030517578,1.2200000286102295,0.9839796423912048,2.4100000858306885,3.799999952316284,,407.6223754882813,0.050000000745058,0.1739999949932098,0.1689999997615814,40.400001525878906,0.2319999933242797,,1.480258584022522,13.399999618530272,0.1695472449064254,0.4033615887165069,,,0.7080000042915344,4.400000095367432,2.5799999237060547,0.2140000015497207,60.0,1.309999942779541,,4.720617771148682,17.600000381469727,0.8059999942779541,2.7799999713897705,7.78000020980835,1.6399999856948853,0.101000003516674,16.799999237060547,5.300000190734863,1.1445780992507937,2.619999885559082,0.2680000066757202,3.7200000286102295,0.1123564019799232,22.209003448486328,0.101000003516674,20.850000381469727,6.199999809265137,,2.700000047683716,10.199999809265137,0.1094999983906745,0.2000000029802322,0.1757612377405166,0.6977710723876953,0.7400000095367432,0.1381717175245285,0.1679999977350235,0.8702222108840942,3.299999952316284,1.75,1.649999976158142,49.89439392089844,0.7228953838348389,0.2619999945163727,,2.2799999713897705,12.916800498962402,0.4100688993930816,59.83238983154297,40.86280059814453,0.3780612051486969,8.199999809265137,,0.429379791021347,0.2479999959468841,0.0700000002980232,4.862606048583984,0.1080000028014183,2.559999942779541,7.75,6.987199783325195,1.600000023841858,9.0,0.1199999973177909,20.242130279541016,
2025-08-29,1.559999942779541,3.0799999237060547,4.789590358734131,0.257999986410141,1.532120943069458,0.0769999995827674,18.000545501708984,0.1305309683084488,2.5999999046325684,0.6800000071525574,11.245259284973145,6.910831451416016,0.0299999993294477,20.600000381469727,2.4397313594818115,38.04777908325195,3.039999961853028,14.652667045593262,0.1379999965429306,2.440000057220459,0.1689999997615814,8.479999542236328,0.0775000005960464,0.1040000021457672,0.7599999904632568,0.2520000040531158,0.0785999968647956,28.0,,2.0999999046325684,0.9300000071525574,22.39999771118164,30.399999618530277,0.0780000016093254,5.0,,28.399999618530277,7.050000190734863,3.7443981170654297,0.5619999766349792,62.98650360107422,0.8451336622238159,65.0,0.0154999997466802,2.720000028610229,74.00852966308594,9.399999618530272,1.3300000429153442,0.9742372632026672,2.8399999141693115,3.799999952316284,,411.81640625,0.0450000017881393,0.2800000011920929,0.181999996304512,49.59999847412109,0.2080000042915344,,1.8647414445877075,13.399999618530272,0.202719509601593,0.4145660996437073,,,0.6919999718666077,4.53000020980835,2.990000009536743,0.2280000001192093,77.0,1.2350000143051147,,4.730193138122559,17.600000381469727,0.7580000162124634,3.0,8.039999961853027,1.7300000190734863,0.1070000007748603,18.600000381469727,6.0,1.0621684789657593,2.319999933242798,0.2879999876022339,3.5899999141693115,0.1071634590625763,23.618328094482425,0.1059999987483024,20.600000381469727,6.400000095367432,,2.940000057220459,10.199999809265137,0.1330000013113021,0.2300000041723251,0.1638163030147552,0.749656617641449,0.7540000081062317,0.1357131451368332,0.1749999970197677,0.923622190952301,3.559999942779541,1.590000033378601,1.6100000143051147,53.78479766845703,0.7793571352958679,0.2619999945163727,,2.5,13.291199684143066,0.4242745339870453,57.34352111816406,46.728271484375,0.4158673584461212,10.600000381469728,,0.4333629012107849,0.2479999959468841,0.0734999999403953,4.902099132537842,0.1049999967217445,2.240000009536743,7.599999904632568,6.751145839691162,2.400000095367432,9.0,0.1064999997615814,20.0,
2025-09-30,1.5700000524520874,2.9200000762939453,4.867469787597656,0.2280000001192093,1.5175750255584717,0.0740000009536743,20.65636444091797,0.1646248698234558,3.180000066757202,0.7089999914169312,10.760549545288086,8.714483261108398,0.0254999995231628,19.515789031982425,2.5799999237060547,38.04777908325195,2.880000114440918,14.652667045593262,0.1580000072717666,2.0,0.1650000065565109,8.100000381469727,0.0719999969005584,0.1260000020265579,0.7450000047683716,0.25,0.0776000022888183,26.799999237060547,,2.3399999141693115,0.9700000286102296,21.49677276611328,22.799999237060547,0.0734999999403953,5.050000190734863,,28.200000762939453,6.849999904632568,3.876110553741455,0.5379999876022339,60.26486206054688,0.8451336622238159,60.5,0.0140000004321336,2.759999990463257,73.82164001464844,9.020000457763672,1.340000033378601,0.876813530921936,2.809999942779541,4.860000133514404,,422.0019836425781,0.0509999990463256,0.2460000067949295,0.181999996304512,56.0,0.209999993443489,,1.9224138259887693,10.600000381469728,0.2632073163986206,0.4374622106552124,,,0.6100000143051147,4.460000038146973,3.0,0.1940000057220459,65.0,1.2400000095367432,,4.989999771118164,20.200000762939453,0.7360000014305115,3.369999885559082,7.829999923706055,1.75,0.1070000007748603,19.5,7.0,0.9574576020240784,2.299999952316284,0.2300000041723251,3.3499999046325684,0.1085797175765037,26.87435340881348,0.1030000001192092,20.5,6.199999809265137,,2.559999942779541,9.75,0.119499996304512,0.2140000015497207,0.1595502644777298,0.6897831559181213,0.722000002861023,0.1342380046844482,0.1689999997615814,1.013611078262329,3.539999961853028,1.7200000286102295,1.5499999523162842,57.09999847412109,0.8061995506286621,0.2939999997615814,,2.400000095367432,13.571999549865724,0.4432153403759002,60.927494049072266,54.74441909790039,0.4720918238162994,11.899999618530272,,0.4363706707954407,0.2660000026226043,0.0649999976158142,4.97614860534668,0.0930000022053718,1.7999999523162842,7.599999904632568,6.467880725860596,2.200000047683716,9.0,0.1094999983906745,18.520000457763672,
2025-10-31,1.4299999475479126,2.799999952316284,4.8480000495910645,0.2540000081062317,1.4981809854507446,0.067500002682209,20.36127471923828,0.16559898853302,3.200000047683716,0.6620000004768372,10.760549545288086,7.993021965026855,0.0230000000447034,19.663637161254883,2.484999895095825,34.82051086425781,2.5,21.74266815185547,0.1519999951124191,1.8200000524520876,0.1679999977350235,7.539999961853027,0.0710000023245811,0.1340000033378601,0.6549999713897705,0.3379999995231628,0.0781999975442886,25.200000762939453,,3.1600000858306885,1.149999976158142,20.59354782104492,21.799999237060547,0.0860000029206276,5.050000190734863,,27.600000381469727,6.0,4.586685180664063,0.5699999928474426,58.9040412902832,0.8263529539108276,60.0,0.0135000003501772,3.0,73.07408142089844,8.899999618530273,1.600000023841858,1.0424339771270752,2.7799999713897705,4.880000114440918,,451.9595336914063,0.0540000014007091,0.2319999933242797,0.1700000017881393,71.5,0.209999993443489,,2.2011637687683105,11.899999618530272,0.2707816660404205,0.4657169878482818,,,0.492000013589859,4.170000076293945,3.289999961853028,0.2000000029802322,78.5,1.309999942779541,,4.909999847412109,18.0,0.7179999947547913,3.400000095367432,8.460000038146973,1.690000057220459,0.1059999987483024,18.899999618530277,6.5,0.9430957436561584,1.809999942779541,0.1979999989271164,3.2799999713897705,0.1048030331730842,25.75661277770996,0.1129999980330467,20.850000381469727,6.0,,2.940000057220459,7.300000190734863,0.1150000020861625,0.2280000001192093,0.1706419885158538,0.6653493642807007,0.6639999747276306,0.1366965770721435,0.1599999964237213,0.9888888597488404,3.5999999046325684,1.75,1.559999942779541,59.0,0.8728429675102234,0.2300000041723251,,2.5,13.291199684143066,0.414000004529953,75.06427001953125,60.2188606262207,0.4799999892711639,12.800000190734863,,0.4288985729217529,0.270000010728836,0.0700000002980232,4.95640230178833,0.101000003516674,1.1699999570846558,6.099999904632568,6.798356533050537,1.899999976158142,6.300000190734863,0.097800001502037,18.299999237060547,
2025-11-28,1.3450000286102295,2.0999999046325684,4.63383150100708,0.2680000066757202,1.4109090566635132,0.06700000166893,20.262908935546875,0.1880035549402237,2.240000009536743,0.6840000152587891,10.760549545288086,9.322028160095217,0.0225000008940696,19.318660736083984,2.375,42.29418182373047,2.4800000190734863,27.4146671295166,0.1400000005960464,1.75,0.1679999977350235,7.0,0.0839999988675117,0.1305000036954879,0.5950000286102295,0.2800000011920929,0.0851999968290329,24.399999618530277,,1.909999966621399,1.1299999952316284,19.69032096862793,21.399999618530277,0.0890000015497207,5.050000190734863,,27.200000762939453,6.349999904632568,4.311090469360352,0.550000011920929,59.0,0.878000020980835,61.0,0.0125000001862645,2.0999999046325684,73.07408142089844,8.300000190734863,1.3799999952316284,1.0424339771270752,2.700000047683716,4.800000190734863,,476.7244262695313,0.0540000014007091,0.2419999986886978,0.1560000032186508,73.0,0.2179999947547912,,2.691379308700561,11.800000190734863,0.2329100966453552,0.4850000143051147,,,0.5,3.950000047683716,3.829999923706055,0.2300000041723251,78.0,1.25,,4.800000190734863,18.899999618530277,0.6940000057220459,4.0,8.800000190734863,1.5800000429153442,0.1000000014901161,18.200000762939453,6.699999809265137,0.9670321941375732,1.3899999856948853,0.2300000041723251,2.990000009536743,0.1057472005486488,26.60400009155273,0.1190000027418136,23.100000381469727,6.5,,3.319999933242798,7.0,0.1049999967217445,0.2360000014305114,0.1706419885158538,0.6803855299949646,0.6639999747276306,0.1391551494598388,0.1609999984502792,0.9100000262260436,3.680000066757202,1.6799999475479126,1.5399999618530271,56.70000076293945,0.8668556213378906,0.25,,2.5,13.946399688720703,0.3740000128746032,71.18163299560547,61.782989501953125,0.5059999823570251,14.0,,0.4264078736305237,0.2399999946355819,0.0750000029802322,5.459940910339356,0.1000000014901161,1.190000057220459,8.699999809265137,6.987199783325195,1.899999976158142,6.300000190734863,0.0949999988079071,18.81999969482422,
2025-12-30,1.2899999618530271,1.5499999523162842,4.818795204162598,0.3659999966621399,1.4933329820632937,0.0654999986290931,19.574363708496094,0.1899999976158142,1.6100000143051147,0.6700000166893005,10.178897857666016,9.399999618530272,0.0230000000447034,19.318660736083984,2.450000047683716,40.935333251953125,2.680000066757202,38.0,0.164000004529953,1.850000023841858,0.1689999997615814,7.099999904632568,0.0839999988675117,0.1140000000596046,0.6000000238418579,0.3700000047683716,0.1014999970793724,24.0,,1.940000057220459,1.1200000047683716,19.870967864990234,21.399999618530277,0.0724999979138374,5.099999904632568,,27.0,6.25,4.07486629486084,0.6200000047683716,58.79999923706055,0.9800000190734864,65.0,0.0130000002682209,2.0999999046325684,71.9527359008789,8.119999885559082,1.3799999952316284,1.1495999097824097,2.799999952316284,4.800000190734863,,514.271240234375,0.0540000014007091,0.2460000067949295,0.152999997138977,72.0,0.2479999959468841,,2.6625430583953857,11.800000190734863,0.2045064270496368,0.5360000133514404,,,0.4900000095367431,4.400000095367432,3.700000047683716,0.2259999960660934,79.0,1.3450000286102295,,4.519999980926514,19.0,0.6859999895095825,4.0,10.279999732971191,1.559999942779541,0.1049999967217445,18.200000762939453,6.099999904632568,0.9478830099105836,3.0999999046325684,0.2119999974966049,2.8299999237060547,0.1052751168608665,29.31366729736328,0.1120000034570694,29.25,6.550000190734863,,2.4200000762939453,6.699999809265137,0.1040000021457672,0.2479999959468841,0.1706419885158538,0.7518072128295898,0.7099999785423279,0.1406302899122238,0.1800000071525573,0.8920000195503235,4.28000020980835,1.7300000190734863,1.5399999618530271,55.79999923706055,0.9405903220176696,0.3000000119209289,,2.3399999141693115,13.8996000289917,0.3729999959468841,74.66604614257812,64.42245483398438,0.5220000147819519,14.600000381469728,,0.4288985729217529,0.2739999890327453,0.0740000009536743,5.40070104598999,0.0820000022649765,1.159999966621399,8.0,7.050000190734863,1.899999976158142,4.599999904632568,0.096000000834465,19.459999084472656,
2026-01-30,1.3799999952316284,2.0199999809265137,4.818795204162598,0.3600000143051147,1.5757570266723633,0.0640000030398368,21.148181915283203,0.1909999996423721,2.140000104904175,0.753000020980835,9.791131019592283,12.0,0.0234999991953372,19.46650695800781,2.309999942779541,43.73796081542969,2.880000114440918,36.0,0.164000004529953,1.4299999475479126,0.1659999936819076,7.059999942779541,0.0890000015497207,0.1110000014305114,0.6050000190734863,0.3680000007152557,0.1075000017881393,25.0,,1.940000057220459,1.159999966621399,20.59354782104492,28.799999237060547,0.0995000004768371,4.639999866485596,,24.0,9.649999618530272,4.232349395751953,0.7080000042915344,56.0,0.9549999833106996,65.0,0.0149999996647238,2.0999999046325684,72.1396255493164,8.479999542236328,1.3899999856948853,1.1301151514053345,3.299999952316284,4.119999885559082,,558.708251953125,0.0520000010728836,0.2399999946355819,0.164000004529953,70.0,0.2619999945163727,,2.9701292514801025,11.800000190734863,0.2272293418645858,0.6800000071525574,,,0.5299999713897705,4.710000038146973,4.159999847412109,0.2080000042915344,80.0,1.340000033378601,,4.5,19.0,0.7580000162124634,4.690000057220459,13.18000030517578,1.5499999523162842,0.1000000014901161,18.5,6.400000095367432,0.9861813187599182,2.9200000762939453,0.1969999969005584,3.150000095367432,0.1062192842364311,33.796932220458984,0.1220000013709068,35.349998474121094,6.699999809265137,,2.539999961853028,6.900000095367432,0.1084999963641166,0.25,0.1774676591157913,0.8457831144332886,0.6779999732971191,0.175050288438797,0.202000007033348,0.9160000085830688,4.320000171661377,1.690000057220459,1.4600000381469729,57.0,0.9613872766494752,0.2939999997615814,,2.5,14.133600234985352,0.3910000026226043,84.52196502685547,74.39375305175781,0.5879999995231628,14.600000381469728,,0.4981400370597839,0.2000000029802322,0.0750000029802322,5.7758870124816895,0.0989999994635582,1.059999942779541,8.649999618530273,7.0,1.600000023841858,7.050000190734863,0.0988000035285949,19.559999465942383,
2026-02-27,1.3600000143051147,1.690000057220459,4.604626655578613,0.3160000145435333,1.5903029441833496,0.0595000013709068,21.738365173339844,0.1800000071525573,1.7999999523162842,0.7400000095367432,10.663607597351074,12.300000190734863,0.0230000000447034,19.46650695800781,2.130000114440918,45.86116027832031,2.9200000762939453,43.0,0.1580000072717666,1.4299999475479126,0.1589999943971634,7.380000114440918,0.0860000029206276,0.1115000024437904,0.6050000190734863,0.3919999897480011,0.1185000017285347,23.0,,1.850000023841858,1.2999999523162842,20.9548397064209,28.399999618530277,0.0995000004768371,4.639999866485596,,23.799999237060547,9.699999809265137,4.645740985870361,0.7099999785423279,55.79999923706055,0.8199999928474426,61.0,0.0130000002682209,2.0999999046325684,77.37255859375,7.519999980926514,1.2000000476837158,1.0716609954833984,3.5,4.400000095367432,,512.7733764648438,0.0535000003874301,0.2360000014305114,0.1650000065565109,74.0,0.2479999959468841,,2.8547844886779785,12.800000190734863,0.2442715466022491,0.5730000138282776,,,0.4950000047683716,4.489999771118164,4.300000190734863,0.2300000041723251,82.0,1.315000057220459,,4.489999771118164,19.0,0.6340000033378601,4.670000076293945,13.220000267028809,1.5800000429153442,0.0920000001788139,18.5,6.050000190734863,1.0053304433822632,2.0999999046325684,0.1909999996423721,2.859999895095825,0.1095238849520683,33.15646743774414,0.1379999965429306,42.29999923706055,6.949999809265137,,2.9600000381469727,8.550000190734863,0.0997999981045723,0.2660000026226043,0.197944700717926,0.8457831144332886,0.7139999866485596,0.1652159988880157,0.209999993443489,0.8799999952316284,4.260000228881836,1.659999966621399,1.4199999570846558,45.900001525878906,0.9179027080535888,0.270000010728836,,2.4600000381469727,15.163200378417969,0.3689999878406524,100.1520538330078,90.03501892089844,0.628000020980835,15.899999618530272,,0.5180656313896179,0.2140000015497207,0.0745000019669532,5.884493350982666,0.1500000059604644,1.6399999856948853,8.399999618530273,7.150000095367432,1.9800000190734863,6.599999904632568,0.09740000218153,19.0,
2026-03-31,1.159999966621399,1.4600000381469729,4.186024188995361,0.2739999890327453,1.420606017112732,0.0599999986588954,20.066181182861328,0.1780000030994415,1.7999999523162842,0.6629999876022339,10.37278175354004,12.0,0.0225000008940696,19.61435317993164,1.8179999589920044,45.01188278198242,2.4200000762939453,39.59999847412109,0.1580000072717666,2.5799999237060547,0.1700000017881393,7.480000019073486,0.0729999989271164,0.1014999970793724,0.5649999976158142,0.3499999940395355,0.100500002503395,22.399999618530277,780.0,1.830000042915344,1.2799999713897705,22.94193458557129,27.799999237060547,0.0879999995231628,5.800000190734863,,24.0,9.350000381469728,4.035495758056641,0.6779999732971191,55.400001525878906,0.824999988079071,69.0,0.0120000001043081,2.0999999046325684,73.82164001464844,6.940000057220459,1.190000057220459,1.0716609954833984,2.9100000858306885,4.400000095367432,10.91972541809082,476.7244262695313,0.0560000017285347,0.2119999974966049,0.1439999938011169,72.5,0.2399999946355819,,2.9509050846099854,12.800000190734863,0.1865174174308776,0.527999997138977,,,0.4210000038146972,4.190000057220459,3.920000076293945,0.2000000029802322,82.0,1.2999999523162842,,4.130000114440918,17.700000762939453,0.6420000195503235,4.440000057220459,11.739999771118164,1.559999942779541,0.0890000015497207,18.5,6.75,1.0340542793273926,2.5,0.1979999989271164,2.75,0.111412227153778,28.968799591064453,0.1299999952316284,42.70000076293945,6.900000095367432,,2.259999990463257,8.399999618530273,0.101000003516674,0.2199999988079071,0.2013575434684753,0.8269879221916199,0.7039999961853027,0.1558734327554702,0.1990000009536743,0.8619999885559082,3.859999895095825,1.6200000047683716,1.25,37.0,0.9462623000144958,0.2540000081062317,,2.259999990463257,16.005599975585938,0.2840000092983246,90.99302673339844,83.58300018310547,0.6079999804496765,12.199999809265137,,0.4533074498176574,0.209999993443489,0.0750000029802322,5.015641689300537,0.1469999998807907,1.7000000476837158,7.699999809265137,7.400000095367432,1.7000000476837158,6.599999904632568,0.0934000015258789,18.940000534057617,
2026-04-30,1.190000057220459,1.5800000429153442,4.039999961853027,0.2720000147819519,1.4933329820632937,0.0604999996721744,19.574363708496094,0.1840000003576278,1.840000033378601,0.6600000262260437,10.178897857666016,10.5,0.0234999991953372,20.20574188232422,1.7999999523162842,45.86116027832031,2.5899999141693115,41.0,0.1280000060796737,2.6600000858306885,0.1519999951124191,7.460000038146973,0.0820000022649765,0.097800001502037,0.5950000286102295,0.3899999856948852,0.099600002169609,21.600000381469727,900.0,1.7999999523162842,1.2799999713897705,22.39999771118164,25.0,0.0820000022649765,4.800000190734863,1.7799999713897705,24.0,8.100000381469727,4.271719932556152,0.6520000100135803,54.5,0.8849999904632568,60.0,0.0126000000163912,2.0999999046325684,76.4381103515625,6.900000095367432,1.1799999475479126,1.1106305122375488,3.0199999809265137,5.599999904632568,10.93936538696289,496.6000061035156,0.0540000014007091,0.2000000029802322,0.1449999958276748,63.0,0.2280000001192093,,2.9412930011749268,12.800000190734863,0.1846238374710083,0.5419999957084656,,,0.4059999883174896,4.420000076293945,4.059999942779541,0.2039999961853027,81.0,1.399999976158142,,3.940000057220459,17.799999237060547,0.5400000214576721,4.300000190734863,12.0,1.5299999713897705,0.0895000025629997,18.5,6.550000190734863,1.0149049758911133,2.359999895095825,0.2000000029802322,2.7100000381469727,0.1109401434659957,29.067333221435547,0.124499998986721,46.900001525878906,6.900000095367432,,2.3399999141693115,7.699999809265137,0.1049999967217445,0.2460000067949295,0.2319999933242797,0.838265061378479,0.6399999856948853,0.1784922927618026,0.2039999961853027,0.871999979019165,4.119999885559082,1.5399999618530271,1.149999976158142,38.0,0.9500434994697572,0.2720000147819519,,2.2799999713897705,15.724799156188965,0.289000004529953,91.0925750732422,85.04936981201172,0.6119999885559082,12.199999809265137,,0.4752255976200104,0.209999993443489,0.0734999999403953,5.489560604095459,0.1000000014901161,1.6200000047683716,7.599999904632568,7.25,1.8899999856948853,6.599999904632568,0.0920000001788139,18.549999237060547,
2026-05-29,1.1299999952316284,1.3899999856948853,3.9913253784179688,0.2960000038146972,1.551514983177185,0.0649999976158142,23.21381950378418,0.1800000071525573,2.9800000190734863,0.6880000233650208,10.566665649414062,12.899999618530272,0.0230000000447034,21.100000381469727,2.015000104904175,48.0,2.630000114440918,46.79999923706055,0.1299999952316284,2.5799999237060547,0.1550000011920929,8.880000114440918,0.0785000026226043,0.101000003516674,0.574999988079071,0.3379999995231628,0.1099999994039535,21.200000762939453,,1.7899999618530271,1.2799999713897705,22.39999771118164,26.799999237060547,0.0939999967813491,4.800000190734863,2.539999961853028,19.0,6.25,4.192978858947754,0.7699999809265137,54.5,1.0800000429153442,61.0,0.0111999996006488,2.5,76.19999694824219,6.21999979019165,0.8600000143051147,1.1301151514053345,3.069999933242798,4.21999979019165,11.29288101196289,539.0,0.0570000000298023,0.2220000028610229,0.1650000065565109,65.0,0.2479999959468841,,3.345000028610229,12.800000190734863,0.206399992108345,0.5659999847412109,,,0.3799999952316284,4.139999866485596,4.340000152587891,0.2160000056028366,81.0,1.7000000476837158,,3.5999999046325684,19.0,0.550000011920929,4.489999771118164,11.300000190734863,1.4600000381469729,0.0850000008940696,18.5,6.400000095367432,1.0627779960632324,2.220000028610229,0.2899999916553497,2.680000066757202,0.1174999997019767,30.0,0.1379999965429306,52.400001525878906,7.449999809265137,,2.299999952316284,6.900000095367432,0.1209999993443489,0.2399999946355819,0.2300000041723251,0.7518072128295898,0.6480000019073486,0.1815000027418136,0.2039999961853027,0.9200000166893004,5.0,1.340000033378601,1.2300000190734863,40.5,1.0520000457763672,0.257999986410141,,2.680000066757202,17.596799850463867,0.2669999897480011,89.69880676269531,84.56057739257812,0.6159999966621399,10.399999618530272,,0.4309999942779541,0.2060000002384185,0.0710000023245811,5.639999866485596,0.1330000013113021,1.8799999952316284,5.849999904632568,6.699999809265137,1.4600000381469729,6.599999904632568,0.0939999967813491,20.0,
2026-06-30,1.059999942779541,1.6299999952316284,4.139999866485596,0.2820000052452087,1.430302977561951,0.0680000036954879,22.62363624572754,0.1659999936819076,2.9800000190734863,0.6880000233650208,10.600000381469728,12.449999809265137,0.0215000007301569,20.700000762939453,2.164999961853028,44.0,2.549999952316284,46.0,0.135000005364418,2.059999942779541,0.1439999938011169,8.380000114440918,0.0829999968409538,0.100500002503395,0.5699999928474426,0.3300000131130218,0.1084999963641166,19.700000762939453,,1.7599999904632568,1.2799999713897705,21.399999618530277,27.0,0.0799999982118606,4.639999866485596,,19.0,7.949999809265137,4.527629375457764,0.7360000014305115,60.0,1.0099999904632568,62.0,0.0105999996885657,2.200000047683716,75.0,6.5,1.1799999475479126,1.1200000047683716,3.609999895095825,5.0,11.779999732971191,615.0,0.0599999986588954,0.1969999969005584,0.1480000019073486,65.0,0.2399999946355819,,3.259999990463257,11.5,0.2259999960660934,0.609000027179718,,,0.3849999904632568,4.019999980926514,4.139999866485596,0.1870000064373016,81.0,1.7200000286102295,,4.0,19.0,0.6000000238418579,4.400000095367432,11.859999656677246,1.3300000429153442,0.0995000004768371,18.5,6.400000095367432,1.2255456447601318,2.039999961853028,0.2899999916553497,2.700000047683716,0.1134999990463256,32.04999923706055,0.1324999928474426,55.400001525878906,7.400000095367432,,2.200000047683716,7.400000095367432,0.1169999986886978,0.2380000054836273,0.2220000028610229,0.766843318939209,0.6359999775886536,0.197500005364418,0.202000007033348,0.8899999856948853,4.900000095367432,1.2000000476837158,1.1699999570846558,38.900001525878906,1.059999942779541,0.2479999959468841,,2.380000114440918,16.600000381469727,0.2689999938011169,99.35562133789062,92.87000274658205,0.6359999775886536,9.600000381469728,1.659999966621399,0.426499992609024,0.2060000002384185,0.0700000002980232,5.840000152587891,0.125,2.0999999046325684,5.349999904632568,6.75,1.8200000524520876,6.599999904632568,0.0944999977946281,19.549999237060547,
2026-07-31,1.0399999618530271,1.7400000095367432,4.099999904632568,0.277999997138977,1.565000057220459,0.0700000002980232,24.590909957885746,0.1560000032186508,2.0999999046325684,0.7200000286102295,9.0,12.550000190734863,0.0215000007301569,21.299999237060547,2.140000104904175,43.59999847412109,2.5999999046325684,47.59999847412109,0.0989999994635582,2.440000057220459,0.1400000005960464,8.699999809265137,0.0680000036954879,0.1064999997615814,0.5699999928474426,0.3479999899864197,0.1354999989271164,21.200000762939453,,1.7400000095367432,1.2799999713897705,24.600000381469727,24.200000762939453,0.0890000015497207,7.5,,26.799999237060547,7.949999809265137,4.704797744750977,0.7120000123977661,74.0,1.0,64.0,0.0104000000283122,2.200000047683716,78.19999694824219,6.0,1.090000033378601,1.2000000476837158,3.650000095367432,4.519999980926514,15.5,593.5,0.0649999976158142,0.2080000042915344,0.1620000004768371,70.5,0.2399999946355819,,3.369999885559082,13.899999618530272,0.2240000069141388,0.6029999852180481,,,0.3630000054836273,4.139999866485596,4.079999923706055,0.1780000030994415,80.0,1.774999976158142,,4.099999904632568,18.899999618530277,0.5,4.630000114440918,12.18000030517578,1.2100000381469729,0.1159999966621398,18.5,6.150000095367432,1.2255456447601318,2.059999942779541,0.3000000119209289,2.869999885559082,0.1190000027418136,34.45000076293945,0.1469999998807907,61.20000076293945,7.099999904632568,,2.220000028610229,7.400000095367432,0.1190000027418136,0.2399999946355819,0.277999997138977,0.8213493824005127,0.593999981880188,0.2140000015497207,0.2179999947547912,1.024999976158142,4.099999904632568,1.190000057220459,1.1299999952316284,39.59999847412109,1.2580000162124634,0.2680000066757202,,2.440000057220459,17.0,0.2630000114440918,114.0,99.0999984741211,0.6679999828338623,11.199999809265137,1.6449999809265137,0.4404999911785126,0.19200000166893,0.0700000002980232,6.579999923706055,0.1180000007152557,2.0799999237060547,5.599999904632568,6.949999809265137,1.7999999523162842,6.599999904632568,0.0974999964237213,19.899999618530277,
2026-08-31,1.0299999713897705,1.7699999809265137,4.289999961853027,0.2860000133514404,1.5549999475479126,0.0694999992847442,25.799999237060547,0.1790000051259994,2.2799999713897705,0.7699999809265137,8.350000381469727,12.300000190734863,0.0199999995529651,24.200000762939453,1.9420000314712524,43.20000076293945,2.5,47.79999923706055,0.0834999978542327,1.5099999904632568,0.1299999952316284,8.880000114440918,0.0680000036954879,0.1435000002384185,0.5450000166893005,0.270000010728836,0.1539999991655349,20.200000762939453,1180.0,1.7899999618530271,1.2799999713897705,21.799999237060547,25.399999618530277,0.0874999985098838,6.0,,21.200000762939453,7.699999809265137,4.566999912261963,0.7239999771118164,75.5,1.0299999713897705,77.5,0.0104000000283122,2.200000047683716,75.5999984741211,5.840000152587891,1.0800000429153442,1.1699999570846558,3.259999990463257,5.300000190734863,14.899999618530272,640.0,0.0649999976158142,0.3300000131130218,0.1500000059604644,67.0,0.2739999890327453,,3.4800000190734863,15.5,0.25,0.5929999947547913,13.399999618530272,,0.3600000143051147,4.059999942779541,4.670000076293945,0.2119999974966049,80.0,1.6549999713897705,,4.039999961853027,19.0,0.5049999952316284,4.730000019073486,10.65999984741211,1.2100000381469729,0.125,18.5,6.0,1.1297999620437622,2.039999961853028,0.2720000147819519,2.869999885559082,0.1164999976754188,33.79999923706055,0.1570000052452087,59.0,6.550000190734863,,1.919999957084656,7.5,0.1230000033974647,0.2399999946355819,0.2639999985694885,0.7518072128295898,0.6000000238418579,0.2150000035762787,0.2199999988079071,0.9980000257492064,4.739999771118164,0.8999999761581421,1.159999966621399,39.400001525878906,1.1950000524520874,0.2720000147819519,,2.400000095367432,16.450000762939453,0.3140000104904175,89.0999984741211,91.0,0.6919999718666077,11.199999809265137,1.6299999952316284,0.4154999852180481,0.1930000036954879,0.0729999989271164,6.800000190734863,0.123999997973442,1.9900000095367432,5.5,6.599999904632568,1.5199999809265137,4.619999885559082,0.0925000011920929,19.5,
