Rank,Ticker,Name,Return (%),Risk,Industry,Sector,Rating
1,AAYAN.KW,A'ayan Leasing and Investment Company K.S.C.P.,56.83,0.278,Rental & Leasing Services,Industrials,
2,AAYANRE.KW,A'ayan Real Estate Company K.S.C.P.,62.06,0.301,Real Estate Services,Real Estate,
3,KFH.KW,Kuwait Finance House K.S.C.P.,9.34,0.072,Banks - Diversified,Financial Services,3.4 - Hold
4,ZAIN.KW,Mobile Telecommunications Company K.S.C.P.,13.82,0.108,Telecom Services,Communication Services,2.9 - Hold
5,KIB.KW,Kuwait International Bank K.S.C.P.,5.59,0.051,Banks - Regional,Financial Services,
6,KCIN.KW,Kuwait National Cinema Company (K.P.S.C),33.67,0.281,Entertainment,Communication Services,
7,SPEC.KW,Specialities Group Holding Company K.P.S.C.,40.01,0.329,Conglomerates,Industrials,
8,NAPESCO.KW,National Petroleum Services Company K.S.C.P.,22.88,0.203,Oil & Gas Equipment & Services,Energy,
9,OOREDOO.KW,National Mobile Telecommunications Company K.S.C.P.,50.35,0.412,Telecom Services,Communication Services,
10,BOUBYAN.KW,Boubyan Bank K.S.C.P.,10.83,0.105,Banks - Regional,Financial Services,
11,NICBM.KW,National Industries Company - KPSC,29.37,0.278,Building Products & Equipment,Industrials,
12,GFH.KW,GFH Bank B.S.C.,43.55,0.402,Banks - Regional,Financial Services,
13,ALG.KW,Ali Al-Ghanim Sons Automotive Company K.S.C.P.,12.12,0.138,Auto & Truck Dealerships,Consumer Cyclical,
14,MABANEE.KW,Mabanee Company K.P.S.C.,23.53,0.272,Real Estate - Diversified,Real Estate,
15,TAM.KW,Tamdeen Real Estate Company - KPSC,11.03,0.135,Real Estate - Diversified,Real Estate,
16,SENERGY.KW,Senergy Holding Company K.S.C.P.,41.18,0.488,Oil & Gas Equipment & Services,Energy,
17,JTC.KW,JTC Logistics Transportation & Stevedoring Co. K.S.C.P.,16.64,0.22,Trucking,Industrials,
18,JAZEERA.KW,Jazeera Airways K.S.C.P.,35.97,0.485,Airlines,Industrials,3.3 - Hold
19,ALENMA.KW,Al-Enma'a Real Estate Company K.S.C.P.,16.93,0.269,Real Estate Services,Real Estate,
20,AMAR.KW,Amar Finance and Leasing Company - KPSC,25.98,0.399,Real Estate Services,Real Estate,
21,MIDAN.KW,Al-Maidan Clinic for Oral Health Services Company K.S.C.P.,16.22,0.262,Medical Care Facilities,Healthcare,
22,ALMANAR.KW,Al Manar Financing and Leasing Company K.S.C. (Public),17.23,0.305,Credit Services,Financial Services,
23,ALAQARIA.KW,Kuwait Real Estate Holding Company - KPSC,19.41,0.362,Real Estate Services,Real Estate,
24,STC.KW,Kuwait Telecommunications Company K.S.C.P.,8.07,0.178,Telecom Services,Communication Services,
25,ALIMTIAZ.KW,Al Imtiaz Group Holding Co (K.S.C.P),27.43,0.576,Asset Management,Financial Services,
26,MAZAYA.KW,Al-Mazaya Holding Company - K.S.C. (Public),11.53,0.272,Real Estate Services,Real Estate,
27,AQAR.KW,Aqar Real Estate Investments Company K.S.C. (Public),13.53,0.326,Real Estate Services,Real Estate,
28,WETHAQ.KW,Wethaq Takaful Insurance Company K.S.C.P.,17.95,0.516,Insurance - Diversified,Financial Services,
29,COAST.KW,Coast Investment & Development Company K.S.C.P.,13.37,0.403,Asset Management,Financial Services,
30,GBK.KW,Gulf Bank K.S.C.P.,3.67,0.118,Banks - Regional,Financial Services,
31,EMIRATES.KW,Kuwait Emirates Holding Company K.S.C.P.,15.12,0.576,Real Estate - Diversified,Real Estate,
32,SECH.KW,The Securities House K.S.C.P.,6.87,0.3,Asset Management,Financial Services,
33,MUNTAZAHAT.KW,Kuwait Resorts Company K.P.S.C.,12.03,0.527,Resorts & Casinos,Consumer Cyclical,
34,INJAZZAT.KW,Injazzat Real Estate Development Company K.P.S.C.,7.59,0.378,Real Estate - Development,Real Estate,
35,KINV.KW,Kuwait Investment Company K.S.C.P.,7.13,0.362,Capital Markets,Financial Services,
36,MADAR.KW,Al Madar Kuwait Holding Company K.S.C.P.,3.54,0.354,Real Estate Services,Real Estate,
37,UPAC.KW,United Projects Company For Aviation Services K.S.C.P.,4.43,0.488,Airports & Air Services,Industrials,
38,ARGAN.KW,Al Argan International Real Estate Company - K.S.C.P.,3.66,0.414,Real Estate Services,Real Estate,
39,NCCI.KW,National Consumer Holding Company - K.S.C. (Public),0.82,0.208,Packaging & Containers,Consumer Cyclical,
40,KUWAITRE.KW,Kuwait Reinsurance Company K.S.C.P.,0.01,0.198,Insurance - Reinsurance,Financial Services,
41,SHUAIBA.KW,Shuaiba Industrial Company K.P.S.C.,-0.31,0.476,Paper & Paper Products,Basic Materials,
42,KRE.KW,Kuwait Real Estate Company K.P.S.C.,-1.35,0.209,Real Estate Services,Real Estate,
43,KPROJ.KW,Kuwait Projects Company Holding K.S.C.P.,-1.53,0.227,Banks - Regional,Financial Services,
44,KBT.KW,Kuwait Business Town Real Estate Company - KPSC,-3.02,0.44,Real Estate Services,Real Estate,
45,BEYOUT.KW,Beyout Holding Company K.S.C. (Public),-2.43,0.28,Staffing & Employment Services,Industrials,
46,ARZAN.KW,Arzan Financial Group for Financing and Investment - KPSC,-2.67,0.25,Asset Management,Financial Services,
47,SOKOUK.KW,Sokouk Holding Company K.S.C.P.,-5.94,0.451,Lodging,Consumer Cyclical,
48,TAHSSILAT.KW,Credit Rating and Collection Company K.S.C. (Public),-5.14,0.375,Capital Markets,Financial Services,
49,KCPC.KW,The Kuwait Company for Process Plant Construction and Contracting K.S.C.P.,-2.84,0.164,Engineering & Construction,Industrials,
50,ATC.KW,Advanced Technology Company K.S.C.P.,-11.28,0.566,Medical Distribution,Healthcare,
51,NIND.KW,National Industries Group Holding - KPSC,-5.85,0.27,Conglomerates,Industrials,
52,FTI.KW,First Takaful Insurance Company - KPSC,-12.28,0.549,Insurance - Diversified,Financial Services,
53,PAPCO.KW,Palms Agro Production Company K.S.C.P,-12.39,0.349,Farm Products,Consumer Defensive,
54,IFA.KW,International Financial Advisors Holding - KPSC,-10.12,0.275,Asset Management,Financial Services,
55,PCEM.KW,Kuwait Portland Cement Co. K.P.S.C.,-8.56,0.193,Building Materials,Basic Materials,
56,IFAHR.KW,IFA Hotels and Resorts - KPSC,-19.01,0.398,Resorts & Casinos,Consumer Cyclical,
57,SHIP.KW,Heavy Engineering Industries and Shipbuilding Company K.S.C.P.,-11.99,0.241,Engineering & Construction,Industrials,
58,HUMANSOFT.KW,Humansoft Holding Company K.S.C.P.,-6.51,0.126,Education & Training Services,Consumer Defensive,
59,BOURSA.KW,Boursa Kuwait Securities Company K.P.S.C.,-17.21,0.337,Financial Data & Stock Exchanges,Financial Services,
60,VALMORE.KW,Valmore Holding S.A.E.,-12.64,0.191,Asset Management,Financial Services,
61,NBK.KW,National Bank of Kuwait S.A.K.P.,-9.47,0.13,Banks - Regional,Financial Services,3.3 - Hold
62,MANAZEL.KW,Manazel Holding Company K.P.S.C.,-21.35,0.31,Real Estate - Development,Real Estate,
63,CABLE.KW,Gulf Cables and Electrical Industries Group Company - KPSC,-15.92,0.179,Electrical Equipment & Parts,Industrials,
64,BURG.KW,Burgan Bank K.P.S.C.,-13.13,0.139,Banks - Regional,Financial Services,
65,FUTUREKID.KW,Future Kid Entertainment and Real Estate Company K.P.S.C.,-25.65,0.287,Leisure,Consumer Cyclical,
66,ALSAFAT.KW,Al Safat Investment Company K.S.C.,-27.96,0.289,Asset Management,Financial Services,
67,OULAFUEL.KW,Oula Fuel Marketing Company - KSCP,-22.31,0.221,Oil & Gas Refining & Marketing,Energy,
68,KFOUC.KW,Kuwait Foundry Company K.S.C.P.,-35.46,0.198,Metal Fabrication,Industrials,
