Date,ARC1T.TL,CPA1T.TL,EFCUPFFT.TL,EFT1T.TL,HAE1T.TL,HPR1T.TL,INF1T.TL,LHV1T.TL,LVN1T.TL,MRK1T.TL,NCN1T.TL,NHCBHFFT.TL,PKG1T.TL,PRF1T.TL,SFG1T.TL,SKN1T.TL,TAL1T.TL,TKM1T.TL,TPD1T.TL,TSM1T.TL,TVE1T.TL,^OMXT
2023-09-29,1.535757064819336,2.306217908859253,,15.893600463867188,4.520256996154785,7.319479465484619,,3.285263776779175,,12.278806686401367,0.753000020980835,0.335999995470047,0.6959999799728394,0.22200000286102295,1.121999979019165,1.0,0.554600715637207,8.024005889892578,0.8379999995231628,1.004103422164917,9.46677303314209,
2023-10-31,1.521795392036438,2.2835192680358887,,15.851442337036133,4.5564188957214355,6.970932483673096,,3.1645805835723877,,12.278806686401367,0.7099999785423279,0.37389999628067017,0.8240000009536743,0.21699999272823334,1.0540000200271606,1.0499999523162842,0.5158340930938721,8.155010223388672,0.8199999928474426,0.9570886492729187,9.293864250183105,
2023-11-30,1.563679814338684,2.151864528656006,,15.851442337036133,4.511216163635254,6.567352771759033,,3.088594913482666,,12.696453094482422,0.6200000047683716,0.33869999647140503,0.9900000095367432,0.20000000298023224,1.1119999885559082,1.059999942779541,0.5379863977432251,8.10588264465332,0.7860000133514404,0.9402974843978882,9.293864250183105,
2023-12-29,1.6060112714767456,2.1427853107452393,,15.935758590698242,4.49313497543335,6.420596122741699,21.99770164489746,3.1243526935577393,,12.77998161315918,0.621999979019165,0.3149999976158142,1.0549999475479126,0.17900000512599945,1.1299999952316284,0.8999999761581421,0.5458980202674866,8.10588264465332,0.6100000143051147,0.9470139741897583,9.164183616638184,
2024-01-31,1.5636239051818848,2.188183546066284,,16.10439109802246,4.438891887664795,5.9803266525268555,21.98079490661621,3.1690502166748047,,13.180922508239746,0.5860000252723694,0.32249999046325684,0.9599999785423279,0.16599999368190765,1.1299999952316284,0.8100000023841858,0.5387775897979736,8.204137802124023,0.621999979019165,0.9470139741897583,9.077728271484375,
2024-02-29,1.5636239051818848,2.1427853107452393,,16.27302360534668,4.411770820617676,6.549007892608643,28.44822120666504,3.1243526935577393,,13.381392478942871,0.5270000100135803,0.3199999928474426,0.9300000071525574,0.15700000524520874,1.156000018119812,0.8199999928474426,0.5538095831871033,8.48252010345459,0.6480000019073486,0.9621258974075317,9.120955467224121,
2024-03-28,1.5068200826644897,2.1427853107452393,,16.230867385864258,4.32588529586792,5.92529296875,28.025514602661133,3.1645805835723877,,13.782333374023438,0.5199999809265137,0.3109999895095825,0.9700000286102295,0.13699999451637268,1.0880000591278076,0.7900000214576721,0.5498538017272949,8.744528770446777,0.6800000071525574,0.9621258974075317,8.90481948852539,
2024-04-30,1.4783895015716553,2.188183546066284,,16.923477172851562,4.357527732849121,5.943637847900391,32.04123306274414,3.225250720977783,,14.433862686157227,0.5099999904632568,0.30000001192092896,1.0299999713897705,0.10999999940395355,1.1100000143051147,0.9279999732971191,0.5727972984313965,8.542596817016602,0.7059999704360962,1.0124989748001099,9.120955467224121,
2024-05-31,1.4404821395874023,2.044062614440918,,16.745803833007812,4.526706695556641,5.906948566436768,34.6949577331543,3.267016649246216,,14.818096160888672,0.5170000195503235,0.2919999957084656,1.1100000143051147,0.10400000214576721,1.0850000381469727,1.0299999713897705,0.5909939408302307,8.498698234558105,0.6200000047683716,0.990157961845398,9.293864250183105,
2024-06-28,1.416725993156433,1.9875447750091553,,16.745803833007812,4.396842002868652,5.6134352684021,34.519287109375,3.1649224758148193,,14.83554744720459,0.5130000114440918,0.26980000734329224,1.0099999904632568,0.10000000149011612,1.0700000524520874,0.9700000286102295,0.5553919076919556,8.340664863586426,0.6100000143051147,0.9740723371505737,9.30294132232666,
2024-07-31,1.3927139043807983,1.9545761346817017,,16.701385498046875,4.489602565765381,5.173165798187256,34.73888397216797,3.2206103801727295,,14.87164306640625,0.4950000047683716,0.2522999942302704,0.9100000262260437,0.09799999743700027,1.0549999475479126,0.9480000138282776,0.5225181579589844,8.402122497558594,0.5239999890327454,0.970497727394104,9.30294132232666,
2024-08-30,1.3350841999053955,1.8820449113845825,,16.479291915893555,4.336548328399658,4.751241207122803,35.13414001464844,3.0999531745910645,,14.907739639282227,0.5920000076293945,0.25040000677108765,0.8299999833106995,0.09459999948740005,1.0049999952316284,1.0,0.5130021572113037,8.25286865234375,0.5440000295639038,0.9454756379127502,9.212180137634277,
2024-09-30,1.2867791652679443,1.8198751211166382,,16.39045524597168,4.322633743286133,4.338488578796387,34.826717376708984,2.9885778427124023,,14.979931831359863,0.5690000057220459,0.33000001311302185,0.800000011920929,0.09619999676942825,0.949999988079071,0.9240000247955322,0.5043511986732483,8.446020126342773,0.5360000133514404,0.9472628831863403,9.121419906616211,
2024-10-31,1.3206417560577393,1.982835054397583,,16.923477172851562,4.262339115142822,4.42103910446167,35.0902214050293,3.1556413173675537,,15.66576099395752,0.6399999856948853,0.29600000381469727,0.7599999904632568,0.09880000352859497,0.9319999814033508,0.9300000071525574,0.5190578699111938,8.226530075073242,0.6439999938011169,0.9508374929428101,9.39370059967041,
2024-11-29,1.3545043468475342,1.8782769441604614,,16.879060745239258,4.266977310180664,3.9440808296203613,38.29621124267578,2.9839370250701904,,17.235946655273438,0.6819999814033508,0.2549999952316284,0.6579999923706055,0.057999998331069946,0.9940000176429749,0.8399999737739563,0.49570024013519287,8.147512435913086,0.6600000262260437,0.9436883330345154,9.121419906616211,
2024-12-30,1.408200740814209,1.848134160041809,,16.834640502929688,4.2437872886657715,3.834012985229492,39.387786865234375,3.0117807388305664,,18.815155029296875,0.671999990940094,0.2513999938964844,0.7879999876022339,0.06419999897480011,1.0199999809265137,0.8999999761581421,0.5017558932304382,8.314326286315918,0.6200000047683716,0.9436883330345154,9.257560729980469,
2025-01-31,1.373854398727417,2.0346431732177734,,17.767431259155273,4.475688457489014,3.824840784072876,40.9341926574707,3.23917293548584,,20.3492431640625,0.7649999856948853,0.2750000059604645,0.9559999704360962,0.06499999761581421,1.1449999809265137,0.8640000224113464,0.5545267462730408,8.665512084960938,0.6399999856948853,1.0276908874511719,9.257560729980469,
2025-02-28,1.393480896949768,2.0016744136810303,,17.723012924194336,4.1927690505981445,3.714773654937744,42.617042541503906,3.4572830200195312,,22.78573989868164,0.875,0.26600000262260437,0.949999988079071,0.05939999967813492,1.409999966621399,0.800000011920929,0.5675032138824463,8.71819019317627,0.699999988079071,1.0705857276916504,9.484460830688477,
2025-03-31,1.5268235206604004,1.973415493965149,,17.63417625427246,4.294805526733398,3.45794939994812,42.389625549316406,3.4015955924987793,,23.823505401611328,0.8220000267028809,0.25999999046325684,1.090000033378601,0.05700000002980232,1.3049999475479126,0.8519999980926514,0.5536616444587708,9.018181800842285,0.7099999785423279,1.0562875270843506,9.529841423034668,
2025-04-30,1.4971764087677002,2.0630576610565186,,18.006715774536133,4.313357830047607,5.31992244720459,41.843841552734375,3.354008197784424,,25.131994247436523,0.7889999747276306,0.26980000734329224,0.9800000190734863,0.052000001072883606,1.399999976158142,0.8600000143051147,0.5294389724731445,8.764545440673828,0.6859999895095825,1.093820571899414,9.802123069763184,
2025-05-30,1.7936471700668335,2.0971176624298096,,18.05373191833496,4.573965549468994,6.640730381011963,43.117347717285156,3.6303327083587646,,29.601680755615234,0.7649999856948853,0.24959999322891235,1.350000023841858,0.05000000074505806,1.5,1.0,0.5657730102539062,8.896060943603516,0.671999990940094,1.131403923034668,10.48282527923584,
2025-06-30,1.808470606803894,1.9949378967285156,,17.959701538085938,4.602672100067139,6.12129020690918,44.027000427246094,3.573162078857422,,30.032773971557617,0.753000020980835,0.23739999532699585,1.340000033378601,0.05299999937415123,1.3300000429153442,1.0,0.562022864818573,8.858485221862793,0.6759999990463257,1.1352005004882812,10.174223899841309,
2025-07-31,1.6948236227035522,1.8801074028015137,,18.006715774536133,4.526120662689209,6.427354335784912,45.300506591796875,3.4016504287719727,,29.218486785888672,0.7149999737739563,0.23970000445842743,1.3200000524520874,0.057999998331069946,1.2699999809265137,0.9200000166893005,0.5493320226669312,8.708182334899902,0.6800000071525574,1.1257089376449585,10.126680374145508,
2025-08-29,1.7491765022277832,1.8684296607971191,,18.100746154785156,4.497413635253906,6.274322509765625,44.73776626586914,3.3635365962982178,,28.64369773864746,0.6919999718666077,0.24500000476837158,1.350000023841858,0.058800000697374344,1.350000023841858,0.8799999952316284,0.5547710061073303,8.689393997192383,0.7099999785423279,1.1295056343078613,10.079137802124023,
2025-09-30,1.6898823976516724,1.8878926038742065,,17.959701538085938,4.401723861694336,5.776967525482178,39.29795455932617,3.296837568283081,,26.15294075012207,0.6600000262260437,0.2249000072479248,1.25,0.05900000035762787,1.2350000143051147,0.699999988079071,0.5429866313934326,8.670605659484863,0.6499999761581421,1.1276072263717651,10.079137802124023,
2025-10-31,1.6750588417053223,1.8586982488632202,,18.006715774536133,4.497413635253906,5.8534836769104,38.4538459777832,3.1205618381500244,,27.398319244384766,0.6489999890327454,0.2150000035762787,1.1799999475479126,0.05700000002980232,1.159999966621399,0.699999988079071,0.5375477075576782,8.642423629760742,0.6240000128746033,1.1105222702026367,10.079137802124023,
2025-11-28,1.6649999618530273,1.8645371198654175,,18.006715774536133,4.449569225311279,5.834354400634766,43.143341064453125,3.177732229232788,,26.727731704711914,0.6330000162124634,0.16459999978542328,1.0,0.057999998331069946,1.1349999904632568,0.7200000286102295,0.544847309589386,8.698787689208984,0.6179999709129333,1.1465904712677002,10.079137802124023,
2025-12-30,1.659999966621399,2.058192014694214,,18.05373191833496,4.640948295593262,6.102161407470703,44.319862365722656,3.406414747238159,,29.984872817993164,0.6919999718666077,0.15700000524520874,0.8899999856948853,0.05700000002980232,1.25,0.7699999809265137,0.5562977194786072,8.92424201965332,0.6340000033378601,1.2301169633865356,10.459482192993164,
2026-01-30,1.625,2.0873863697052,,18.57089614868164,5.0524139404296875,6.12129020690918,43.93193817138672,3.406414747238159,,30.89495849609375,0.7390000224113464,0.156700000166893,0.9399999976158142,0.06700000166893005,1.215000033378601,0.7850000262260437,0.5667938590049744,8.914848327636719,0.6100000143051147,1.4047632217407227,10.649654388427734,
2026-02-27,1.600000023841858,2.2187602519989014,,18.66492462158203,5.41603422164917,5.872612476348877,44.70777893066406,3.3111302852630615,,27.158823013305664,0.6729999780654907,0.14880000054836273,0.9599999785423279,0.07980000227689743,1.225000023841858,0.7799999713897705,0.5877862572669983,9.140302658081055,0.6019999980926514,1.3573049306869507,10.697197914123535,
2026-03-31,1.5,2.174968957901001,,18.617910385131836,5.358620643615723,5.623935699462891,44.70777893066406,3.3825933933258057,,25.961345672607422,0.5799999833106995,0.14350000023841858,0.9200000166893005,0.07100000232458115,1.1649999618530273,0.699999988079071,0.5830152630805969,9.229999542236328,0.5720000267028809,1.32503342628479,10.697197914123535,
2026-04-30,1.409999966621399,2.2799999713897705,,19.100000381469727,5.3968963623046875,5.738709449768066,45.58060073852539,3.444999933242798,,28.35630226135254,0.5920000076293945,0.1850000023841858,0.875,0.06700000166893005,1.159999966621399,0.6800000071525574,0.618320643901825,9.239999771118164,0.5680000185966492,1.3819832801818848,11.077542304992676,
2026-05-29,1.3250000476837158,2.315000057220459,,19.149999618530273,5.599999904632568,5.9491286277771,46.55039978027344,3.450000047683716,3.700000047683716,27.950000762939453,0.5799999833106995,0.19990000128746033,0.7900000214576721,0.06340000033378601,1.1399999856948853,0.6600000262260437,0.614503800868988,9.1899995803833,0.5600000023841858,1.2480000257492065,10.949999809265137,
2026-06-30,1.2699999809265137,2.2750000953674316,,19.049999237060547,5.440000057220459,5.480000019073486,48.87792205810547,3.359999895095825,3.6500000953674316,26.799999237060547,0.5600000023841858,0.19439999759197235,0.7099999785423279,0.05999999865889549,1.100000023841858,0.6050000190734863,0.6140000224113464,9.15999984741211,0.5580000281333923,1.2740000486373901,11.25,
2026-07-31,1.284999966621399,2.299999952316284,,19.850000381469727,5.159999847412109,5.199999809265137,54.0,3.3499999046325684,3.640000104904175,27.25,0.6060000061988831,0.188400000333786,0.6499999761581421,0.05900000035762787,1.1100000143051147,0.6299999952316284,0.6110000014305115,9.140000343322754,0.593999981880188,1.2419999837875366,11.0,
2026-08-31,1.2400000095367432,2.3399999141693115,9.25,19.450000762939453,5.139999866485596,5.019999980926514,54.400001525878906,3.3450000286102295,3.5999999046325684,26.850000381469727,0.5960000157356262,0.19220000505447388,0.6499999761581421,0.05559999868273735,1.0800000429153442,0.6200000047683716,0.6200000047683716,9.09000015258789,0.5619999766349792,1.215999960899353,10.800000190734863,
