Date,AAYAN.KW,AAYANRE.KW,ABAR.KW,ABK.KW,ACICO.KW,AINS.KW,ALAQARIA.KW,ALDEERA.KW,ALENMA.KW,ALFTAQA.KW,ALG.KW,ALIMTIAZ.KW,ALMANAR.KW,ALOLA.KW,ALSAFAT.KW,ALTIJARIA.KW,AMAR.KW,AQAR.KW,ARABREC.KW,AREEC.KW,ARGAN.KW,ARKAN.KW,ARZAN.KW,ASC.KW,ASIYA.KW,ATC.KW,AZNOULA.KW,BAITAKREIT.KW,BAYANINV.KW,BEYOUT.KW,BOUBYAN.KW,BOURSA.KW,BPCC.KW,BURG.KW,CABLE.KW,CATTL.KW,CBK.KW,CGC.KW,CLEANING.KW,COAST.KW,DIGITUS.KW,EKTTITAB.KW,EMIRATES.KW,ENERGYH.KW,EQUIPMENT.KW,FACIL.KW,FTI.KW,FUTUREKID.KW,GBK.KW,GFC.KW,GFH.KW,GIH.KW,GINS.KW,HUMANSOFT.KW,IFA.KW,IFAHR.KW,INJAZZAT.KW,INOVEST.KW,INTEGRATED.KW,IPG.KW,JAZEERA.KW,JTC.KW,KAMCO.KW,KBT.KW,KCEM.KW,KCIN.KW,KCPC.KW,KFH.KW,KFIC.KW,KFOUC.KW,KHOT.KW,KIB.KW,KINS.KW,KINV.KW,KMEFIC.KW,KPROJ.KW,KRE.KW,KUWAITRE.KW,MABANEE.KW,MADAR.KW,MANAZEL.KW,MARAKEZ.KW,MARKAZ.KW,MASHAER.KW,MAZAYA.KW,MENA.KW,MEZZAN.KW,MIDAN.KW,MKHZN.KW,MRC.KW,MUBARRAD.KW,MUNSHAAT.KW,MUNTAZAHAT.KW,NAPESCO.KW,NBK.KW,NCCI.KW,NICBM.KW,NIH.KW,NIND.KW,NINV.KW,NOOR.KW,NRE.KW,OOREDOO.KW,OSOS.KW,OSOUL.KW,OULAFUEL.KW,PAPCO.KW,PCEM.KW,PHC.KW,QIC.KW,RASIYAT.KW,SANAM.KW,SECH.KW,SENERGY.KW,SHIP.KW,SHUAIBA.KW,SOKOUK.KW,SOOR.KW,SPEC.KW,SRE.KW,STC.KW,TAHSSILAT.KW,TAM.KW,TAMINV.KW,THURAYA.KW,TIJARA.KW,TROLLEY.KW,UNICAP.KW,UPAC.KW,URC.KW,VALMORE.KW,WARBABANK.KW,WARBACAP.KW,WETHAQ.KW,WINSRE.KW,ZAIN.KW,^BKA.KW
2023-09-27,159.98049926757812,74.5899658203125,95.0934066772461,210.75347900390625,79.5,522.9678344726562,34.599998474121094,134.6780242919922,52.78281021118164,,811.0560913085938,70.87899780273438,56.492767333984375,44.70000076293945,120.71113586425781,93.2160873413086,60.897254943847656,59.99370193481445,49.25472640991211,242.677734375,60.24700164794922,88.49491882324219,156.36375427246094,76.4000015258789,47.099998474121094,332.55828857421875,185.98072814941406,,42.8489990234375,,507.1543273925781,1844.788330078125,659.8758544921875,157.2041778564453,1173.8604736328125,107.0,622.5895385742188,428.9480285644531,33.49965286254883,105.99259185791016,160.06199645996094,22.5,34.099998474121094,53.0,86.4000015258789,161.96401977539062,64.5,109.6982192993164,227.165771484375,56.099998474121094,79.3581314086914,387.0,1788.92236328125,2975.17822265625,155.17999267578125,159.7480010986328,84.48824310302734,84.20299530029297,411.3801574707031,454.9142150878906,1473.8692626953125,281.7669677734375,92.98685455322266,51.9024543762207,161.99468994140625,1149.7857666015625,225.1570587158203,581.8771362304688,74.22000122070312,394.90771484375,180.0,133.8407440185547,344.53936767578125,128.9718780517578,86.4000015258789,113.59200286865234,103.05608367919922,302.2364807128906,692.6566162109375,86.9000015258789,27.5,42.79999923706055,99.98536682128906,61.99033737182617,51.97600173950195,28.299999237060547,507.95684814453125,799.9025268554688,288.73126220703125,82.5,84.4865951538086,112.99732208251953,68.65869903564453,738.8700561523438,782.5545654296875,118.0,163.976806640625,109.75218200683594,181.38987731933594,227.9476318359375,168.97039794921875,65.48699951171875,1225.66455078125,85.57229614257812,90.99037170410156,129.0803985595703,80.99590301513672,816.8355712890625,47.17599868774414,90.8281021118164,152.99755859375,107.13400268554688,61.0,72.23799896240234,669.02001953125,171.97100830078125,35.400001525878906,135.5648193359375,90.66429138183594,378.19024658203125,544.9017944335938,22.5,376.9486083984375,887.7955932617188,172.0,51.29148864746094,,41.400001525878906,190.0,45.86199951171875,259.7325744628906,153.7904510498047,132.98741149902344,22.399999618530273,98.89692687988281,486.90777587890625,
2023-10-31,153.98123168945312,71.29041290283203,93.49351501464844,184.8412322998047,79.5,514.3237915039062,33.0,137.37098693847656,50.78346633911133,,751.625732421875,57.25199890136719,56.99270248413086,42.70000076293945,117.26221466064453,92.65111541748047,59.69730758666992,59.39376449584961,51.74156188964844,244.61940002441406,57.768001556396484,86.9949951171875,140.81417846679688,83.0,42.5,318.9229736328125,173.9819793701172,,34.540000915527344,,492.0399475097656,1732.8011474609375,583.6992797851562,140.7926025390625,1179.8597412109375,103.0,505.3424377441406,420.948974609375,28.599702835083008,70.79505920410156,158.11000061035156,18.5,30.0,52.0,92.16000366210938,152.9660186767578,54.0,101.9319076538086,204.70806884765625,50.599998474121094,76.95938873291016,382.0,1849.919677734375,2894.254150390625,135.156005859375,143.1179962158203,82.28855895996094,71.06787109375,420.9030456542969,420.92059326171875,1459.87060546875,281.7669677734375,86.4877700805664,50.502498626708984,147.99514770507812,1184.779296875,217.14718627929688,542.9795532226562,79.38600158691406,395.907470703125,172.7270050048828,129.4381103515625,334.4515380859375,118.97405242919922,85.0,102.91200256347656,99.30815124511719,287.6978454589844,692.6566162109375,81.5,24.399999618530273,43.0,94.98609161376953,58.390899658203125,50.85599899291992,28.299999237060547,499.9575500488281,794.903076171875,272.17352294921875,82.5,79.88732147216797,122.99708557128906,66.42887115478516,689.878662109375,757.5062255859375,104.0,165.97653198242188,94.33226776123047,161.4375457763672,185.95729064941406,179.96847534179688,60.31700134277344,1191.673828125,73.07283782958984,91.99026489257812,124.5357437133789,80.99590301513672,819.8348999023438,44.41899871826172,99.91090393066406,177.99716186523438,91.125,51.900001525878906,65.31099700927734,686.2911376953125,169.97134399414062,40.20000076293945,133.6419677734375,84.0097885131836,363.6788330078125,529.904541015625,22.299999237060547,359.950927734375,861.9365844726562,155.0,52.89122772216797,,47.900001525878906,184.0,41.608001708984375,252.12205505371094,142.98362731933594,110.98949432373047,24.299999237060547,98.01514434814453,480.9089050292969,
2023-11-30,163.98001098632812,73.2901382446289,92.2936019897461,181.3856201171875,79.5,494.44287109375,34.599998474121094,181.81532287597656,49.783790588378906,,732.7478637695312,63.18600082397461,56.99270248413086,41.70000076293945,118.41219329833984,98.02278137207031,63.99711227416992,58.99380874633789,59.10607147216797,252.38510131835938,56.198001861572266,75.2956771850586,169.32240295410156,83.80000305175781,41.5,355.28515625,177.9815673828125,,38.83399963378906,,489.5210266113281,1693.8056640625,617.978759765625,146.83909606933594,1294.84619140625,102.0,462.6248779296875,419.9490966796875,32.69966125488281,71.9949722290039,163.96600341796875,18.100000381469727,34.900001525878906,74.5,92.16000366210938,149.9666748046875,61.0,95.62246704101562,218.52764892578125,59.0,76.95938873291016,350.0,1799.921875,2866.644287109375,198.802001953125,284.2200012207031,86.88790893554688,83.32112121582031,427.56927490234375,438.9172058105469,1278.8865966796875,287.219970703125,84.98799133300781,55.823341369628906,124.99590301513672,1070.800537109375,204.6879425048828,554.8875732421875,85.68699645996094,416.9025573730469,163.63600158691406,128.5581817626953,349.1953430175781,129.97166442871094,83.9000015258789,109.70800018310547,116.17184448242188,287.6978454589844,703.5711059570312,81.5,25.5,42.79999923706055,96.48587036132812,57.19108581542969,66.25299835205078,28.299999237060547,516.9561157226562,794.903076171875,279.4175720214844,84.0,79.9873046875,140.9966583251953,66.89283752441406,739.869873046875,764.4163818359375,105.0,156.97779846191406,103.40263366699219,168.69293212890625,222.94879150390625,198.9651336669922,59.68199920654297,1260.65478515625,68.26604461669922,91.49031829833984,129.99034118652344,80.99590301513672,818.8351440429688,45.64400100708008,94.82054138183594,218.9965057373047,102.8239974975586,52.900001525878906,63.332000732421875,760.829345703125,165.97203063964844,48.20000076293945,132.68106079101562,85.67366027832031,399.0490417480469,568.8975219726562,23.200000762939453,356.95135498046875,806.77294921875,134.0,55.59077072143555,,63.0,180.0,45.676998138427734,236.8989715576172,148.80252075195312,102.99024963378906,24.0,97.91716766357422,488.90740966796875,
2023-12-28,173.9788055419922,71.89031982421875,88.89382934570312,201.2524871826172,79.5,527.2904663085938,34.0,181.81532287597656,50.78346633911133,,738.3409423828125,62.08700180053711,56.79273223876953,36.70000076293945,110.01939392089844,96.13789367675781,63.297142028808594,57.9939079284668,64.2707290649414,246.56007385253906,65.86699676513672,79.39543914794922,181.41708374023438,79.5,43.5,356.0421142578125,172.98208618164062,,36.874000549316406,,503.79547119140625,1723.8021240234375,557.0372314453125,148.5669403076172,1309.8443603515625,98.0,472.6226501464844,451.9452209472656,38.999595642089844,67.89525604248047,165.72300720214844,17.200000762939453,34.0,63.0,92.16000366210938,158.9646759033203,58.0,93.19469451904297,242.71319580078125,56.5,76.25977325439453,330.0,1879.9183349609375,3236.041748046875,219.5399932861328,403.14898681640625,86.9878921508789,84.30098724365234,485.6575012207031,419.9207763671875,1388.8768310546875,294.4917297363281,85.98783874511719,71.03888702392578,133.99560546875,1196.777099609375,208.2474365234375,576.3206787109375,84.5530014038086,412.9035339355469,155.45399475097656,132.07989501953125,364.7150573730469,126.9723129272461,85.0,101.94100189208984,128.0386199951172,294.5841979980469,707.7699584960938,80.0,27.700000762939453,44.5,100.98522186279297,55.19139862060547,68.30599975585938,28.299999237060547,574.951171875,794.903076171875,263.37664794921875,83.0,81.88700866699219,152.99636840820312,65.77791595458984,802.8588256835938,772.1895751953125,106.0,156.97779846191406,97.96102142333984,185.01856994628906,238.9451141357422,225.96041870117188,59.95399856567383,1216.6669921875,72.11187744140625,89.990478515625,125.4446792602539,80.99590301513672,839.8309326171875,44.41899871826172,94.82054138183594,258.995849609375,98.51399993896484,54.0,60.36399841308594,745.3759765625,157.97337341308594,51.5,131.7191162109375,85.67366027832031,389.0730895996094,562.8986206054688,21.0,358.9510498046875,732.646240234375,130.0,58.29032516479492,,89.4000015258789,179.0,42.810001373291016,241.6561737060547,154.62142944335938,105.9899673461914,24.0,98.70097351074219,506.90399169921875,
2024-01-31,189.9768524169922,78.98937225341797,107.99250793457031,217.6637420654297,79.5,557.5453491210938,34.79999923706055,313.1264343261719,52.3829460144043,,819.44677734375,61.31800079345703,61.29215621948242,45.900001525878906,111.9743423461914,99.9086685180664,63.99711227416992,61.99348831176758,74.40904998779297,254.32577514648438,59.50400161743164,82.99523162841797,195.2397003173828,277.0,47.5,356.0421142578125,169.98239135742188,,39.58100128173828,,515.551025390625,2029.76708984375,566.5595092773438,165.84141540527344,1439.828857421875,106.0,458.9886474609375,435.9471740722656,50.49947738647461,71.79499053955078,165.91799926757812,19.5,35.900001525878906,75.30000305175781,92.16000366210938,167.96267700195312,231.0,108.72730255126953,250.48638916015625,58.400001525878906,80.6574478149414,383.0,1864.9190673828125,3268.41162109375,288.1910095214844,374.9289855957031,96.98650360107422,86.35969543457031,509.4637451171875,482.9089050292969,1138.8990478515625,311.7615661621094,97.08627319335938,67.58499145507812,138.9954376220703,1164.7830810546875,238.5061492919922,612.8374633789062,84.0479965209961,509.880859375,188.18099975585938,142.64700317382812,384.1148986816406,189.95858764648438,88.0,105.82499694824219,149.89920043945312,289.99359130859375,646.4794921875,83.0,34.29999923706055,53.70000076293945,126.98140716552734,67.38949584960938,76.51799774169922,28.299999237060547,614.94775390625,794.903076171875,300.11474609375,86.5999984741211,81.28710174560547,152.99636840820312,74.32626342773438,769.8646240234375,846.4718017578125,116.0,156.97779846191406,98.86795043945312,216.7619171142578,270.9377746582031,239.9579620361328,72.65299987792969,1518.584228515625,80.7655029296875,94.98995208740234,133.62606811523438,68.49653625488281,867.8253173828125,58.5099983215332,97.81487274169922,276.9955749511719,113.29100036621094,56.5,72.23799896240234,770.8283081054688,179.9696502685547,52.400001525878906,142.2952423095703,91.49623107910156,398.14215087890625,589.8937377929688,27.899999618530273,389.9468078613281,896.4143676757812,130.0,61.78974151611328,,91.69999694824219,157.0,48.08100128173828,251.17059326171875,157.11538696289062,143.9863739013672,26.100000381469727,107.8167495727539,525.900390625,
2024-02-29,177.9783172607422,80.68913269042969,110.99230194091797,221.1183624267578,79.5,643.1214599609375,33.400001525878906,300.33160400390625,58.6808967590332,,821.5443725585938,61.97800064086914,73.4906005859375,45.400001525878906,113.92829895019531,113.10382843017578,70.19683074951172,66.99296569824219,72.01721954345703,262.09149169921875,90.08200073242188,86.9949951171875,193.51174926757812,279.0,46.5,364.37469482421875,169.98239135742188,,42.007999420166016,,539.9009399414062,2039.7659912109375,579.8909301757812,178.79827880859375,1492.822509765625,113.0,467.16888427734375,420.948974609375,53.499446868896484,73.6948471069336,180.55799865722656,19.700000762939453,47.70000076293945,180.0,92.16000366210938,187.95823669433594,203.0,126.20174407958984,254.80593872070312,79.5,79.3581314086914,383.0,1910.9171142578125,3208.43212890625,301.06298828125,507.9679870605469,99.78612518310547,84.20299530029297,466.6116943359375,468.939697265625,1128.9000244140625,327.2127685546875,104.98515319824219,65.62504577636719,173.99429321289062,1234.77001953125,245.62515258789062,643.0028686523438,93.24700164794922,570.8666381835938,170.90899658203125,145.28778076171875,403.5147705078125,195.957275390625,91.0,122.33000183105469,143.65333557128906,363.44866943359375,686.77978515625,85.0999984741211,34.0,57.0,126.98140716552734,72.1887435913086,76.42500305175781,41.70000076293945,619.9473266601562,794.903076171875,310.9813232421875,110.0,84.58657836914062,150.9964141845703,76.64907836914062,759.8663940429688,846.4718017578125,116.0,168.97610473632812,101.58876037597656,216.7619171142578,284.9345397949219,252.9556884765625,71.927001953125,1239.66064453125,99.99567413330078,97.0897216796875,128.17147827148438,199.98989868164062,904.81787109375,64.63700103759766,97.81487274169922,271.99566650390625,122.5270004272461,57.400001525878906,73.6240005493164,773.5549926757812,177.97000122070312,55.29999923706055,135.5648193359375,96.48686218261719,417.1880798339844,604.8909912109375,53.20000076293945,394.9461669921875,820.5638427734375,129.0,63.28949737548828,,106.0,178.0,51.50199890136719,250.21914672851562,156.28440856933594,169.98390197753906,53.400001525878906,105.8562240600586,502.9047546386719,
2024-03-31,181.97784423828125,75.18987274169922,107.99250793457031,221.98226928710938,79.5,624.1044921875,29.799999237060547,234.33956909179688,57.98112106323242,,816.6502685546875,53.07600021362305,63.49187469482422,39.0,105.5364990234375,119.70140838623047,64.9970703125,64.89319610595703,67.9054946899414,260.15081787109375,61.15700149536133,85.99505615234375,167.59446716308594,262.0,40.900001525878906,363.6177062988281,168.98248291015625,,40.88800048828125,,518.9088745117188,2059.763427734375,595.1260986328125,176.20651245117188,1272.8487548828125,107.0,463.5336608886719,441.9464111328125,48.29949951171875,73.99482727050781,177.6300048828125,19.0,41.79999923706055,112.0,92.16000366210938,192.95712280273438,175.0,121.34818267822266,254.80593872070312,80.5,86.55433654785156,379.0,1999.913330078125,3170.35009765625,271.7430114746094,599.6849975585938,97.98636627197266,80.80000305175781,495.1803894042969,464.9402160644531,1187.894775390625,338.1197814941406,101.98558044433594,67.77198791503906,192.99368286132812,1481.723876953125,256.3046569824219,631.8887939453125,83.29199981689453,524.8773193359375,178.18099975585938,147.9295654296875,406.6180725097656,189.95858764648438,99.69999694824219,121.35900115966797,143.65333557128906,359.6230163574219,696.83837890625,92.0,27.5,51.29999923706055,132.98052978515625,68.78927612304688,75.39800262451172,41.0,679.9421997070312,457.94415283203125,338.4056396484375,98.30000305175781,82.98683166503906,124.99703216552734,72.56039428710938,841.8519287109375,820.5595703125,110.0,184.9738311767578,98.86795043945312,198.62245178222656,261.9398498535156,224.96058654785156,91.33699798583984,1046.828857421875,99.0337142944336,98.78955078125,123.62681579589844,179.99090576171875,909.81689453125,56.36600112915039,93.82242584228516,284.9954528808594,116.98500061035156,53.20000076293945,62.73899841308594,726.2869262695312,177.97000122070312,50.099998474121094,132.68106079101562,96.48686218261719,417.1880798339844,585.8944702148438,40.900001525878906,399.9454650878906,1034.3243408203125,129.0,63.68943405151367,,94.9000015258789,171.0,46.694000244140625,247.3648223876953,153.7904510498047,151.98561096191406,40.0,118.5981216430664,492.90667724609375,
2024-04-30,168.9863739013672,75.88978576660156,108.99243927001953,217.67213439941406,79.5,600.765869140625,33.0,247.807373046875,52.78281021118164,,770.5279541015625,52.08700180053711,65.59160614013672,35.599998474121094,97.71868133544922,126.29898834228516,63.99711227416992,59.19378662109375,67.7135009765625,247.53091430664062,69.25599670410156,80.59536743164062,176.2332305908203,262.0,43.5,362.8597717285156,165.98280334472656,,36.31399917602539,,524.23974609375,1999.8504638671875,655.11474609375,164.16285705566406,1254.850830078125,105.0,468.0776672363281,438.9468078613281,44.999534606933594,70.99504089355469,163.96600341796875,19.399999618530273,37.0,120.0,82.55999755859375,174.9754180908203,190.0,150.4813690185547,233.99920654296875,96.19999694824219,87.17052459716797,378.0,1929.916259765625,2898.330078125,238.84800720214844,533.1649780273438,94.99163055419922,79.5999984741211,480.89605712890625,484.9376525878906,1164.896728515625,343.5737609863281,99.88587951660156,66.18502807617188,192.99368286132812,1372.8245849609375,253.63502502441406,623.006103515625,86.9469985961914,567.8673095703125,161.8179931640625,146.0233612060547,407.3949279785156,181.9707794189453,99.69999694824219,123.30000305175781,138.03244018554688,344.3194580078125,701.2882690429688,82.5,27.100000381469727,48.0,124.98734283447266,62.79021072387695,70.1719970703125,40.0,739.9371337890625,798.9026489257812,315.9695129394531,91.19999694824219,80.49198913574219,133.996826171875,72.09642791748047,839.852294921875,784.5191040039062,111.0,187.97340393066406,97.0530776977539,194.99473571777344,253.94168090820312,231.9673614501953,91.33699798583984,1034.8309326171875,92.3030014038086,96.68976593017578,129.08497619628906,183.99070739746094,834.8961791992188,58.20399856567383,91.88485717773438,322.9948425292969,111.44400024414062,52.900001525878906,59.374000549316406,771.7371826171875,166.9840545654297,48.29999923706055,139.41148376464844,93.99105834960938,416.1601257324219,548.9342651367188,42.400001525878906,363.96697998046875,1017.1394653320312,137.0,57.094207763671875,,128.0,139.0,45.39899826049805,227.4374542236328,157.11538696289062,135.98712158203125,38.099998474121094,109.98226928710938,487.9075927734375,
2024-05-30,159.98709106445312,81.9936752319336,116.99188232421875,248.50901794433594,79.5,690.69482421875,34.5,271.37603759765625,62.579620361328125,,701.3059692382812,66.04299926757812,62.39491271972656,42.29999923706055,98.4086685180664,131.95848083496094,61.797210693359375,58.59575653076172,69.818359375,272.9652099609375,66.03299713134766,91.49474334716797,168.90924072265625,234.0,44.099998474121094,301.4998779296875,158.9835205078125,,57.87900161743164,,515.3389892578125,2099.8427734375,628.4528198242188,169.6045684814453,1239.9168701171875,109.0,454.4665832519531,598.9274291992188,49.49948501586914,71.49500274658203,163.96600341796875,19.100000381469727,40.29999923706055,83.5,110.4000015258789,177.97499084472656,158.0,135.91871643066406,230.3714141845703,89.0,89.16985321044922,374.0,1929.9532470703125,2583.403076171875,223.11599731445312,573.9840087890625,96.89146423339844,115.0,470.4393005371094,479.93829345703125,919.91845703125,332.6861267089844,96.69116973876953,59.132240295410156,177.99417114257812,1306.8328857421875,276.1651611328125,631.6595458984375,95.13700103759766,671.8429565429688,148.18099975585938,158.72169494628906,389.5751953125,182.97061157226562,93.69999694824219,117.4749984741211,135.53448486328125,303.0065612792969,738.666748046875,85.9000015258789,35.70000076293945,50.79999923706055,133.98643493652344,75.99688720703125,70.91899871826172,77.9000015258789,779.9532470703125,760.9072265625,292.97174072265625,87.5,89.69107818603516,137.99671936035156,75.80012512207031,844.8514404296875,777.2636108398438,125.0,179.98410034179688,94.33226776123047,215.22476196289062,247.95741271972656,252.96441650390625,84.26300048828125,1043.8294677734375,91.0,81.4000015258789,122.72222900390625,154.99215698242188,832.896484375,60.347999572753906,84.39424133300781,392.99371337890625,107.31800079345703,56.79999923706055,73.4260025024414,790.8543090820312,166.9840545654297,54.20000076293945,129.8008575439453,87.95246887207031,415.20819091796875,574.9310913085938,42.900001525878906,388.9647216796875,1017.1394653320312,135.0,59.7939338684082,,140.0,137.0,45.029998779296875,224.58245849609375,163.01730346679688,154.98533630371094,47.70000076293945,140.97727966308594,447.9385986328125,
2024-06-30,148.9879913330078,75.1941909790039,121.99153900146484,244.88026428222656,76.4000015258789,675.9987182617188,33.900001525878906,272.7229919433594,57.98112106323242,,706.9002685546875,57.25199890136719,58.99518585205078,38.79999923706055,95.53473663330078,114.99207305908203,62.89716339111328,56.99587631225586,67.9054946899414,270.9654846191406,60.24700164794922,113.99345397949219,167.11227416992188,218.0,40.400001525878906,331.05999755859375,159.98341369628906,,57.4119987487793,514.9273071289062,501.98834228515625,2003.85009765625,558.99267578125,165.06982421875,1429.9041748046875,109.0,454.4665832519531,681.9503173828125,46.79951477050781,71.5949935913086,160.45199584960938,19.100000381469727,45.5,83.0999984741211,104.0,181.9744415283203,149.0,150.4813690185547,253.0460968017578,89.0,86.97058868408203,409.0,1929.9532470703125,2841.34326171875,238.13299560546875,577.6370239257812,102.99092864990234,94.9000015258789,493.2945251464844,479.93829345703125,889.9210815429688,348.13824462890625,95.89125061035156,50.67149353027344,174.9942626953125,1116.8572998046875,313.3048095703125,610.027099609375,88.58499908447266,536.9618530273438,140.90899658203125,161.4425506591797,403.54425048828125,175.97174072265625,110.0,108.73699951171875,142.4043426513672,320.6822204589844,741.3366088867188,99.5,36.70000076293945,44.0,122.98754119873047,66.99725341796875,63.547000885009766,75.19999694824219,728.956298828125,721.9119873046875,278.98248291015625,84.0999984741211,90.59098815917969,141.9966278076172,69.65443420410156,747.9183959960938,776.356689453125,113.0,171.9848175048828,95.23921203613281,205.70135498046875,244.9579315185547,255.9639892578125,80.0,1067.8255615234375,85.0999984741211,78.69999694824219,124.54015350341797,171.99130249023438,869.891845703125,57.590999603271484,85.39299011230469,375.9939880371094,109.25800323486328,54.400001525878906,75.8010025024414,839.94189453125,177.98300170898438,50.0,133.6466827392578,84.6335678100586,395.2096252441406,530.9364013671875,42.5,378.9656066894531,948.1803588867188,103.0,58.89402770996094,,160.0,181.0,43.54999923706055,223.6308135986328,155.08743286132812,151.98561096191406,40.599998474121094,139.97743225097656,445.9388732910156,
2024-07-31,155.9874267578125,74.59424591064453,121.99153900146484,277.53204345703125,73.69999694824219,656.9808349609375,33.099998474121094,269.3560485839844,56.981449127197266,,741.8606567382812,54.17499923706055,56.9953498840332,39.0,93.80976867675781,137.6143035888672,60.59726333618164,57.49584197998047,69.07134246826172,282.96392822265625,59.50400161743164,113.99345397949219,167.11227416992188,224.0,37.900001525878906,315.1510009765625,160.9833221435547,,58.25199890136719,489.93084716796875,526.9096069335938,2068.84521484375,554.2311401367188,173.23236083984375,1729.884033203125,112.0,469.91888427734375,709.9483642578125,46.49951934814453,64.0999984741211,139.95700073242188,19.100000381469727,50.0,80.0,94.08000183105469,185.973876953125,161.0,108.734375,282.06939697265625,86.19999694824219,100.46603393554688,576.0,1699.9588623046875,2634.391357421875,205.1479949951172,787.4010009765625,101.99101257324219,101.0,539.9578857421875,489.93701171875,925.9179077148438,347.2293701171875,95.99124145507812,55.76734161376953,180.9940643310547,1199.8466796875,324.7317810058594,637.7160034179688,92.1050033569336,531.962158203125,132.7270050048828,169.60513305664062,449.3307800292969,168.97286987304688,91.5,102.91200256347656,159.5590057373047,318.9983215332031,746.6763305664062,97.9000015258789,33.70000076293945,52.599998474121094,125.98724365234375,64.59735107421875,60.65399932861328,82.5,880.9472045898438,799.9025268554688,273.9827880859375,87.9000015258789,88.89115905761719,145.9965362548828,69.26445007324219,825.909912109375,820.7973022460938,106.0,179.98410034179688,85.90178680419922,214.27183532714844,253.95639038085938,260.9632873535156,76.66600036621094,1034.8309326171875,83.0,74.4000015258789,127.26705169677734,171.99513244628906,889.8893432617188,59.736000061035156,85.39299011230469,390.9937438964844,115.7229995727539,60.400001525878906,70.85299682617188,832.66943359375,197.98109436035156,52.099998474121094,134.60862731933594,85.33155059814453,404.7319030761719,535.935791015625,42.0,365.966796875,999.9002075195312,104.0,58.49406433105469,,173.0,161.0,44.38199996948242,218.8725128173828,159.4933624267578,152.9855194091797,42.70000076293945,139.97743225097656,454.9376220703125,
2024-08-29,157.9872589111328,76.49409484863281,119.9916763305664,259.3923034667969,78.80000305175781,647.4723510742188,34.20000076293945,297.7226257324219,57.781185150146484,,790.8294677734375,50.87900161743164,60.89503860473633,41.29999923706055,120.71113586425781,144.21206665039062,60.99724578857422,56.39591979980469,57.36362838745117,267.9658508300781,59.3380012512207,113.99345397949219,161.7223663330078,220.0,41.29999923706055,329.5450134277344,152.98414611816406,,58.625,449.9490051269531,523.3497314453125,2049.8466796875,623.7484130859375,175.0462646484375,1603.8924560546875,109.0,479.9280090332031,632.9539184570312,46.99951171875,63.099998474121094,151.2779998779297,19.100000381469727,49.79999923706055,88.80000305175781,133.44000244140625,207.9707794189453,159.0,105.82244110107422,287.51104736328125,90.0,102.9651870727539,756.0,1159.971923828125,2664.38427734375,275.94500732421875,813.8579711914062,99.99119567871094,170.0,528.5297241210938,505.9349365234375,969.9140014648438,336.3216857910156,96.99114990234375,53.94039535522461,187.99383544921875,1309.8326416015625,325.6846923828125,629.0723266601562,101.9729995727539,537.9617919921875,150.90899658203125,167.79122924804688,426.049072265625,165.9733428955078,98.5,100.0,156.2480010986328,307.2153015136719,763.584716796875,100.9000015258789,33.5,96.0,119.98784637451172,70.99708557128906,62.98699951171875,86.5999984741211,891.9465942382812,722.921875,255.9839324951172,83.0,87.49130249023438,135.9967803955078,72.1913070678711,853.9068603515625,796.3181762695312,114.0,181.9839324951172,85.99279022216797,212.366943359375,235.95947265625,253.9642791748047,70.19000244140625,1053.827880859375,90.0,87.0,125.44912719726562,162.99539184570312,849.894287109375,56.672000885009766,85.39299011230469,383.9938659667969,120.8949966430664,60.0,67.68599700927734,789.0354614257812,185.9822235107422,48.900001525878906,130.7628173828125,87.16649627685547,412.3503723144531,538.9354248046875,40.0,365.966796875,929.9071044921875,97.0999984741211,58.59405517578125,,215.0,167.0,43.45800018310547,210.30758666992188,173.5921173095703,161.9846649169922,38.400001525878906,145.97647094726562,466.93597412109375,
2024-09-30,151.98773193359375,83.29357147216797,149.98959350585938,246.6951446533203,94.0,585.2321166992188,31.200000762939453,275.7529602050781,64.2790756225586,,743.9801635742188,54.064998626708984,66.99453735351562,43.599998474121094,107.03045654296875,142.3261260986328,63.897117614746094,63.89537811279297,60.97353744506836,260.96673583984375,65.4540023803711,107.99378967285156,185.0819854736328,199.0,41.900001525878906,325.7569885253906,147.98468017578125,,56.198001861572266,418.9524841308594,507.3291931152344,2034.8477783203125,609.4638061523438,172.32542419433594,1559.8953857421875,110.0,462.6575927734375,639.9534301757812,50.49947738647461,69.0999984741211,154.20599365234375,16.100000381469727,50.70000076293945,128.0,185.60000610351562,214.96978759765625,186.0,113.58926391601562,274.81280517578125,83.80000305175781,100.96586608886719,739.0,1374.9666748046875,2723.37060546875,321.802001953125,881.8889770507812,100.99110412597656,160.0,489.48480224609375,464.9402160644531,998.9114379882812,331.7772521972656,103.99050903320312,97.11210632324219,194.9936065673828,1288.835205078125,316.16156005859375,619.553955078125,100.5260009765625,517.9631958007812,155.45399475097656,162.34950256347656,430.70538330078125,150.9757537841797,99.0,94.27100372314453,159.5590057373047,308.8981018066406,744.896484375,103.0,48.599998474121094,111.0,117.98805236816406,71.79705810546875,67.18599700927734,204.0,902.9459228515625,795.9140014648438,218.9862518310547,73.0,91.39091491699219,125.99700927734375,80.3858871459961,858.9063110351562,800.8538818359375,109.0,177.98428344726562,141.5070037841797,212.366943359375,233.95982360839844,251.9645538330078,69.52300262451172,1064.8260498046875,97.4000015258789,91.0,134.53976440429688,218.99380493164062,837.8958129882812,64.1780014038086,83.99474334716797,379.9939270019531,146.10800170898438,66.0,76.79000091552734,708.132080078125,189.98184204101562,47.29999923706055,139.41639709472656,96.07524108886719,405.6848449707031,542.9349365234375,37.5,351.96807861328125,949.9051513671875,98.30000305175781,62.49365997314453,,270.0,153.0,77.66899871826172,248.37295532226562,166.542236328125,153.9854278564453,42.20000076293945,138.97760009765625,474.94476318359375,
2024-10-31,157.9872589111328,92.89282989501953,155.9891815185547,254.8575897216797,81.9000015258789,644.0145263671875,35.5,286.3587951660156,63.279396057128906,,734.191162109375,53.18600082397461,63.194847106933594,45.29999923706055,124.1600570678711,138.55625915527344,61.9972038269043,65.09529113769531,59.90056610107422,277.9645690917969,64.37999725341797,109.9936752319336,191.37086486816406,149.0,41.900001525878906,325.7569885253906,154.98394775390625,,57.78499984741211,393.955322265625,496.6484375,2129.840576171875,638.032958984375,167.79066467285156,1659.888671875,118.0,499.0151672363281,632.9539184570312,49.39949035644531,69.0,146.00799560546875,16.0,54.0,118.0,227.1999969482422,216.96951293945312,180.0,112.6182861328125,284.79022216796875,92.0,103.96485137939453,693.0,1224.9703369140625,2609.39697265625,319.38800048828125,938.5819702148438,101.99101257324219,164.0,486.62799072265625,468.939697265625,1034.908203125,335.4128112792969,128.9882354736328,129.8031463623047,191.99371337890625,1296.834228515625,301.8768310546875,623.8806762695312,97.5,641.9544067382812,135.45399475097656,173.23294067382812,453.9871520996094,164.9735107421875,98.19999694824219,97.37799835205078,158.23399353027344,349.2989807128906,743.116455078125,98.69999694824219,37.099998474121094,111.0,134.986328125,72.49702453613281,64.85399627685547,173.0,978.94140625,795.9140014648438,248.984375,80.0,94.59058380126953,127.99696350097656,95.11614227294922,891.9027099609375,770.9238891601562,108.0,165.9853515625,211.35400390625,229.50888061523438,259.9553527832031,262.9630126953125,74.09500122070312,1102.8197021484375,108.0,93.0,235.44483947753906,280.9920349121094,842.8952026367188,71.06999969482422,84.19450378417969,358.9942626953125,137.0570068359375,68.0,90.2490005493164,735.4031372070312,183.982421875,50.0,235.5648651123047,103.06204223632812,410.446533203125,561.9326782226562,38.0,353.9678955078125,949.9051513671875,102.0,68.99299621582031,,232.0,163.0,106.33300018310547,236.95303344726562,168.30520629882812,179.9829559326172,41.400001525878906,147.9761505126953,455.9469909667969,
2024-11-28,154.9875030517578,91.69291687011719,157.98904418945312,244.88026428222656,93.5,637.962890625,32.79999923706055,280.29888916015625,70.37708282470703,,739.7855224609375,64.83499908447266,67.49449157714844,47.79999923706055,129.9079132080078,147.03897094726562,65.4970474243164,76.8944320678711,59.607574462890625,273.965087890625,63.71900177001953,110.99362182617188,212.9345245361328,150.0,42.70000076293945,325.7569885253906,163.98301696777344,,57.78499984741211,414.95294189453125,486.85772705078125,2141.83984375,658.9829711914062,165.06982421875,1601.892578125,111.0,518.103271484375,625.9544677734375,58.099395751953125,76.30000305175781,123.94999694824219,15.0,50.400001525878906,150.0,259.20001220703125,241.96600341796875,167.0,110.67633056640625,289.324951171875,90.0,101.96552276611328,660.0,1174.9715576171875,2479.427001953125,305.71099853515625,977.6370239257812,99.99119567871094,143.0,481.86639404296875,488.9371337890625,1096.9027099609375,329.0495910644531,125.9885025024414,108.64976501464844,191.99371337890625,1284.835693359375,296.1633605957031,638.5908203125,146.052001953125,615.9562377929688,143.63600158691406,170.51206970214844,438.4663391113281,173.97206115722656,99.0,94.75700378417969,161.5449981689453,307.2153015136719,728.8771362304688,96.9000015258789,37.70000076293945,111.0,128.9869384765625,76.7968521118164,68.67900085449219,169.0,871.94775390625,789.9146728515625,265.9833068847656,71.69999694824219,93.79066467285156,125.99700927734375,110.23735809326172,897.9020385742188,789.0626831054688,109.0,175.98446655273438,331.997314453125,233.3186492919922,252.95655822753906,275.9612121582031,75.4280014038086,1047.828857421875,102.0,90.5,337.2588806152344,229.9934844970703,821.8977661132812,73.52100372314453,84.4941177368164,363.9941711425781,138.9969940185547,68.4000015258789,121.71700286865234,745.4024658203125,194.9813690185547,50.70000076293945,252.8720245361328,118.7835922241211,396.16156005859375,548.9342651367188,44.400001525878906,339.9691467285156,889.9111328125,102.0,63.993507385253906,,246.0,160.0,92.55599975585938,218.8725128173828,169.18618774414062,237.97747802734375,40.70000076293945,156.9746856689453,460.9464111328125,
2024-12-31,156.98733520507812,90.39302062988281,162.9886932373047,235.81088256835938,81.9000015258789,773.681884765625,35.5,287.1167907714844,82.37318420410156,,720.20654296875,68.46099853515625,69.49433135986328,46.70000076293945,127.60897064208984,139.4992218017578,65.69702911376953,73.79466247558594,67.41238403320312,270.9654846191406,72.72699737548828,111.99356842041016,238.09112548828125,143.0,41.900001525878906,294.6960144042969,150.98814392089844,,59.465999603271484,411.9532775878906,499.31842041015625,2299.828125,618.9868774414062,159.62811279296875,1799.8792724609375,107.0,586.2750244140625,649.9526977539062,60.79936981201172,72.5,136.63800048828125,15.100000381469727,58.900001525878906,148.0,252.8000030517578,243.96571350097656,166.0,109.70535278320312,295.673583984375,83.0,97.96688079833984,623.0,1129.97265625,2719.37158203125,305.71099853515625,1165.35400390625,100.99110412597656,118.0,438.060791015625,472.939208984375,1007.91064453125,346.3204650878906,122.98877716064453,77.59368896484375,226.9925537109375,1159.8516845703125,322.8279724121094,645.513427734375,168.42100524902344,622.9557495117188,158.18099975585938,165.977294921875,457.86761474609375,172.9722137451172,268.0,92.23300170898438,169.49000549316406,307.2153015136719,678.149169921875,112.0,36.79999923706055,62.29999923706055,150.98471069335938,77.59681701660156,69.14600372314453,152.0,899.946044921875,796.913818359375,246.9844970703125,120.0,93.99064636230469,120.99713134765625,109.26240539550781,899.9017944335938,812.6441040039062,105.0,176.984375,314.7625427246094,236.17547607421875,253.95639038085938,288.9593200683594,74.28500366210938,1064.8260498046875,125.0,138.0,322.7144470214844,223.99365234375,810.899169921875,68.9260025024414,84.4941177368164,379.9939270019531,140.93600463867188,72.5,119.14399719238281,762.6742553710938,211.979736328125,50.70000076293945,218.2586669921875,112.66976165771484,379.9726867675781,537.935546875,45.0,369.9664306640625,974.9026489257812,108.0,66.69322967529297,,239.0,155.0,105.40899658203125,240.75965881347656,169.18618774414062,249.0,52.79999923706055,163.97357177734375,468.94549560546875,
2025-01-29,155.9874267578125,97.99243927001953,157.98904418945312,269.36859130859375,77.0,691.5587158203125,35.70000076293945,295.4496765136719,80.6737289428711,,727.8987426757812,68.46099853515625,68.79439544677734,45.20000076293945,129.9079132080078,185.6846466064453,66.89698028564453,74.89458465576172,67.70537567138672,301.9615173339844,92.56099700927734,110.99362182617188,257.8567810058594,144.0,41.0,348.4840087890625,151.98806762695312,,59.465999603271484,403.9541931152344,558.9517822265625,2439.8173828125,634.2233276367188,187.74456787109375,1802.8790283203125,110.0,668.0808715820312,625.9544677734375,55.999420166015625,73.0,134.68600463867188,14.0,58.79999923706055,180.0,238.0800018310547,264.9627990722656,182.0,107.76339721679688,279.3485107421875,86.19999694824219,99.46636962890625,637.0,1148.97216796875,2567.40673828125,366.85400390625,1335.4329833984375,102.99092864990234,98.30000305175781,495.1993408203125,559.927978515625,949.9158325195312,348.13824462890625,126.98841094970703,116.34253692626953,248.99183654785156,1349.8275146484375,323.77984619140625,680.1253662109375,167.10499572753906,635.954833984375,172.7270050048828,186.83824157714844,503.6541442871094,183.970458984375,236.0,94.0770034790039,218.48300170898438,303.0065612792969,708.407958984375,118.0,38.20000076293945,57.79999923706055,157.9840087890625,90.69627380371094,67.93299865722656,153.0,929.9442749023438,756.918212890625,251.98419189453125,125.0,97.99024963378906,140.9966583251953,119.01791381835938,1023.8883056640625,874.3179931640625,103.0,237.97898864746094,217.70291137695312,252.36448669433594,259.9553527832031,313.9558410644531,75.90399932861328,1126.81591796875,136.0,161.0,381.8031311035156,226.9935760498047,819.8980102539062,73.52100372314453,87.39048767089844,372.9940490722656,141.58299255371094,75.19999694824219,113.60299682617188,776.3092651367188,199.9808807373047,57.0,250.94912719726562,114.41670989990234,393.30474853515625,557.93310546875,44.29999923706055,359.96734619140625,873.9127807617188,101.0,67.99310302734375,,244.0,155.0,135.9219970703125,220.7758331298828,207.95755004882812,253.0,42.599998474121094,162.97372436523438,453.9472351074219,
2025-02-24,161.9869384765625,97.09249877929688,167.99346923828125,293.85693359375,85.9000015258789,694.152587890625,37.70000076293945,328.0251770019531,81.3735122680664,,879.6314697265625,63.736000061035156,72.49408721923828,44.70000076293945,127.60897064208984,179.0868682861328,68.99688720703125,91.89335632324219,78.43712615966797,304.96112060546875,85.94999694824219,110.99362182617188,267.7395935058594,222.0,39.20000076293945,541.666015625,154.9878387451172,,58.53200149536133,443.9496765136719,596.333740234375,2854.78662109375,675.17236328125,204.9766082763672,1968.867919921875,114.0,672.6260986328125,674.9508666992188,62.499351501464844,70.0,136.4429931640625,15.399999618530273,52.79999923706055,252.0,214.0800018310547,261.96319580078125,196.0,116.50118255615234,311.9996032714844,82.0,98.96653747558594,649.0,1187.97119140625,2564.407470703125,359.6130065917969,1235.905029296875,106.99057006835938,98.0,497.10321044921875,554.9286499023438,954.9153442382812,362.6824035644531,129.98814392089844,164.41812133789062,279.9908142089844,1338.828857421875,327.58953857421875,693.1045532226562,180.26300048828125,624.95556640625,259.0899963378906,195.00079345703125,448.5549011230469,196.96836853027344,147.0,96.11599731445312,215.8350067138672,329.94049072265625,735.996826171875,99.19999694824219,37.900001525878906,55.0,144.98532104492188,83.59657287597656,69.70600128173828,132.0,931.9441528320312,699.92431640625,272.9828796386719,175.0,99.49009704589844,159.99620056152344,118.04196166992188,1044.8861083984375,934.1781005859375,105.0,239.97882080078125,146.0419464111328,260.93597412109375,268.95379638671875,343.9516296386719,81.0469970703125,1124.816162109375,126.0,157.0,398.16552734375,243.9930877685547,824.8973999023438,82.86399841308594,87.39048767089844,370.99407958984375,142.22900390625,80.0,114.59200286865234,762.6742553710938,197.98109436035156,60.400001525878906,234.60389709472656,124.89741516113281,399.018310546875,568.9318237304688,49.0,346.9685363769531,671.9329223632812,106.0,75.59233093261719,,290.0,187.0,166.43499755859375,231.2430877685547,211.48248291015625,271.0,44.0,161.97389221191406,490.94293212890625,
2025-03-27,156.98733520507812,91.09296417236328,144.99436950683594,280.25286865234375,76.0,756.3928833007812,36.0,322.7222595214844,77.99546813964844,,912.4951782226562,53.95600128173828,66.6945571899414,41.0,102.89155578613281,156.4646453857422,67.69694519042969,77.99435424804688,86.82691955566406,299.9617614746094,80.49500274658203,105.99391174316406,264.14569091796875,148.0,36.5,566.666015625,153.9879150390625,,57.597999572753906,384.9563293457031,610.5743408203125,2865.78564453125,654.221435546875,217.6748809814453,1999.8658447265625,105.0,708.0748291015625,730.94677734375,59.89937973022461,65.5,136.63800048828125,13.300000190734863,54.900001525878906,199.0,194.8800048828125,251.964599609375,173.0,110.67633056640625,322.8829650878906,88.0,93.68428802490234,571.0,1249.9697265625,2634.391357421875,370.0719909667969,1133.8580322265625,102.99092864990234,93.0,539.9578857421875,539.9671630859375,1020.9094848632812,363.5913391113281,114.98950958251953,117.30351257324219,248.99183654785156,1247.840576171875,301.8768310546875,687.9127807617188,207.8939971923828,607.956787109375,262.72698974609375,204.97727966308594,441.5708923339844,188.9696502685547,139.0,95.1449966430664,223.7790069580078,330.78240966796875,734.2169189453125,98.4000015258789,33.599998474121094,55.099998474121094,148.9849090576172,76.7968521118164,65.04000091552734,119.0,889.9466552734375,796.913818359375,251.98419189453125,159.0,93.89066314697266,154.99632263183594,111.21331787109375,1082.8819580078125,950.5029296875,101.0,217.9807586669922,150.577880859375,247.60377502441406,253.95639038085938,334.952880859375,76.09500122070312,1115.817626953125,111.0,135.0,470.89068603515625,234.99334716796875,811.8990478515625,78.26899719238281,90.88611602783203,365.994140625,140.2899932861328,70.30000305175781,113.99800109863281,808.1251220703125,185.9822235107422,57.5,269.2172546386719,120.53053283691406,399.97125244140625,562.9325561523438,44.29999923706055,346.9685363769531,749.9251708984375,104.0,71.39275360107422,,239.0,168.0,171.98300170898438,203.64698791503906,194.73977661132812,281.0,38.900001525878906,153.9751739501953,479.9442138671875,
2025-04-30,161.9946746826172,89.09312438964844,140.99452209472656,274.81024169921875,69.19999694824219,727.7952880859375,35.599998474121094,284.84381103515625,73.39573669433594,,949.9290161132812,32.96699905395508,67.3945083618164,42.0,158.64923095703125,157.40760803222656,68.89689636230469,74.19462585449219,82.92401885986328,284.982177734375,82.47899627685547,96.99442291259766,264.14569091796875,155.0,35.599998474121094,590.9089965820312,147.9884033203125,,55.917999267578125,390.9556579589844,634.5720825195312,2712.88427734375,661.8396606445312,214.27883911132812,2249.84912109375,99.0,662.93701171875,648.9527587890625,56.99940872192383,64.0,175.67799377441406,14.199999809265137,66.19999694824219,238.0,182.0800018310547,274.96136474609375,174.0,128.1519012451172,319.9908447265625,121.0,87.98524475097656,550.0,874.9788208007812,2372.75537109375,386.1619873046875,903.3070068359375,100.99110412597656,101.0,542.8146362304688,599.9635009765625,1112.9471435546875,336.3437194824219,118.9891357421875,154.80239868164062,244.99197387695312,1219.8441162109375,316.16156005859375,675.6712036132812,207.8939971923828,596.9575805664062,211.8179931640625,215.23190307617188,419.0650329589844,171.98553466796875,162.0,90.29100036621094,248.93800354003906,309.07501220703125,748.0960083007812,107.0,36.400001525878906,270.0,140.9924774169922,81.89664459228516,63.31800079345703,113.0,954.9428100585938,796.913818359375,262.9835205078125,220.0,95.29051971435547,161.99615478515625,117.06993103027344,1077.8824462890625,906.63037109375,117.0,179.99267578125,127.90019226074219,237.12742614746094,246.95758056640625,276.98321533203125,76.37999725341797,1093.90673828125,130.0,150.0,472.7086181640625,242.9931182861328,794.9483032226562,80.87300109863281,87.44815063476562,349.9944152832031,139.64300537109375,68.69999694824219,118.94599914550781,844.486572265625,185.9938507080078,55.0,321.1378173828125,146.7327880859375,428.5402526855469,541.9688720703125,45.900001525878906,343.96881103515625,862.913818359375,113.0,70.39286041259766,,290.0,168.0,192.3249969482422,207.4847412109375,211.4244842529297,256.0,38.400001525878906,159.97421264648438,472.9689025878906,
2025-05-29,175.99420166015625,100.39225006103516,148.9942169189453,285.7044677734375,72.30000305175781,730.627197265625,35.400001525878906,286.3587951660156,80.59532165527344,,1025.37744140625,32.96699905395508,64.69755554199219,40.29999923706055,135.6567840576172,179.6079559326172,66.69999694824219,68.19772338867188,83.21701049804688,256.9839172363281,85.94999694824219,133.9923095703125,263.20550537109375,150.0,35.900001525878906,657.5750122070312,142.99072265625,,53.49100112915039,378.97637939453125,628.0301513671875,3193.86376953125,654.221435546875,240.94505310058594,2247.849365234375,102.0,517.9508056640625,693.979248046875,55.699424743652344,61.900001525878906,206.91000366210938,12.699999809265137,69.9000015258789,257.0,198.0800018310547,245.9833221435547,166.0,120.0,319.0378723144531,130.0,95.38400268554688,580.0,955.0,2599.73193359375,363.635986328125,731.968017578125,97.99607849121094,93.5999984741211,586.6453247070312,570.9652709960938,1520.927734375,362.7061767578125,115.99436950683594,109.61174011230469,360.9944152832031,1132.9305419921875,338.9845886230469,700.9041748046875,180.26300048828125,620.9558715820312,222.7270050048828,227.612548828125,399.69232177734375,167.98587036132812,166.0,87.86399841308594,249.60000610351562,318.16558837890625,792.43408203125,98.4000015258789,37.099998474121094,308.0,138.99258422851562,88.39637756347656,59.779998779296875,117.0,1117.9613037109375,711.9230346679688,249.98431396484375,194.0,105.99485778808594,184.99560546875,134.63047790527344,1306.857421875,910.440185546875,106.0,199.9918670654297,135.15708923339844,238.994873046875,274.9527893066406,326.9801940917969,76.19000244140625,1092.90673828125,127.0,154.0,379.0752868652344,212.9939727783203,761.950439453125,77.50299835205078,83.15069580078125,379.9939270019531,173.26100158691406,66.5,117.36299896240234,818.156005859375,167.99444580078125,58.20000076293945,327.9915466308594,148.59559631347656,410.98486328125,550.9683837890625,44.79999923706055,348.96832275390625,793.9703979492188,109.0,66.29788970947266,,362.0,143.0,195.0989990234375,198.91949462890625,235.23411560058594,251.0,39.0,140.98785400390625,476.9685974121094,
2025-06-30,180.99404907226562,110.9914321899414,157.99386596679688,286.65643310546875,70.0,707.9721069335938,40.599998474121094,284.0858459472656,81.9952392578125,,1027.1951904296875,39.66999816894531,68.09742736816406,35.099998474121094,160.94818115234375,190.2877960205078,70.69999694824219,77.79740905761719,104.38749694824219,253.98411560058594,84.54499816894531,130.9924774169922,261.31854248046875,152.0,40.29999923706055,632.7269897460938,146.99046325683594,,53.84600067138672,362.97735595703125,672.8896484375,3032.870849609375,611.40478515625,261.8964538574219,2018.92822265625,96.0,529.94970703125,655.9804077148438,59.49938201904297,64.0,327.9320068359375,16.600000381469727,215.0,256.0,205.44000244140625,239.98373413085938,169.0,128.0,341.8941955566406,160.0,102.98272705078125,540.0,1019.0,2451.747314453125,360.4179992675781,712.0,112.9954833984375,93.9000015258789,553.3134765625,576.9649047851562,1475.929931640625,373.61456298828125,133.99349975585938,100.95799255371094,369.9942932128906,1177.927734375,333.98480224609375,749.5000610351562,186.0,606.994384765625,218.18099975585938,263.801513671875,415.9902038574219,176.985107421875,151.0,86.50399780273438,270.8919982910156,309.07501220703125,824.5093383789062,106.0,39.0,1450.0,146.99215698242188,86.3964614868164,69.44000244140625,125.0,1229.9573974609375,729.9210815429688,113.21231079101562,175.0,112.99451446533203,194.99537658691406,127.8006591796875,1319.919921875,951.3905639648438,105.0,216.99118041992188,141.5070037841797,254.99452209472656,249.97750854492188,394.97607421875,76.30000305175781,1092.90673828125,174.0,190.0,371.8035583496094,210.0,759.9505615234375,87.30599975585938,80.9520034790039,368.9941101074219,165.71400451660156,74.4000015258789,133.3939971923828,816.3380126953125,169.994384765625,60.900001525878906,282.9927062988281,146.72561645507812,407.9849853515625,559.9678344726562,135.0,358.98577880859375,736.9724731445312,117.0,67.99783325195312,,296.0,147.0,179.61099243164062,194.16046142578125,255.23377990722656,248.0,76.0,150.9869842529297,482.96820068359375,
2025-07-31,179.99407958984375,104.99653625488281,168.99343872070312,286.65643310546875,85.4000015258789,745.7306518554688,67.0999984741211,280.0,80.39533233642578,,1018.1049194335938,53.40599822998047,81.99690246582031,93.0,190.4714813232422,184.462890625,79.0,83.79721069335938,131.0,278.9825439453125,100.0,209.98793029785156,279.243408203125,210.0,44.5,471.8179931640625,155.9898681640625,,61.15299987792969,367.9770812988281,658.870849609375,3477.851806640625,616.1666259765625,238.08815002441406,2099.92529296875,118.0,552.947509765625,723.9783935546875,68.4992904663086,71.9000015258789,589.4979858398438,21.700000762939453,179.0,283.0,191.0399932861328,233.98414611816406,203.0,122.0,322.8477478027344,210.0,109.98155212402344,510.0,890.0,2400.75244140625,363.635986328125,702.4000244140625,117.99527740478516,101.0,517.123779296875,609.962890625,1351.935791015625,403.61285400390625,157.99234008789062,114.0,349.9945983886719,1139.9300537109375,358.9836730957031,754.1729125976562,184.0,612.9943237304688,210.0,263.801513671875,408.2297058105469,206.9825897216797,171.0,85.53299713134766,252.64599609375,390.8900451660156,835.830078125,140.0,48.0,1240.0,150.991943359375,113.99532318115234,70.77899932861328,122.0,1241.95703125,748.9190673828125,142.99786376953125,172.0,106.99481201171875,194.99537658691406,143.41024780273438,1328.9193115234375,999.0076904296875,110.0,217.9911346435547,141.5070037841797,246.9947052001953,245.97787475585938,398.975830078125,87.9000015258789,1184.89892578125,170.0,204.0,367.99066162109375,328.0,738.9519653320312,85.16200256347656,201.8802947998047,369.99407958984375,184.76100158691406,82.0,168.2270050048828,787.2479248046875,358.9881591796875,64.19999694824219,279.9927673339844,147.6605987548828,412.9847717285156,574.9669799804688,267.0,392.98443603515625,789.9705200195312,220.0,77.69752502441406,,305.0,243.0,177.66900634765625,196.9598846435547,263.80462646484375,735.0,124.0,166.98561096191406,531.9649658203125,
2025-08-31,191.99368286132812,102.9966049194336,167.99346923828125,276.1807861328125,101.0,755.1702880859375,62.5,325.0,81.9952392578125,,1006.3114013671875,60.54899978637695,97.99629974365234,110.0,200.94723510742188,186.4038543701172,81.0999984741211,99.5966796875,246.0,288.98193359375,90.0,208.9879913330078,322.63916015625,200.0,45.5,481.8179931640625,167.9890899658203,,60.0,384.9759826660156,640.1790161132812,3389.85546875,610.4528198242188,233.32627868652344,2042.9273681640625,122.0,579.9567260742188,803.9760131835938,73.49923706054688,71.4000015258789,653.9130249023438,26.0,169.0,280.0,228.8000030517578,232.9842071533203,197.0,125.0,324.751708984375,215.0,122.98480224609375,620.0,880.0,2489.743408203125,402.72698974609375,680.0,159.9936065673828,93.80000305175781,513.3148803710938,598.9635620117188,1392.933837890625,381.7961120605469,148.99276733398438,102.0,347.99462890625,1109.931884765625,337.984619140625,719.6041870117188,154.0,629.9942016601562,214.5449981689453,251.42086791992188,418.31903076171875,203.98284912109375,165.0,83.9800033569336,257.5580139160156,349.0730895996094,913.186279296875,132.0,53.400001525878906,1141.0,146.99215698242188,100.99585723876953,67.62300109863281,122.0,1249.9566650390625,748.9190673828125,136.99795532226562,175.0,104.99490356445312,214.99490356445312,135.60543823242188,1347.918212890625,972.3417358398438,107.0,206.99159240722656,129.80517578125,253.9945526123047,244.97796630859375,431.9835510253906,82.4000015258789,1207.89697265625,185.0,211.0,313.9920349121094,269.0,738.9519653320312,88.83799743652344,127.92414855957031,399.9936218261719,173.33299255371094,81.5,170.8000030517578,787.2479248046875,294.9902648925781,70.0,252.99346923828125,144.8566436767578,397.9853515625,571.9671630859375,241.0,387.9846496582031,787.9705810546875,170.0,77.89752197265625,,360.0,296.0,194.1739959716797,226.9537811279297,267.61456298828125,758.0,118.0,183.98414611816406,507.9763488769531,
2025-09-30,192.99365234375,126.99581146240234,179.99301147460938,274.27587890625,177.0,763.6658935546875,57.099998474121094,330.8330078125,92.89460754394531,,982.6766357421875,64.83499908447266,109.995849609375,137.0,260.9519958496094,200.96661376953125,96.19999694824219,101.9966049194336,270.0,292.981689453125,118.18099975585938,194.99461364746094,336.79010009765625,168.0,44.20000076293945,690.0,154.98992919921875,,62.30699920654297,389.9892883300781,660.7398681640625,3424.85400390625,597.119384765625,228.56442260742188,2093.925537109375,133.0,614.9541015625,901.9730834960938,117.998779296875,75.4000015258789,1151.66796875,24.200000762939453,170.0,301.0,274.8800048828125,233.98414611816406,219.0,123.0,333.323486328125,239.0,147.98171997070312,599.0,865.0,2483.743896484375,393.635986328125,876.0,171.9931182861328,103.0,521.8855590820312,609.962890625,1379.9344482421875,380.88714599609375,153.99252319335938,106.0,348.9945983886719,1156.9290771484375,331.9848937988281,742.967529296875,145.0,675.9937744140625,198.18099975585938,254.2777862548828,403.57305908203125,213.98199462890625,173.0,81.74700164794922,366.0369873046875,343.61932373046875,929.2239379882812,134.0,56.0,1065.0,145.99221801757812,113.99532318115234,72.88300323486328,120.0,1110.9615478515625,768.9323120117188,149.99777221679688,167.0,112.99451446533203,222.9947052001953,138.53236389160156,1386.9158935546875,1010.436279296875,107.0,206.99159240722656,137.49806213378906,279.9939880371094,270.9756164550781,445.9830017089844,79.4000015258789,1369.8831787109375,180.0,235.0,336.991455078125,265.0,718.9532470703125,98.02799987792969,135.91940307617188,381.993896484375,203.8090057373047,87.0,211.76800537109375,781.7940673828125,296.9902038574219,85.5,266.99310302734375,150.4645538330078,393.9854736328125,569.96728515625,180.0,403.9840087890625,813.9696044921875,208.0,98.69685363769531,,365.0,254.0,252.427001953125,232.9525604248047,270.4715270996094,771.0,126.0,177.9846649169922,514.9760131835938,
2025-10-30,211.99302673339844,147.9951171875,206.99195861816406,273.32391357421875,357.0,776.88134765625,65.0,607.5,93.09459686279297,,975.4039916992188,79.2300033569336,123.99532318115234,157.0,276.19000244140625,206.79251098632812,115.0,109.996337890625,274.0,313.9803771972656,127.27200317382812,348.9903564453125,371.6958923339844,174.0,58.0,504.5450134277344,168.98902893066406,,75.57599639892578,441.98785400390625,669.1507568359375,4020.82861328125,583.786865234375,224.75453186035156,2249.920166015625,128.0,684.9489135742188,1054.968505859375,157.9983673095703,80.80000305175781,1341.010986328125,25.200000762939453,162.0,287.0,376.0,264.9820556640625,233.0,140.0,334.27545166015625,385.0,188.97665405273438,529.0,854.0,2473.7451171875,445.4540100097656,1044.800048828125,192.99227905273438,122.0,514.266845703125,636.9612426757812,1472.9300537109375,417.2480773925781,178.99131774902344,107.0,353.9945373535156,1190.927001953125,354.9838562011719,750.4443359375,161.0,661.993896484375,210.0,254.2777862548828,447.0350341796875,250.97889709472656,157.0,85.43599700927734,400.9429931640625,362.70941162109375,949.9784545898438,131.0,64.80000305175781,668.0,176.9905548095703,126.99478912353516,83.21299743652344,122.0,1184.958984375,878.922607421875,150.9977569580078,175.0,128.99374389648438,226.99461364746094,141.45928955078125,1596.903076171875,999.9606323242188,117.0,227.99073791503906,146.15093994140625,290.9937438964844,339.96942138671875,455.9826354980469,78.0,1424.87841796875,227.0,360.0,305.9922180175781,279.0,711.9536743164062,130.9600067138672,138.91763305664062,385.99383544921875,215.23800659179688,91.4000015258789,259.26800537109375,861.7916259765625,289.99041748046875,90.0999984741211,271.99298095703125,165.4173126220703,418.98455810546875,593.9658813476562,171.0,394.984375,797.97021484375,200.0,99.79682922363281,,356.0,272.0,230.0970001220703,224.95419311523438,275.23345947265625,780.0,119.0,179.98448181152344,530.9752807617188,
2025-11-30,210.99305725097656,133.99559020996094,199.9922332763672,269.5140380859375,327.0,764.60986328125,61.70000076293945,441.6659851074219,84.29511260986328,,1022.6746826171875,69.12000274658203,121.99539947509766,141.0,256.19000244140625,195.14170837402344,102.0,102.99656677246094,181.0,310.9805603027344,100.90899658203125,318.9912109375,334.9031066894531,141.0,49.5,618.1810302734375,155.99468994140625,,71.34600067138672,415.9885559082031,662.6088256835938,3854.835693359375,563.78759765625,212.37388610839844,2088.92578125,114.0,619.9536743164062,991.9703979492188,126.9986801147461,69.0,1907.0849609375,41.29999923706055,147.0,263.0,436.0,269.981689453125,214.0,124.0,339.9902648925781,320.0,183.97726440429688,539.0,919.0,2470.745361328125,418.1809997558594,865.5999755859375,170.9931640625,109.0,469.5064392089844,605.963134765625,1729.9178466796875,409.0665283203125,195.99049377441406,98.4000015258789,413.9936218261719,1384.9150390625,345.9842529296875,744.8364868164062,148.0,633.994140625,223.63600158691406,255.2307586669922,451.69171142578125,233.98031616210938,145.0,85.53299713134766,370.7539978027344,368.16314697265625,1028.2777099609375,113.0,61.400001525878906,349.0,166.9910888671875,114.99528503417969,73.64800262451172,118.0,1466.94921875,789.9304809570312,141.9978790283203,140.0,115.99436950683594,239.9943084716797,125.84970092773438,1529.9071044921875,955.2003784179688,117.0,221.99098205566406,134.61309814453125,287.99383544921875,294.9734802246094,419.9840087890625,77.0,1392.8812255859375,195.0,289.0,293.9925231933594,255.0,684.9554443359375,116.40899658203125,136.91880798339844,434.9930419921875,200.0,82.9000015258789,207.80999755859375,828.1557006835938,261.9913635253906,80.9000015258789,269.9930419921875,158.87542724609375,410.98486328125,648.9627685546875,141.0,421.9833068847656,1099.958984375,189.0,100.39680480957031,,325.0,255.0,203.88299560546875,208.9574432373047,279.0423583984375,754.0,105.0,174.98492431640625,521.0,
2025-12-31,229.992431640625,132.99562072753906,183.9928436279297,279.99066162109375,345.0,774.0494995117188,61.900001525878906,491.6659851074219,87.39492797851562,238.99472045898438,1028.12841796875,65.05400085449219,105.99600219726562,124.0,254.28500366210938,197.08367919921875,102.0,94.89684295654297,219.0,314.9803161621094,100.90899658203125,303.9916076660156,350.9410095214844,131.0,46.79999923706055,593.635986328125,148.99493408203125,,73.07599639892578,394.9891357421875,668.2167358398438,3699.84228515625,559.0257568359375,208.5649871826172,2099.92529296875,109.0,513.961669921875,1146.9656982421875,120.99874877929688,68.0999984741211,2076.907958984375,37.400001525878906,143.0,251.0,552.0,288.98040771484375,225.0,117.0,339.9902648925781,376.0,188.97665405273438,544.0,830.0,2625.7294921875,423.635986328125,838.4000244140625,164.993408203125,103.0,428.5558776855469,589.964111328125,1625.9227294921875,404.5218200683594,210.98976135253906,96.5999984741211,424.9934387207031,1499.907958984375,354.9838562011719,757.9200439453125,146.0,636.994140625,236.36300659179688,260.944580078125,492.8248596191406,232.98040771484375,155.0,77.18399810791016,362.2640075683594,374.52685546875,1028.2777099609375,116.0,60.20000076293945,423.0,157.9915771484375,108.99552917480469,70.49199676513672,117.0,1249.9566650390625,818.9279174804688,140.99789428710938,142.0,115.99436950683594,244.9941864013672,129.75259399414062,1597.903076171875,966.6279907226562,113.0,214.9912567138672,135.57408142089844,298.99359130859375,301.97283935546875,439.9832458496094,72.0,1413.87939453125,186.0,250.0,284.9927673339844,253.0,637.95849609375,116.40899658203125,135.91940307617188,398.9936218261719,198.09500122070312,80.9000015258789,219.68499755859375,780.8851318359375,237.9921417236328,80.0,273.992919921875,152.33352661132812,390.985595703125,689.9603881835938,158.0,453.9820251464844,1399.94775390625,189.0,97.39690399169922,,305.0,217.0,257.281005859375,228.953369140625,279.0423583984375,726.0,107.0,174.98492431640625,519.0,
2026-01-29,208.9931182861328,129.99571228027344,177.0,280.942626953125,416.0,774.0494995117188,54.099998474121094,385.8330078125,84.99506378173828,275.993896484375,1007.2203979492188,55.05400085449219,96.79634857177734,115.0,238.09500122070312,200.96661376953125,96.30000305175781,82.99723815917969,200.0,314.9803161621094,90.27200317382812,307.9914855957031,316.97918701171875,112.0,40.0,590.9089965820312,143.99510192871094,,78.84600067138672,359.9901123046875,633.6370849609375,3149.86572265625,539.0265502929688,189.5175323486328,2009.9285888671875,96.5,500.9626159667969,989.970458984375,105.9989013671875,60.29999923706055,2110.0,34.70000076293945,101.0,240.0,245.0,271.9815673828125,175.0,106.0,328.5616149902344,315.0,174.97837829589844,484.0,710.0,2645.727294921875,370.0,686.4000244140625,163.99343872070312,90.69999694824219,406.6516418457031,619.9622802734375,1547.926513671875,392.7044677734375,209.98980712890625,80.30000305175781,412.9936218261719,1423.9127197265625,336.98468017578125,755.1171875,141.0,609.994384765625,236.36300659179688,259.0396423339844,473.42218017578125,211.982177734375,165.0,74.17400360107422,330.18798828125,379.9815673828125,948.0914916992188,102.0,49.70000076293945,246.0,140.9924774169922,93.99614715576172,67.71800231933594,113.0,1016.9647827148438,818.9279174804688,134.99798583984375,127.0,99.99514770507812,224.99465942382812,113.16703796386719,1567.9049072265625,905.6783447265625,102.0,209.99147033691406,112.4984130859375,263.99432373046875,270.9756164550781,406.9844970703125,71.30000305175781,1674.857177734375,205.0,240.0,255.99349975585938,226.0,631.9589233398438,104.76799774169922,138.91763305664062,366.994140625,196.19000244140625,70.0,199.89300537109375,715.43212890625,195.9935302734375,64.5,272.9929504394531,140.18373107910156,389.9856262207031,658.962158203125,137.0,437.982666015625,1299.9515380859375,177.0,78.99748229980469,,299.0,197.0,270.87298583984375,207.9576416015625,269.5185546875,712.0,83.5,164.98577880859375,510.0,
2026-02-24,224.9925994873047,141.9953155517578,160.0,291.4183044433594,490.0,688.14892578125,48.79999923706055,339.1659851074219,86.49497985839844,282.9937438964844,1059.0357666015625,53.18600082397461,105.99600219726562,110.0,252.3800048828125,197.08367919921875,94.19999694824219,82.59724426269531,196.0,317.9801025390625,88.18099975585938,309.991455078125,320.7521667480469,108.0,39.0,509.0899963378906,143.99510192871094,,76.44200134277344,379.98956298828125,634.5720825195312,3099.867919921875,532.3598022460938,196.18435668945312,1951.9306640625,97.4000015258789,489.96343994140625,969.9710083007812,98.39897918701172,61.0,1151.0,33.400001525878906,97.0,233.0,192.0,270.98162841796875,175.0,104.0,322.8477478027344,345.0,177.97801208496094,465.0,795.0,2618.72998046875,353.635986328125,680.0,139.99440002441406,96.69999694824219,401.8898010253906,709.0,1904.9095458984375,441.79266357421875,214.98956298828125,79.4000015258789,406.99371337890625,1424.91259765625,346.9842224121094,751.3782958984375,130.0,577.9946899414062,211.8179931640625,265.7064514160156,454.7955017089844,218.98158264160156,157.0,79.61100006103516,325.47100830078125,377.25372314453125,924.507080078125,100.0,47.70000076293945,157.0,135.9927520751953,91.69623565673828,67.33599853515625,106.0,1141.96044921875,818.9279174804688,137.99794006347656,105.0,95.99534606933594,206.99508666992188,127.8006591796875,1599.9029541015625,898.0596313476562,97.30000305175781,207.99154663085938,105.76750183105469,250.99461364746094,276.97509765625,401.98468017578125,71.9000015258789,1633.860595703125,199.0,239.0,257.9934387207031,229.0,622.95947265625,107.21800231933594,133.92059326171875,386.9938049316406,190.4759979248047,71.80000305175781,197.91400146484375,720.886962890625,189.9937286376953,66.5999984741211,262.99322509765625,149.52957153320312,375.98614501953125,654.96240234375,131.0,434.9827880859375,1299.9515380859375,169.0,78.0975112915039,,300.0,179.0,269.9020080566406,214.9562225341797,274.28045654296875,706.0,81.9000015258789,173.98500061035156,542.0,
2026-03-31,212.9929962158203,142.9952850341797,140.0,279.99066162109375,460.0,694.7566528320312,49.79999923706055,319.1659851074219,85.99501037597656,260.9942321777344,980.8587646484375,45.604000091552734,104.99604034423828,115.0,227.61900329589844,175.72503662109375,88.9000015258789,86.59711456298828,208.0,311.9804992675781,87.0,300.0,313.2052307128906,110.0,37.5,505.4540100097656,135.99537658691406,,74.03800201416016,342.9905700683594,640.1790161132812,2699.885009765625,528.5509033203125,199.99424743652344,1994.9290771484375,84.0999984741211,479.9888610839844,988.970458984375,138.99856567382812,56.900001525878906,1018.0,29.600000381469727,101.0,195.0,169.0,276.9812316894531,140.0,105.0,313.32403564453125,358.0,168.0,425.0,790.0,2414.0,331.8179931640625,688.7999877929688,147.99407958984375,88.5,361.8912353515625,536.0,1479.9296875,440.88372802734375,187.99087524414062,73.9000015258789,434.9932861328125,1259.9227294921875,317.98553466796875,752.3132934570312,130.0,568.9947509765625,193.63600158691406,269.5153503417969,519.2120361328125,181.0,153.0,73.49500274658203,320.7539978027344,386.3442687988281,856.5836181640625,112.0,46.0,170.0,132.99290466308594,93.99614715576172,66.9530029296875,99.80000305175781,1138.9605712890625,829.9269409179688,125.99812316894531,96.0,95.09538269042969,189.99549865722656,108.28916931152344,1549.906005859375,873.2986450195312,98.9000015258789,249.98983764648438,105.76750183105469,228.99508666992188,277.9750061035156,393.9849853515625,69.0,1484.0,189.0,240.0,246.9937286376953,196.0,599.9609985351562,96.6500015258789,128.92355346679688,374.9940185546875,180.95199584960938,70.0,192.7689971923828,698.15966796875,198.99342346191406,62.29999923706055,266.99310302734375,142.98768615722656,394.9854431152344,670.9614868164062,150.0,433.9828186035156,1173.9561767578125,313.0,80.09745025634766,799.98681640625,253.0,156.0,250.48500061035156,209.95724487304688,279.0423583984375,616.0,85.80000305175781,174.98492431640625,570.0,
2026-04-30,254.0,165.99452209472656,179.0,279.0,438.0,710.0,59.400001525878906,419.1659851074219,97.80000305175781,264.994140625,1008.97412109375,61.97800064086914,117.0,124.0,237.14199829101562,186.4038543701172,109.0,99.0999984741211,200.0,316.0,111.81800079345703,305.0,342.4500427246094,276.0,41.5,503.635986328125,147.99496459960938,,82.21099853515625,371.9897766113281,679.0,2820.0,584.73876953125,201.0,1931.931396484375,94.80000305175781,485.9887390136719,959.9713134765625,212.99778747558594,68.0999984741211,1750.0,35.79999923706055,129.0,255.0,251.0,307.9791259765625,184.0,109.0,339.0,444.0,195.0,473.0,800.0,2401.0,373.635986328125,708.0,178.0,100.30000305175781,400.9378356933594,630.0,1659.921142578125,463.6094055175781,201.99020385742188,95.9000015258789,438.99322509765625,1361.0,324.9852294921875,789.989990234375,147.0,494.0,183.0,272.0,582.07666015625,195.0,174.0,82.23300170898438,328.3009948730469,338.99072265625,1005.0,132.0,48.79999923706055,211.0,143.0,117.99516296386719,76.66600036621094,115.0,1278.0,824.9273681640625,143.9978485107422,146.0,118.0,207.9950714111328,144.38621520996094,1549.906005859375,860.0,107.0,247.9899139404297,169.22760009765625,258.99444580078125,261.0,420.0,102.0,1842.0,216.0,336.0,270.9931335449219,235.0,634.9586791992188,108.75,135.0,477.99237060546875,278.0950012207031,81.5999984741211,249.3719940185547,772.0,228.0,79.5999984741211,279.9927673339844,171.0252227783203,395.0,648.0,157.0,426.0,1340.0,448.0,119.99617767333984,941.9844360351562,291.0,189.0,260.1940002441406,210.0,291.0,570.0,111.0,200.0,570.0,
2026-05-31,276.0,165.0,,,,,,480.0,,,,73.73600006103516,,128.0,222.85699462890625,,,,,,115.4540023803711,,355.6579895019531,,,526.3629760742188,,,72.40299987792969,,,,628.547119140625,,,,,,,,1777.0,34.099998474121094,,,,,,,,,,,,,383.635986328125,664.0,,,394.2710876464844,,,463.6094055175781,,,,,,,,,,,,,,77.66899871826172,349.0559997558594,,,,,,,117.0,75.19599914550781,,,,,,,,,,,,,143.2669677734375,,,,108.0,,,,,,,122.07599639892578,,,302.85699462890625,88.5999984741211,249.3719940185547,,,,,,,,,,,,,,,,262.135009765625,,,,,,,
2026-06-30,279.0,168.0,183.0,260.0,506.0,870.0,66.0,474.1659851074219,115.0,266.9969177246094,881.9774169921875,75.5,111.0,128.0,179.0,194.0,105.0,94.19999694824219,199.0,309.0,114.54499816894531,298.0,346.0,735.0,40.29999923706055,679.0,142.99513244628906,,73.0,337.0,634.0,2897.0,660.9269409179688,184.0,1826.0,102.0,475.98895263671875,993.0,256.0,73.9000015258789,1741.0,34.0,114.0,271.0,197.0,270.0,213.0,99.5,353.0,400.0,178.0,562.0,2100.0,2390.0,369.0,635.0,157.0,99.0,430.0,630.0,1760.0,479.0625305175781,179.0,78.5999984741211,435.0,1252.0,322.0,766.990234375,135.0,457.0,173.0,259.0,478.0,180.0,158.0,77.19999694824219,350.0,359.99505615234375,923.0,124.0,50.900001525878906,185.0,135.0,116.0,77.54900360107422,114.0,1064.0,935.9176025390625,144.0,153.0,119.0,225.0,125.0,1474.0,806.0,98.19999694824219,280.0,144.2279510498047,237.0,263.0,410.0,121.0,1830.0,201.0,285.0,331.9915771484375,264.0,588.0,129.0,139.0,525.9915771484375,339.0,82.19999694824219,233.0,699.0,205.0,82.0999984741211,289.0,241.0,396.0,660.0,140.0,405.0,1295.0,343.0,178.0,909.9849853515625,307.0,185.0,266.0,202.0,279.0,746.0,106.0,177.0,610.0,
2026-07-30,286.0,193.0,188.0,268.0,571.0,715.0,65.0999984741211,454.0,129.0,271.9968566894531,895.97705078125,74.0,112.0,129.0,193.0,193.0,107.0,106.0,176.0,308.0,115.0,297.0,315.0,755.0,43.900001525878906,547.0,144.9950714111328,,71.19999694824219,345.0,644.0,2805.0,620.0,188.0,1669.0,121.0,503.9883117675781,938.0,287.0,73.4000015258789,1637.0,33.5,135.0,253.0,230.0,270.0,211.0,99.30000305175781,352.0,360.0,168.0,525.0,1200.0,2399.0,365.0,587.0,153.0,98.80000305175781,420.0,646.0,1656.0,426.0,204.0,78.5999984741211,395.0,1297.0,314.0,784.9900512695312,145.0,489.0,185.0,255.0,464.0,183.0,157.0,79.80000305175781,331.0,339.9953308105469,928.0,120.0,48.79999923706055,178.0,133.0,128.0,74.8030014038086,111.0,1091.0,1028.909423828125,146.0,150.0,125.0,222.0,117.0,1460.0,858.0,98.9000015258789,269.0,179.0,227.0,257.0,424.0,131.0,1619.0,199.0,251.0,320.0,261.0,650.0,139.0,138.0,648.9896240234375,340.0,84.30000305175781,236.0,674.0,261.0,77.9000015258789,276.0,270.0,383.0,627.0,139.0,412.0,1280.0,207.0,182.0,977.9838256835938,292.0,196.0,280.0,200.0,279.0,725.0,108.0,164.0,597.0,
2026-08-31,283.0,191.0,272.0,302.0,603.0,711.0,69.5,504.0,120.0,266.9969177246094,930.0,71.5,114.0,134.0,186.0,187.0,105.0,103.0,163.0,306.0,114.0,342.0,320.0,1720.0,42.099998474121094,540.0,140.0,,71.0,338.0,664.0,2939.0,730.0,187.0,1719.0,186.0,502.0,911.0,289.0,85.30000305175781,1900.0,33.900001525878906,149.0,252.0,210.0,268.0,208.0,87.4000015258789,355.0,365.0,169.0,665.0,1450.0,2338.0,346.0,675.0,153.0,102.0,398.0,662.0,1705.0,430.0,204.0,80.0,414.0,1290.0,319.0,770.0,187.0,444.0,284.0,252.0,460.0,199.0,152.0,78.9000015258789,355.0,360.0,977.0,124.0,47.20000076293945,188.0,144.0,148.0,78.19999694824219,117.0,1159.0,955.0,153.0,205.0,148.0,229.0,120.0,1520.0,874.0,97.4000015258789,277.0,191.0,239.0,275.0,500.0,137.0,1755.0,182.0,242.0,336.0,259.0,615.0,173.0,140.0,710.0,347.0,89.0999984741211,265.0,631.0,248.0,78.9000015258789,272.0,264.0,376.0,609.0,147.0,413.0,1200.0,221.0,123.0,992.0,310.0,238.0,262.0,200.0,277.0,902.0,125.0,178.0,605.0,
