Date,AIR.RG,BAL1R.RG,BERCM.RG,CRGB065029A.RG,CTS1L.RG,DGR1R.RG,DGRB095027A.RG,EGG.RG,ELEV095030A.RG,ELEVR.RG,EVKB100028FA.RG,EVKB110028FA.RG,EWA1L.RG,FASTL085029FA.RG,GRB2G.RG,H2O040030A.RG,HPRB095029A.RG,IDX1R.RG,IDXB100036A.RG,IGR1R.RG,INVG095030FA.RG,INVLV110029FA.RG,KALVE.RG,MAGIC.RG,MDARA.RG,MODE.RG,MOLNR.RG,NEOFI.RG,PNKTD.RG,RCITY077529FA.RG,RKB1R.RG,SAF1R.RG,SAUNA.RG,SCM1R.RG,SIGBLTFR.RG,SKALH085029FA.RG,STOH100030A.RG,SUNB100028FA.RG,VIRSI.RG,YOOK110029FA.RG,^OMXR
2023-09-29,,8.690164566040039,,,,1.0602352619171143,,,,,,,,,,,,13.699999809265137,,,,,,,12.916576385498047,,,,,,0.052000001072883606,10.899999618530273,,7.544479846954346,,,,,4.229612350463867,,
2023-10-31,,8.503279685974121,,,,1.004010796546936,,,,,,,,,,,,13.449999809265137,,,,,,,12.374913215637207,,,,,,0.05299999937415123,10.350000381469727,,7.446499824523926,,,,,4.191161155700684,,
2023-11-30,,8.22295093536377,,,,1.040155053138733,,4.477062702178955,,,,,,,,,,12.899999618530273,,,,,,,13.083242416381836,,,,,,0.054999999701976776,7.0,,6.858618259429932,,,,,4.17193603515625,,
2023-12-29,,8.550000190734863,,,,1.0653942823410034,,4.726301193237305,,,,,,,,,,12.550000190734863,,,,,,,12.49991226196289,,,,,,0.054499998688697815,7.0,,7.838420867919922,,,,,4.229612350463867,,
2024-01-31,,8.596721649169922,,,,1.0449843406677246,,4.523218154907227,,,,,,,,,,12.100000381469727,,,,,,,12.416580200195312,,,,,,0.05950000137090683,6.71999979019165,,7.446499824523926,,,,,4.229612350463867,,
2024-02-29,,8.550000190734863,,,,1.036820650100708,,4.246286392211914,,,,,,,,,,11.899999618530273,,,,,,,12.12491512298584,,,,,,0.07450000196695328,6.699999809265137,,7.348519325256348,,,,,4.133484840393066,,
2024-03-28,,8.22295093536377,,,,1.008246660232544,,4.061665058135986,,,,,,,,,,11.800000190734863,,,,,,,11.583251953125,,,,,,0.08500000089406967,6.599999904632568,,7.348519325256348,,,,,4.008518695831299,,
2024-04-30,,8.269672393798828,,,,1.0141526460647583,,3.7016541957855225,,,,,,,,,,12.0,,,,,,,10.416594505310059,,,,,,0.10000000149011612,6.199999809265137,,7.446499824523926,,,,,3.998905897140503,,
2024-05-31,,8.363114356994629,,,,0.9067912101745605,,3.7016541957855225,,,,,,,,,,13.100000381469727,,,,,,,10.916590690612793,,,,,,0.11999999731779099,5.420000076293945,,8.380702018737793,,,,,4.066195011138916,,
2024-06-28,,8.596721649169922,,,,0.9113913178443909,,4.135513782501221,,,,,,,,,,13.5,,,,,,,11.416586875915527,,,,,,0.11999999731779099,4.880000114440918,,7.88771915435791,,,,,4.001856327056885,,
2024-07-31,,8.31639289855957,,,,0.9086431264877319,,3.692422866821289,,,,,,,,,,13.5,,,,,,,11.181641578674316,,,,,,0.11999999731779099,5.039999961853027,,6.556666851043701,,,,,3.943434953689575,,
2024-08-30,,8.503279685974121,,,,0.886646032333374,,3.5078017711639404,,,,,,,,,,13.350000381469727,,,,,,,11.094625473022461,,,,,,0.13300000131130219,4.789999961853027,,7.3947367668151855,,,,,3.9336979389190674,,
2024-09-30,,8.503279685974121,,,,0.8904039263725281,,3.8770437240600586,,,,,,,,,,12.300000190734863,,,,,,,11.094625473022461,,,,,,0.12700000405311584,5.519999980926514,,6.704561233520508,,,,,3.992119073867798,,
2024-10-31,,8.503279685974121,,,,0.9335439205169678,,3.6370365619659424,,1.4621410369873047,,,,,,,,12.199999809265137,,,,,,,10.354982376098633,,,,,,0.11900000274181366,5.28000020980835,,6.507368087768555,,,,,4.099225044250488,,
2024-11-29,,8.456557273864746,,,,0.9490739107131958,,3.553956985473633,,1.4930624961853027,,,,,,,,11.949999809265137,,,,,,,10.093934059143066,,,,,,0.12399999797344208,5.599999904632568,,5.028420925140381,,,,,3.992119073867798,,
2024-12-27,,8.363114356994629,,,,0.9466726779937744,,4.541680335998535,,1.4753930568695068,,,,,,,,11.699999809265137,,,,,6.659999847412109,,9.310783386230469,,,,,,0.12800000607967377,5.199999809265137,,4.929824352264404,,,,,4.011592388153076,,
2025-01-31,,8.550000190734863,,,,0.9625093340873718,,4.2924418449401855,,1.4930624961853027,,,,,,,,10.850000381469727,,,,,7.0,,9.354291915893555,,,,,,0.125,5.900000095367432,,5.422806739807129,,,,,4.0408034324646,,
2025-02-28,,8.699999809265137,,,,1.0223362445831299,,4.2924418449401855,,1.4930624961853027,,,,,,,,10.5,,,,,7.0,,8.614649772644043,,,,,,0.125,6.079999923706055,,5.422806739807129,,,,,4.011592388153076,,
2025-03-31,,8.199999809265137,,,,1.0364130735397339,,4.190899848937988,,1.4930624961853027,,,,,,,,10.399999618530273,,,,,7.0,,8.597246170043945,,,,,,0.11800000071525574,6.539999961853027,,5.176315784454346,,,,,3.992119073867798,,
2025-04-30,,7.75,,,,1.0334044694900513,,4.190899848937988,,1.5018972158432007,,,,,,,,10.25,,,,,7.0,,8.597246170043945,,,,,,0.11299999803304672,6.019999980926514,,5.176315784454346,,,,,3.992119073867798,,
2025-05-30,,7.949999809265137,,,,1.053139567375183,,4.190899848937988,,1.5063145160675049,,,,,,,,9.65999984741211,,,,,7.0,,8.597246170043945,,,,,,0.10999999940395355,6.0,,5.028420925140381,,,,,3.992119073867798,,
2025-06-30,,7.949999809265137,,,,1.074391484260559,,4.190899848937988,,1.5866954326629639,,,,,,,,8.899999618530273,,,,,7.0,,8.597246170043945,,,,,,0.47200000286102295,5.739999771118164,,5.127017498016357,,,,,4.0407490730285645,,
2025-07-31,,7.849999904632568,,,,1.1562646627426147,,4.190899848937988,,1.5748587846755981,,,,,,,,10.199999809265137,,,,,7.0,,9.479999542236328,,,,,,0.3100000023841858,5.960000038146973,,4.979123115539551,,,,,4.0407490730285645,,
2025-08-29,,7.550000190734863,,,,1.1856768131256104,,4.190899848937988,,1.6178146600723267,,,,,,,,9.960000038146973,,,,,7.0,,9.479999542236328,,,,,,0.335999995470047,5.78000020980835,,4.979123115539551,,,,,4.0407490730285645,,
2025-09-30,,7.099999904632568,,,,1.200354814529419,,4.190899848937988,,1.6034959554672241,,,,,,,,9.640000343322754,,,,,7.0,,9.479999542236328,,,,,,0.37599998712539673,5.739999771118164,,5.176315784454346,,,,,4.0407490730285645,,
2025-10-31,,7.150000095367432,,,,1.1984851360321045,,4.190899848937988,,1.6082689762115479,,,,,,,,9.65999984741211,,,,,7.0,,9.479999542236328,,,,,,0.35199999809265137,5.900000095367432,,5.422806739807129,,,,,4.0407490730285645,,
2025-11-28,,7.25,,,,1.2078337669372559,,4.190899848937988,,1.6336272954940796,,,,,,,,9.680000305175781,,,,,7.0,,9.479999542236328,,,,,,0.39800000190734863,6.28000020980835,,5.373508453369141,,,,,4.0407490730285645,,
2025-12-30,,6.599999904632568,,,,1.2283200025558472,,4.190899848937988,,1.6629773378372192,,,,,,,,9.460000038146973,,,,,7.0,,9.479999542236328,,,,,,0.3659999966621399,6.860000133514404,,4.693192958831787,,,,,4.0407490730285645,,
2026-01-30,,6.25,,,,1.258837342262268,,4.190899848937988,,1.6631730794906616,,,,,,,,9.479999542236328,,,,,7.0,,9.479999542236328,,,,,,0.37400001287460327,8.020000457763672,,6.31017541885376,,,,,4.0407490730285645,,
2026-02-27,,2.5,,,,1.2779107093811035,,4.190899848937988,,1.67256498336792,,,,,,,,9.5,,,,,7.0,,9.479999542236328,,,,,,0.38600000739097595,9.800000190734863,,5.570701599121094,,,,,4.0407490730285645,,
2026-03-31,,2.0999999046325684,,,,1.3217791318893433,,4.190899848937988,,1.6504546403884888,,,,,,,,8.880000114440918,,,,,7.0,,9.479999542236328,,,,,,0.37599998712539673,9.680000305175781,,4.712912559509277,,,,,4.0407490730285645,,
2026-04-30,,1.9900000095367432,,,,1.3964999914169312,,4.190899848937988,,1.6533896923065186,,,,,,,,8.65999984741211,,,,,7.0,,9.479999542236328,,,,,,0.34599998593330383,9.199999809265137,,4.87066650390625,,,,,4.0407490730285645,,
2026-05-29,,2.2100000381469727,,,,1.4651000499725342,,4.190899848937988,,1.6582813262939453,,,,,,,,8.720000267028809,,,,,7.0,,9.479999542236328,,,,,,0.3479999899864197,10.800000190734863,,5.150000095367432,,,,,4.0407490730285645,,
2026-06-30,,1.649999976158142,,,,1.524999976158142,,4.190899848937988,,1.6799999475479126,,,,,,,,8.699999809265137,,,,,7.0,,9.479999542236328,,,,,,0.3580000102519989,11.0,,5.349999904632568,,,,,4.099999904632568,,
2026-07-31,,1.4800000190734863,,,,1.5049999952316284,,4.190899848937988,,1.6799999475479126,,,,,,,,8.979999542236328,,1.5579999685287476,,,7.0,,9.880000114440918,,,,,,0.3319999873638153,12.75,,6.199999809265137,,,,,4.099999904632568,,
2026-08-31,,1.2949999570846558,,,,1.524999976158142,,4.539999961853027,,1.7000000476837158,,,,,,,,9.279999732971191,,1.5499999523162842,,,7.0,,9.880000114440918,,,,,,0.36000001430511475,17.049999237060547,,6.699999809265137,,,,,4.099999904632568,,
