Date,ALTR.LS,BCP.LS,BFCPY.LS,BGNVA.LS,BJLLD.LS,BMENY.LS,BMENZ.LS,BOTEM.LS,BOTET.LS,BOTEZ.LS,BTGNV.LS,COR.LS,CTT.LS,EDP.LS,EDPR.LS,EGL.LS,ESON.LS,FCP.LS,GALP.LS,GLINT.LS,IBS.LS,IPR.LS,JMT.LS,MAR.LS,MLCIA.LS,MLFMV.LS,MLRZE.LS,MRL.LS,NBA.LS,NOS.LS,NVG.LS,OTE1.LS,OTE2.LS,OTEL.LS,OTEN.LS,OTEP.LS,OTEV.LS,OTEW.LS,OTEX.LS,OTEY.LS,OTEZ.LS,PHR.LS,PSI20.LS,PTFCPCOM0018.LS,PTFCPZOM0011.LS,PTGNVKOM0008.LS,PTMEN2OM0007.LS,PTMENAOM0029.LS,PTMENWOM0015.LS,PTOTE3OE0025.LS,PTOTEAOE0005.LS,PTOTEDOE0010.LS,PTOTEEOE0019.LS,PTOTEQOE0023.LS,PTOTESOE0021.LS,PTOTVNOE0009.LS,PTSCPAOM0007.LS,PTSCPJOM0008.LS,PTSINCOM0001.LS,PTSLBAOM0028.LS,PTSLBOOM0006.LS,PTSLBPOM0005.LS,PTVAACOM0009.LS,PTVAIAOM0003.LS,RAM.LS,RENE.LS,SCB.LS,SCP.LS,SCT.LS,SEM.LS,SLBEN.LS,SNC.LS,SON.LS,TDSA.LS,VAF.LS
2023-09-29,3.715423107147217,0.22774899005889893,,,,,,,,,,8.615222930908203,3.159365177154541,3.3556275367736816,14.737650871276855,3.0905439853668213,7.387706279754639,1.25,12.971179962158203,0.3183453679084778,5.618734359741211,0.16099999845027924,19.355072021484375,1.1320416927337646,,1.5,0.6700000166893005,7.223147869110107,3.2450950145721436,2.60780930519104,3.039015054702759,,,,,,,,,,,0.04179999977350235,6090.330078125,,,,,,,,,,,,,,,,,,,,,,4.341001510620117,2.038440227508545,18.399999618530273,0.8799999952316284,4.673412322998047,12.247379302978516,3.369999885559082,2.4362170696258545,0.7958880066871643,0.07699999958276749,0.7749999761581421
2023-10-31,3.9598820209503174,0.2532877027988434,,,,,,,,,,8.119384765625,3.277557373046875,3.3846142292022705,14.428934097290039,2.7702102661132812,7.144689559936523,1.1200000047683716,13.128236770629883,0.31160789728164673,5.455872058868408,0.15700000524520874,19.828479766845703,1.1820515394210815,,1.5,0.6499999761581421,7.1328582763671875,3.5696046352386475,2.586838722229004,3.202549695968628,,,,,,,,,,,0.0430000014603138,6257.06005859375,,,,,,,,,,,,,,,,,,,,,,4.438085079193115,2.0721333026885986,15.600000381469727,0.8849999904632568,4.630926132202148,12.031248092651367,3.049999952316284,2.641568422317505,0.8036738634109497,0.06920000165700912,0.7350000143051147
2023-11-30,4.126322269439697,0.2695554494857788,,,,,,,,,,8.01313304901123,3.236644744873047,3.740126371383667,15.910774230957031,3.3341782093048096,7.387706279754639,1.1100000143051147,12.61548900604248,0.3351890444755554,5.4884443283081055,0.15299999713897705,20.666046142578125,1.154773473739624,,1.5,0.5899999737739563,8.543758392333984,3.5831258296966553,2.550889492034912,3.211066961288452,,,,,,,,,,,0.041200000792741776,6474.580078125,,,,,,,,,,,,,,,,,,,,,,4.465822696685791,2.0510752201080322,12.600000381469727,0.8999999761581421,4.758383274078369,12.211357116699219,3.059999942779541,2.5668954849243164,0.8032413125038147,0.07079999893903732,0.7699999809265137
2023-12-29,3.987622022628784,0.23999355733394623,,,,,,,,,,8.171732902526855,3.1730029582977295,3.883354425430298,17.596839904785156,3.573300838470459,6.901672840118408,1.1699999570846558,12.324467658996582,0.29644861817359924,5.439586162567139,0.14100000262260437,20.9755802154541,1.3911837339401245,,1.2999999523162842,0.5400000214576721,9.33809757232666,3.623689651489258,2.3966081142425537,3.0219802856445312,,,,,,,,,,,0.03759999945759773,6396.47998046875,,,,,,,,,,,,,,,,,,,,,,4.424216270446777,2.012420892715454,12.600000381469727,0.9850000143051147,4.248556613922119,12.067269325256348,2.880000114440918,2.6135659217834473,0.7824789881706238,0.06499999761581421,0.7900000214576721
2024-01-31,3.918272018432617,0.236232727766037,,,,,,,,,,8.448892593383789,3.345745325088501,3.531252384185791,14.295948028564453,4.809518337249756,7.387706279754639,1.1299999952316284,13.50240707397461,0.29644861817359924,5.439586162567139,0.15000000596046448,19.191200256347656,1.4548327922821045,,1.2999999523162842,0.6000000238418579,8.867037773132324,3.5831258296966553,2.4565234184265137,3.2536540031433105,,,,,,,,,,,0.05180000141263008,6322.759765625,,,,,,,,,,,,,,,,,,,,,,4.646120548248291,1.9691431522369385,16.200000762939453,0.9599999785423279,4.248556613922119,12.877758979797363,2.950000047683716,2.5668954849243164,0.7755582928657532,0.1185000017285347,0.9900000095367432
2024-02-29,3.9096035957336426,0.23352143168449402,,,,,,,,,,8.43995189666748,3.304832696914673,3.1365225315093994,11.96395206451416,5.125340461730957,7.19329309463501,1.1399999856948853,13.460831642150879,0.2981329560279846,5.374440670013428,0.1509999930858612,20.13801383972168,1.4548327922821045,,1.399999976158142,0.699999988079071,8.128116607666016,4.529611587524414,2.4085910320281982,3.200845956802368,,,,,,,,,,,0.04839999973773956,6157.9599609375,,,,,,,,,,,,,,,,,,,,,,4.604513645172119,1.8955706357955933,15.100000381469727,0.9800000190734863,4.673412322998047,12.4454984664917,2.799999952316284,2.5202245712280273,0.7357638478279114,0.10450000315904617,0.9399999976158142
2024-03-28,4.533752918243408,0.27340376377105713,,,,,,,,,,8.788636207580566,3.7548718452453613,3.0776970386505127,11.91645622253418,4.344809055328369,6.804466247558594,1.149999976158142,14.149118423461914,0.31666100025177,5.504731178283691,0.14749999344348907,16.733121871948242,1.468471884727478,,1.399999976158142,0.6949999928474426,9.236495018005371,4.394399642944336,2.715656280517578,3.449554920196533,,,,,,,,,,,0.04879999905824661,6280.5,,,,,,,,,,,,,,,,,,,,,,4.701596260070801,1.9042259454727173,14.100000381469727,0.949999988079071,4.503469944000244,13.418083190917969,2.6600000858306885,2.426882743835449,0.7612841129302979,0.10999999940395355,0.9100000262260437
2024-04-30,4.486074924468994,0.2873975336551666,,,,,,,,,,8.565120697021484,4.009438991546631,3.0060830116271973,12.225173950195312,3.674363613128662,7.19329309463501,1.350000023841858,18.6622371673584,0.3419265151023865,5.716451644897461,0.14249999821186066,17.616209030151367,1.4502863883972168,,1.2999999523162842,0.6899999976158142,9.698321342468262,4.394399642944336,2.6878881454467773,3.5364325046539307,,,,,,,,,,,0.04839999973773956,6615.56005859375,,,,,,,,,,,,,,,,,,,,,,4.9235005378723145,1.9604874849319458,14.100000381469727,1.0199999809265137,4.503469944000244,14.318625450134277,2.869999885559082,2.370877742767334,0.8131898641586304,0.10849999636411667,0.9700000286102295
2024-05-31,4.571767330169678,0.3250933289527893,,,,,,,,,,8.746009826660156,4.142393112182617,3.359349012374878,14.433297157287598,3.7321808338165283,6.221226692199707,1.2999999523162842,18.088871002197266,0.36550766229629517,6.025888442993164,0.12999999523162842,19.358158111572266,1.5957696437835693,,1.5,0.6399999856948853,10.261565208435059,5.036657810211182,2.750107765197754,3.4188919067382812,,,,,,,,,,,0.047200001776218414,6870.81005859375,,,,,,,,,,,,,,,,,,,,,,4.926596164703369,2.061889171600342,13.0,0.9449999928474426,4.460984230041504,14.012441635131836,3.069999933242798,2.3448052406311035,0.870344877243042,0.10249999910593033,1.0399999618530273
2024-06-28,4.889566898345947,0.3101971447467804,,,,,,,,,,8.225631713867188,3.962700366973877,3.150459051132202,12.79582405090332,3.2051312923431396,6.199999809265137,1.149999976158142,18.468162536621094,0.44349581003189087,5.9577789306640625,0.12950000166893005,17.166492462158203,1.4366472959518433,,1.2000000476837158,0.6600000262260437,9.817873001098633,4.7648515701293945,2.741811752319336,3.4968678951263428,,,,,,,,,,,0.044199999421834946,6480.06005859375,,,,,,,,,,,,,,,,,,,,,,4.866332054138184,2.05739688873291,13.0,0.8999999761581421,4.616894721984863,13.506036758422852,3.299999952316284,2.4601235389709473,0.8033246397972107,0.10199999809265137,1.1399999856948853
2024-07-31,4.562687397003174,0.3592241406440735,,,,,,,,,,8.307796478271484,3.9532430171966553,3.421475887298584,14.060697555541992,3.3764686584472656,6.099999904632568,1.149999976158142,18.21998405456543,0.4471014142036438,6.097550392150879,0.13449999690055847,15.191168785095215,1.4457401037216187,,1.100000023841858,0.6399999856948853,10.101080894470215,5.0680694580078125,2.9492106437683105,3.3744866847991943,,,,,,,,,,,0.047600001096725464,6708.39013671875,,,,,,,,,,,,,,,,,,,,,,5.047124862670898,2.1068105697631836,13.600000381469727,0.8999999761581421,4.9306640625,14.050786972045898,3.2100000381469727,2.517782688140869,0.8648362755775452,0.10050000250339508,1.1100000143051147
2024-08-30,4.463715553283691,0.3832768201828003,,,,,,,,,,8.198243141174316,4.222782611846924,3.417874336242676,14.188166618347168,2.8568689823150635,6.050000190734863,1.2000000476837158,17.83098030090332,0.441692978143692,6.289736747741699,0.13099999725818634,15.746140480041504,1.4730181694030762,,1.100000023841858,0.6549999713897705,10.573094367980957,5.0680694580078125,2.986542224884033,3.3204948902130127,,,,,,,,,,,0.04560000076889992,6760.14990234375,,,,,,,,,,,,,,,,,,,,,,5.152587413787842,2.1247787475585938,15.199999809265137,0.8999999761581421,4.527246475219727,13.562390327453613,3.4100000858306885,2.440903663635254,0.870344877243042,0.09600000083446503,1.0700000524520874
2024-09-30,4.558147430419922,0.37360048294067383,,,,,,,,,,8.079560279846191,4.151850700378418,3.6933934688568115,15.404013633728027,2.3894150257110596,5.949999809265137,1.2000000476837158,15.96804141998291,0.4471014142036438,6.324679851531982,0.12099999934434891,16.592708587646484,1.6185014247894287,,2.319999933242798,0.6000000238418579,10.695817947387695,5.024752616882324,3.032170057296753,3.318695306777954,,,,,,,,,,,0.044199999421834946,6792.8701171875,,,,,,,,,,,,,,,,,,,,,,5.1827192306518555,2.1697003841400146,16.0,1.0,4.9306640625,13.562390327453613,3.259999990463257,2.4216842651367188,0.8712628483772278,0.09440000355243683,1.0700000524520874
2024-10-31,4.516379356384277,0.42705094814300537,,,,,,,,,,7.650475978851318,4.043089866638184,3.2522027492523193,12.138873100280762,2.3838279247283936,5.400000095367432,1.190000057220459,14.894000053405762,0.4471014142036438,6.429509162902832,0.12399999797344208,16.809053421020508,1.600316047668457,,1.5,0.6000000238418579,9.723470687866211,5.111386299133301,2.9201745986938477,3.1819159984588623,,,,,,,,,,,0.040800001472234726,6532.77001953125,,,,,,,,,,,,,,,,,,,,,,5.258049488067627,2.061889171600342,16.0,1.0199999809265137,4.9306640625,13.862942695617676,3.200000047683716,2.383244752883911,0.8345394730567932,0.08799999952316284,1.059999942779541
2024-11-29,4.521827220916748,0.41267460584640503,,,,,,,,,,7.595699310302734,4.222782611846924,3.0811290740966797,10.864192962646484,2.430387020111084,5.099999904632568,1.1200000047683716,14.383255004882812,0.4344816207885742,6.551809310913086,0.11999999731779099,17.345212936401367,1.5275743007659912,,1.2599999904632568,0.5899999737739563,9.031994819641113,5.024752616882324,2.870399236679077,3.0865306854248047,,,,,,,,,,,0.041600000113248825,6418.33984375,,,,,,,,,,,,,,,,,,,,,,5.4539079666137695,2.210129499435425,14.600000381469727,0.9850000143051147,4.661718368530273,12.942502975463867,3.3399999141693115,2.306365966796875,0.8657544255256653,0.08879999816417694,1.0299999713897705
2024-12-31,4.839626312255859,0.42824897170066833,,,,,,,,,,7.3492045402526855,5.107060432434082,2.7831006050109863,9.844449043273926,2.7134668827056885,4.420000076293945,1.100000023841858,14.767486572265625,0.43989014625549316,6.534337997436523,0.10999999940395355,17.354618072509766,1.5866769552230835,,1.2000000476837158,0.550000011920929,9.771849632263184,5.111386299133301,2.7625515460968018,3.23050856590271,,,,,,,,,,,0.04639999940991402,6377.259765625,,,,,,,,,,,,,,,,,,,,,,5.830787658691406,2.1063952445983887,14.600000381469727,0.9100000262260437,4.885839462280273,13.318193435668945,3.25,2.171827793121338,0.8391299247741699,0.07900000363588333,1.0199999809265137
2025-01-31,5.230065822601318,0.46575644612312317,,,,,,,,,,7.714382171630859,5.570478439331055,2.733579158782959,8.859024047851562,2.6873936653137207,4.5,1.1100000143051147,15.008211135864258,0.4507071077823639,7.425384044647217,0.10700000077486038,17.918994903564453,1.5912233591079712,,1.2000000476837158,0.6650000214576721,10.031278610229492,5.154702663421631,2.8164753913879395,3.3040804862976074,,,,,,,,,,,0.049800001084804535,6524.2900390625,,,,,,,,,,,,,,,,,,,,,,5.931899547576904,2.1941616535186768,16.200000762939453,0.9700000286102295,4.706543445587158,14.10714054107666,3.200000047683716,2.114168643951416,0.8271948099136353,0.08720000088214874,1.0299999713897705
2025-02-28,5.497924327850342,0.49450913071632385,,,,,,,,,,7.486145973205566,6.582433223724365,2.8002078533172607,8.4177885055542,2.7842366695404053,4.800000190734863,1.0399999618530273,14.71656608581543,0.44890424609184265,7.4603271484375,0.10599999874830246,19.5274715423584,1.6275941133499146,,1.2000000476837158,0.7450000047683716,9.810282707214355,6.324257850646973,3.5423710346221924,3.0494883060455322,,,,,,,,,,,0.05220000073313713,6800.10009765625,,,,,,,,,,,,,,,,,,,,,,6.0161590576171875,2.258831739425659,16.799999237060547,0.9700000286102295,4.841015815734863,14.125925064086914,3.130000114440918,2.440903663635254,0.9309384822845459,0.10499999672174454,1.0099999904632568
2025-03-31,5.420744895935059,0.5134932994842529,,,,,,,,,,7.303557395935059,7.074224472045898,2.802008628845215,7.559831619262695,3.1660218238830566,4.599999904632568,1.0,15.026727676391602,0.4732424318790436,7.6350417137146,0.10199999809265137,18.436342239379883,1.7094284296035767,,1.1399999856948853,0.7900000214576721,10.021671295166016,6.237623691558838,3.6543667316436768,3.0644643306732178,,,,,,,,,,,0.05299999937415123,6865.6201171875,,,,,,,,,,,,,,,,,,,,,,6.2183837890625,2.5359888076782227,14.600000381469727,0.9599999785423279,4.482421875,14.351338386535645,3.299999952316284,2.3255856037139893,0.9750065803527832,0.1599999964237213,1.0099999904632568
2025-04-30,5.514268398284912,0.5195755362510681,,,,,,,,,,6.947508811950684,7.34849214553833,3.1297502517700195,8.185223579406738,3.251690626144409,4.599999904632568,1.0,12.62411880493164,0.5002849102020264,8.12424373626709,0.10100000351667404,20.054224014282227,1.6503260135650635,,1.2999999523162842,0.6899999976158142,9.589286804199219,6.8007426261901855,3.3770270347595215,3.1318564414978027,,,,,,,,,,,0.04780000075697899,6992.33984375,,,,,,,,,,,,,,,,,,,,,,6.281578540802002,2.674567461013794,14.0,0.949999988079071,4.885839462280273,15.487798690795898,3.7014999389648438,2.4308133125305176,1.0282554626464844,0.15700000524520874,1.0
2025-05-30,5.056660175323486,0.6321902275085449,,,,,,,,,,7.332338809967041,7.180483818054199,3.3533034324645996,8.765278816223145,4.181010723114014,4.300000190734863,1.0399999618530273,13.334159851074219,0.8293010592460632,8.718274116516113,0.12999999523162842,21.41135025024414,1.9276533126831055,,1.649999976158142,0.699999988079071,10.713658332824707,8.533415794372559,3.5378377437591553,3.2235844135284424,,,,,,,,,,,0.055399999022483826,7388.4501953125,,,,,,,,,,,,,,,,,,,,,,6.370239734649658,2.8082642555236816,13.899999618530273,1.0399999618530273,5.289258003234863,16.549123764038086,5.820000171661377,2.332702875137329,1.1808631420135498,0.3179999887943268,0.9900000095367432
2025-06-30,4.637652397155762,0.637230396270752,,,,,,,,,,7.522295951843262,7.3260345458984375,3.517624855041504,9.394911766052246,3.7014360427856445,4.300000190734863,1.0499999523162842,14.781976699829102,0.8513963222503662,9.079291343688965,0.13699999451637268,20.754323959350586,2.0388641357421875,,2.5,0.7200000286102295,10.772632598876953,7.949999809265137,3.55621600151062,3.0812160968780518,,,,,,,,,,,0.061000000685453415,7456.27001953125,,,,,,,,,,,,,,,,,,,,,,6.42362117767334,2.889455556869507,14.600000381469727,0.949999988079071,5.689687252044678,16.263500213623047,5.260000228881836,2.3910202980041504,1.1692479848861694,0.3089999854564667,1.0299999713897705
2025-07-31,4.551946640014648,0.6960723996162415,,,,,,,,,,7.408321857452393,7.180483818054199,3.6169822216033936,10.21293830871582,4.334094047546387,4.099999904632568,1.159999966621399,15.869027137756348,1.0878952741622925,8.779149055480957,0.12600000202655792,20.677026748657227,2.077333450317383,,2.9000000953674316,0.7200000286102295,12.669638633728027,7.900000095367432,3.326486349105835,2.99804425239563,,,,,,,,,,,0.06379999965429306,7711.919921875,,,,,,,,,,,,,,,,,,,,,,6.45920991897583,2.841695785522461,14.699999809265137,0.9700000286102295,5.355000019073486,16.711475372314453,5.539999961853027,2.4687769412994385,1.2234516143798828,0.4009999930858612,1.0099999904632568
2025-08-29,4.7900190353393555,0.6983875036239624,,,,,,,,,,7.170875549316406,7.1222639083862305,3.6179373264312744,9.955135345458984,4.8751325607299805,4.099999904632568,1.2699999809265137,16.06235694885254,1.106815218925476,8.929220199584961,0.11900000274181366,20.425809860229492,2.260061740875244,,3.319999933242798,0.7900000214576721,12.708953857421875,7.900000095367432,3.5883781909942627,3.2069404125213623,,,,,,,,,,,0.061000000685453415,7760.080078125,,,,,,,,,,,,,,,,,,,,,,6.904058933258057,2.8560237884521484,14.899999618530273,1.0199999809265137,5.833125114440918,17.198406219482422,5.579999923706055,2.89643931388855,1.2370024919509888,0.4090000092983246,1.0499999523162842
2025-09-30,4.770973205566406,0.7265545129776001,,,,,,,,,,6.8384504318237305,7.034933567047119,3.8567769527435303,11.105330467224121,4.91853141784668,4.119999885559082,1.3799999952316284,15.57855224609375,1.6081931591033936,9.379432678222656,0.257999986410141,20.00067710876465,2.1831233501434326,,4.0,0.7200000286102295,12.315792083740234,7.849999904632568,3.574594736099243,3.1643877029418945,,,,,,,,,,,0.06279999762773514,7957.6201171875,,,,,,,,,,,,,,,,,,,,,,7.09979248046875,2.922887086868286,13.899999618530273,0.949999988079071,5.9765625,17.782724380493164,6.340000152587891,2.89643931388855,1.2950778007507324,0.5320000052452087,1.0299999713897705
2025-10-31,4.685266971588135,0.7381300330162048,,,,,,,,,,6.914433479309082,7.3260345458984375,4.117588996887207,12.572820663452148,5.786507606506348,4.039999961853027,3.819999933242798,16.83160972595215,1.5987331867218018,9.473227500915527,0.2750000059604645,21.585269927978516,2.4043209552764893,,4.199999809265137,0.7200000286102295,13.84912395477295,8.600000381469727,3.4551351070404053,2.9052016735076904,,,,,,,,,,,0.08020000159740448,8426.9599609375,,,,,,,,,,,,,,,,,,,,,,7.2580647468566895,3.118701696395874,15.800000190734863,1.0,5.880937576293945,17.626907348632812,6.380000114440918,2.877000093460083,1.3686397075653076,0.6959999799728394,1.0399999618530273
2025-11-28,4.342442512512207,0.7923418283462524,,,,,,,,,,6.392051696777344,6.840866565704346,3.6743035316467285,11.373048782348633,4.577127456665039,3.9000000953674316,3.140000104904175,16.802581787109375,1.4568337202072144,9.42633056640625,0.22699999809265137,19.749460220336914,2.2985310554504395,,4.400000095367432,0.875,12.827385902404785,8.800000190734863,3.386216163635254,2.9400177001953125,,,,,,,,,,,0.07519999891519547,8110.740234375,,,,,,,,,,,,,,,,,,,,,,7.2580647468566895,3.1664609909057617,15.0,1.0199999809265137,6.12000036239624,16.4193172454834,5.940000057220459,2.89643931388855,1.4363940954208374,0.6759999990463257,1.0499999523162842
2025-12-31,4.285305023193359,0.8644956946372986,,,,,,,,,,6.278077602386475,7.209593772888184,3.7402231693267822,11.93822956085205,4.771939754486084,3.119999885559082,3.5,14.156163215637207,1.1446551084518433,9.285637855529785,0.18549999594688416,19.57554054260254,2.4524073600769043,,3.0,0.8100000023841858,12.3878173828125,8.75,3.6894593238830566,3.036729097366333,,,,,,,,,,,0.06300000101327896,8263.650390625,,,,,,,,,,,,,,,,,,,,,,7.161290645599365,3.1315836906433105,15.0,1.0099999904632568,6.167812347412109,20.35371971130371,6.460000038146973,2.7214865684509277,1.5602879524230957,0.6359999775886536,1.0499999523162842
2026-01-30,4.123415946960449,0.8820518255233765,,,,,,,,,,6.354060649871826,6.588579177856445,4.124276638031006,12.691805839538574,4.297446250915527,3.4000000953674316,3.5199999809265137,16.188148498535156,1.3338541984558105,9.989095687866211,0.19949999451637268,19.237363815307617,2.356234550476074,2.124314069747925,3.1600000858306885,0.9549999833106995,12.587621688842773,9.449999809265137,4.029459476470947,3.0889527797698975,,,,,,,,,,,0.06620000302791595,8662.1904296875,,,,,,,,,,,,,,,,,,,,,,7.103226184844971,3.350745916366577,15.300000190734863,1.0199999809265137,6.31125020980835,21.81451416015625,6.519999980926514,2.7409255504608154,1.7132192850112915,0.4819999933242798,1.0700000524520874
2026-02-27,4.599560737609863,0.8600584268569946,,,,,,,,,,6.477532386779785,6.918493270874023,4.314392566680908,13.247072219848633,5.0197954177856445,3.859999895095825,2.619999885559082,17.6298885345459,1.2581746578216553,10.739450454711914,0.1914999932050705,21.507972717285156,2.365851879119873,2.1435387134552,3.5,1.149999976158142,14.98526382446289,9.0,4.7324323654174805,3.3229939937591553,,,,,,,,,,,0.07739999890327454,9276.08984375,,,,,,,,,,,,,,,,,,,,,,7.18064546585083,3.750108003616333,15.300000190734863,0.9800000190734863,6.980625152587891,23.129228591918945,6.78000020980835,2.877000093460083,1.9503599405288696,0.5080000162124634,1.090000033378601
2026-03-31,4.661459922790527,0.8025668859481812,,,,,,,,,,6.164103031158447,5.851124286651611,4.322990894317627,13.5742826461792,4.270442485809326,3.4000000953674316,2.880000114440918,20.329526901245117,1.267634630203247,10.12978744506836,0.18299999833106995,19.86540412902832,2.356234550476074,2.153150796890259,4.119999885559082,1.409999966621399,13.986246109008789,9.0,4.9989190101623535,3.253361940383911,,,,,,,,,,,0.07419999688863754,9131.5595703125,,,,,,,,,,,,,,,,,,,,,,7.200000286102295,3.638091802597046,15.399999618530273,0.9750000238418579,6.980625152587891,21.619741439819336,6.320000171661377,2.89643931388855,1.8525999784469604,0.41100001335144043,1.100000023841858
2026-04-30,4.751927375793457,0.8768428564071655,,,,,,,,,,6.097618579864502,6.219851493835449,4.435723304748535,14.060141563415527,4.6523518562316895,3.9800000190734863,3.380000114440918,19.313533782958984,1.1257351636886597,11.255319595336914,0.17599999904632568,19.768783569335938,2.423555612564087,2.172375440597534,4.119999885559082,1.3899999856948853,15.364891052246094,8.9399995803833,5.1643242835998535,3.2359538078308105,,,,,,,,,,,0.07750000059604645,9344.9599609375,,,,,,,,,,,,,,,,,,,,,,7.179999828338623,3.6770541667938232,15.399999618530273,0.9800000190734863,6.980625152587891,22.593605041503906,8.020000457763672,2.857560873031616,1.8855091333389282,0.44600000977516174,1.100000023841858
2026-05-29,4.954999923706055,0.9380000233650208,,,,,,,,,,6.539999961853027,6.065000057220459,4.367000102996826,14.170000076293945,4.751999855041504,3.5,3.259999990463257,18.33121681213379,1.1872248649597168,11.067730903625488,0.18060000240802765,18.15999984741211,2.211975336074829,2.172375440597534,3.9000000953674316,1.399999976158142,15.210000038146973,8.960000038146973,5.264999866485596,3.290112018585205,,,,,,,,,,,0.0729999989271164,9076.5302734375,,,,,,,,,,,,,,,,,,,,,,6.880000114440918,3.5399999618530273,20.200000762939453,1.0,6.693749904632568,23.129228591918945,7.260000228881836,2.9200000762939453,1.9079999923706055,0.43050000071525574,1.0700000524520874
2026-06-30,4.75,1.034999966621399,,,,,,,,,,6.389999866485596,5.784999847412109,4.580999851226807,14.170000076293945,4.664000034332275,3.759999990463257,3.0,18.341053009033203,1.2300000190734863,9.850000381469727,0.18320000171661377,16.760000228881836,2.3299999237060547,2.1916000843048096,5.199999809265137,1.309999942779541,15.3100004196167,8.399999618530273,5.045000076293945,3.2260000705718994,,,,,,,,,,,0.07699999958276749,9132.58984375,,,,,,,,,,,,,,,,,,,,,,6.820000171661377,3.7750000953674316,20.0,0.9750000238418579,7.5,20.299999237060547,6.880000114440918,2.859999895095825,2.015000104904175,0.5289999842643738,1.059999942779541
2026-07-31,4.735000133514404,1.065000057220459,,,,,,,,,,6.619999885559082,6.159999847412109,4.46999979019165,13.449999809265137,4.631999969482422,3.380000114440918,2.9800000190734863,19.3690185546875,1.1950000524520874,9.609999656677246,0.21850000321865082,17.360000610351562,2.3499999046325684,2.200000047683716,5.400000095367432,1.5499999523162842,15.239999771118164,7.400000095367432,4.829999923706055,3.259999990463257,,,,,,,,,,,0.08919999748468399,9116.0400390625,,,,,,,,,,,,,,,,,,,,,,6.739999771118164,3.4549999237060547,20.0,0.9900000095367432,7.199999809265137,20.100000381469727,6.71999979019165,2.9800000190734863,2.0399999618530273,0.4884999990463257,1.090000033378601
2026-08-31,4.690000057220459,1.11899995803833,,,,,,,,,,7.019999980926514,6.554999828338623,4.677999973297119,13.65999984741211,4.75,3.0,2.880000114440918,21.399999618530273,1.215000033378601,10.300000190734863,0.20900000631809235,18.0,2.3499999046325684,2.2200000286102295,5.300000190734863,1.409999966621399,13.5,7.059999942779541,5.03000020980835,3.247999906539917,,,,,,,,,,,0.09000000357627869,9437.1796875,,,,,,,,,,,,,,,,,,,,,,6.820000171661377,3.505000114440918,23.0,0.9700000286102295,7.199999809265137,21.200000762939453,6.559999942779541,2.9800000190734863,2.005000114440918,0.4754999876022339,1.090000033378601
