Date,BCV261.SW,BCVN.SW,BDC25.SW,BE-USD.SW,BEC25.SW,BEC26.SW,BEKN.SW,BELL.SW,BIOV.SW,BJB26.SW,BJB261.SW,BKW.SW,BKW26.SW,BLKB.SW,BMW.SW,BNP.SW,BOM25.SW,BPC26.SW,BRK.SW,BRKN.SW,BS261.SW,BS262.SW,BSK251.SW,BSKP.SW,BUCN.SW,BVZN.SW,BYS.SW,C.SW,CAL255.SW,CAL263.SW,CALN.SW,CCAP.SW,CCJ-USD.SW,CFR.SW,CFS25.SW,CFT.SW,CFTE.SW,CHAM.SW,CHU26.SW,CIB25.SW,CICN.SW,CLTN.SW,CMB25.SW,CMB263.SW,CMBN.SW,CMHC.SW,CMUS.SW,COIN.SW,COR261.SW,COT26.SW,COTN.SW,CPHN.SW,CSP25.SW,CSP261.SW,CURN.SW,DAE.SW,DAT25.SW,DBK.SW,DESN.SW,DHL.SW,DHS251.SW,DHS252.SW,DHS254.SW,DKSH.SW,DOKA.SW,DOR25.SW,DSFIR.SW,DTE26.SW,E319.SW,EFG261.SW,EFGN.SW,EGI251.SW,ELMN.SW,EMMN.SW,EMSN.SW,ENR.SW,EON26.SW,EON261.SW,EPIC.SW,ESUN.SW,EVE.SW,FI261.SW,FORN.SW,FREN.SW,GALD.SW,GALE.SW,GAM.SW,GEB25.SW,GEB26.SW,GEBN.SW,GEBNE.SW,GF.SW,GFI251.SW,GFI252.SW,GIV26.SW,GIV261.SW,GIVN.SW,GKB261.SW,GLKBN.SW,GLW-USD.SW,GMI.SW,GOOG.SW,GRE251.SW,GRKP.SW,GURN.SW,HBAN.SW,HBLN.SW,HIAG.SW,HIL251.SW,HLEE.SW,HOLN.SW,HOOD-USD.SW,HOOD.SW,HUBN.SW,IBR26.SW,IBR261.SW,IFC.SW,IFCN.SW,IFX.SW,IMP26.SW,IMPN.SW,INFRAC.SW,INGA.SW,INRN.SW,INTC.SW,IREN.SW,ISH26.SW,ISN.SW,KAL25.SW,KARN.SW,KLL25.SW,KNI251.SW,KNI26.SW,KNI261.SW,KNIN.SW,KOMN.SW,KSA25.SW,KUD.SW,KURN.SW,LAH26.SW,LAH261.SW,LAH262.SW,LBK26.SW,LEHN.SW,LIN25.SW,LIN251.SW,LISN.SW,LISP.SW,LISPE.SW,LLB251.SW,LLB26.SW,LLBN.SW,LLY.SW,LMN.SW,LOGN.SW,LOGNE.SW,LONN.SW,LUG251.SW,LUK25.SW,LUKN.SW,MA-USD.SW,MCHN.SW,MDT-USD.SW,MED.SW,META-USD.SW,METN.SW,MFSP.SW,MIKN.SW,MOB25.SW,MOB26.SW,MOBN.SW,MOVE.SW,MOZN.SW,MPL26.SW,MRNA-USD.SW,MRVL-USD.SW,MRVL.SW,MU.SW,NBEN.SW,NDA261.SW,NDD26.SW,NDX1.SW,NEAG.SW,NEM.SW,NESN.SW,NFLX.SW,NGR261.SW,NIBEB.SW,NKE.SW,NLW252.SW,NOVN.SW,NOVNEE.SW,NOW-USD.SW,NREN.SW,NVDA-USD.SW,NVDA.SW,NWRN.SW,NYG26.SW,OBE26.SW,OCO26.SW,OERL.SW,OFN.SW,ORON.SW,OTP26.SW,PAAS-USD.SW,PB524.SW,PB559.SW,PB599.SW,PB604.SW,PB605.SW,PB608.SW,PB610.SW,PB612.SW,PB623.SW,PB627.SW,PB631.SW,PB639.SW,PB641.SW,PB644.SW,PB645.SW,PB647.SW,PB651.SW,PB653.SW,PB660.SW,PB661.SW,PB662.SW,PB663.SW,PB667.SW,PB671.SW,PB672.SW,PB675.SW,PB676.SW,PB678.SW,PB683.SW,PB684.SW,PB685.SW,PB686.SW,PB687.SW,PB688.SW,PB690.SW,PB692.SW,PB694.SW,PB695.SW,PB701.SW,PB704.SW,PB705.SW,PB708.SW,PB710.SW,PB712.SW,PB717.SW,PB720.SW,PB725.SW,PB726.SW,PB728.SW,PB736.SW,PB740.SW,PB744.SW,PB745.SW,PB746.SW,PB751.SW,PB7512.SW,PB753.SW,PB755.SW,PB7581.SW,PB765.SW,PB768.SW,PB770.SW,PB771.SW,PB772.SW,PB777.SW,PB781.SW,PB782.SW,PB786.SW,PB788.SW,PB791.SW,PB793.SW,PBC261.SW,PBC262.SW,PEAN.SW,PEHN.SW,PFE-USD.SW,PGHN.SW,PLA26.SW,PLAN.SW,PLTR-USD.SW,PMN.SW,POM26.SW,PPGN.SW,PSP25.SW,PSPN.SW,PZ422.SW,PZ429.SW,PZ474.SW,PZ475.SW,PZ476.SW,PZ478.SW,PZ483.SW,PZ489.SW,PZ493.SW,PZ494.SW,PZ497.SW,PZ498.SW,PZ499.SW,PZ509.SW,PZ514.SW,PZ517.SW,PZ528.SW,PZ529.SW,PZ531.SW,PZ532.SW,PZ534.SW,PZ536.SW,PZ539.SW,PZ544.SW,PZ553.SW,PZ559.SW,PZ565.SW,PZ566.SW,PZ575.SW,PZ576.SW,PZ583.SW,PZ588.SW,PZ596.SW,PZ600.SW,PZ605.SW,PZ606.SW,PZ608.SW,PZ609.SW,PZ613.SW,PZ615.SW,PZ616.SW,PZ619.SW,PZ620.SW,PZ621.SW,PZ630.SW,PZ631.SW,REHN.SW,RHM.SW,RKLB.SW,RLB26.SW,ROA251.SW,ROLL.SW,RSGN.SW,SANN.SW,SAP.SW,SCHN.SW,SCHNE.SW,SCHP.SW,SCHPE.SW,SCM25.SW,SCM251.SW,SCM26.SW,SCMN.SW,SCO26.SW,SDZ.SW,SENS.SW,SFPN.SW,SFSN.SW,SFZ25.SW,SFZ26.SW,SGK253.SW,SGK263.SW,SGK264.SW,SGKN.SW,SGSN.SW,SIGN.SW,SIKA.SW,SKAN.SW,SLDCS.SW,SLH26.SW,SLH261.SW,SMG.SW,SMHN.SW,SNBN.SW,SNOW.SW,SON25.SW,SPCX-USD.SW,SPCX.SW,SPSN.SW,SQL.SW,SQN.SW,SRA26.SW,SRA261.SW,SREN.SW,SRENE.SW,SRG25.SW,STGN.SW,STM25.SW,STMN.SW,STRN.SW,SUN.SW,SUNN.SW,SVK262.SW,SVT25.SW,SWON.SW,SWTQ.SW,T.SW,TEC25.SW,TEMN.SW,TG25.SW,TI256.SW,TKBP.SW,TMF26.SW,TMF261.SW,TQF25.SW,TSLA.SW,TXGN.SW,TXGNE.SW,UBER.SW,UBG462.SW,UBG463.SW,UBS256.SW,UBS262.SW,UBSG.SW,UBSGE.SW,UHR.SW,V-USD.SW,VACN.SW,VAHN.SW,VALL.SW,VALLD.SW,VARN.SW,VATN.SW,VATNE.SW,VETN.SW,VILN.SW,VLH25.SW,VLRT.SW,VNA26.SW,VOW3.SW,VPBN.SW,WARN.SW,WDAY-USD.SW,WKB29.SW,WKBN.SW,WMT.SW,XLS.SW,YPSN.SW,ZAL.SW,ZBH250.SW,ZBH251.SW,ZEH25.SW,ZEHN.SW,ZM-USD.SW,ZUBN.SW,ZUGER.SW,ZUGN.SW,ZURN.SW,^SSMI,AAPL.SW,ABB25.SW,ABB251.SW,ABBN.SW,ABBNE.SW,ABC26.SW,ABC261.SW,ABC262.SW,ABC263.SW,ABC264.SW,ACLN.SW,ACLNE.SW,AD.SW,ADBE-USD.SW,ADEN.SW,ADVN.SW,ADXN.SW,AEM.SW,AERO.SW,AEVS.SW,AFC26.SW,AG.SW,AI1.SW,AKE251.SW,ALC.SW,ALF26.SW,ALF261.SW,ALL26.SW,ALLN.SW,ALPN.SW,ALSN.SW,AMG251.SW,AMG252.SW,AMG253.SW,AMG262.SW,AMG263.SW,AMRZE.SW,AMS.SW,AMZN.SW,APGN.SW,APLD-USD.SW,ARBN.SW,ARO261.SW,ARYN.SW,ASCN.SW,ASML.SW,ATH251.SW,AUTN.SW,AVGO-USD.SW,AVGO.SW,AVOL.SW,AXP-USD.SW,AXP25.SW,AXP26.SW,BAA26.SW,BAC26.SW,BAC261.SW,BAER.SW,BANB.SW,BARN.SW,BAS.SW,BAY025.SW,BAY251.SW,BCGE.SW,BCM25.SW
2025-09-30,,90.4910888671875,,,,,249.2100067138672,233.0135498046875,30.5,,,165.7825164794922,,894.544189453125,,,,,,131.4840850830078,,,,76.63134765625,365.2521057128906,1028.859130859375,299.66705322265625,,,,12.545555114746094,0.5600000023841858,,147.76202392578125,,272.7461242675781,279.0,23.49982643127441,,,183.0,42.96408081054688,,,86.39950561523438,63.16898727416992,,,,,192.0884704589844,69.76397705078125,,,14.300000190734863,136.44190979003906,,,301.0,,,,,51.539493560791016,72.03227996826172,,,,,,15.589158058166504,,1228.093017578125,672.4800415039062,550.007568359375,,,,78.7368392944336,53.0,1.0,,701.0568237304688,17.178953170776367,137.99879455566406,84.05096435546875,0.1480000019073486,,,582.9862060546875,594.5999755859375,60.07146453857422,,,,,3145.105224609375,,20.444578170776367,,216.05599975585935,,,1697.0218505859375,11.520000457763672,187.7075042724609,3924.01904296875,108.75619506835938,,7.25,65.7588119506836,,,134.92221069335938,,,,92.35469818115234,,,65.1611099243164,,,2428.037353515625,,126.54285430908205,,151.31109619140625,,302.3548583984375,,,,,143.12796020507812,69.4000015258789,,1.350000023841858,25.459999084472656,,,,,478.5,,,117588.03125,11947.2890625,12130.0,,,74.97612762451172,575.2994384765625,15.045814514160156,85.35909271240234,85.81999969482422,521.7288818359375,,,77.98130798339844,,3.5,,87.0,,812.0,,17.774503707885742,,,322.6907043457031,144.6831512451172,10.523211479187012,,,,,,5.8118109703063965,,,,32.30805969238281,,70.20342254638672,,,2.786618947982788,,,97.16354370117188,,,37.77899932861328,,,10.81999969482422,,,,2.088526725769043,106.15662384033205,12.039999961853027,,,,,,,,,,,,,,,,,,,,,,,,,,,,,,,,,,,,,,,,,,,,,,,,,,,,,,,,,,,,,,,,,,,,,,,,,,,,6.349999904632568,63.97798538208008,,980.6766967773438,,387.2775268554688,,423.8181762695313,,23.700000762939453,,133.35655212402344,,,,,,,,,,,,,,,,,,,,,,,,,,,,,,,,,,,,,,,,,,,,,,,40.38490676879883,,,,,,27.29710578918457,10.779999732971191,,278.79962158203125,286.0,293.4064025878906,300.79998779296875,,,,555.8956909179688,,46.60356140136719,59.900001525878906,93.0489501953125,104.61148071289062,,,,,,491.2301635742188,79.40310668945312,8.204999923706055,172.1879425048828,53.053653717041016,,,,44.67926788330078,,3733.9287109375,,,,,108.40587615966795,,54.47671127319336,,,138.21817016601562,,,30.090909957885746,,83.9655990600586,20.799999237060547,131.0,43.52264404296875,,,8.029278755187988,272.84210205078125,,,62.94205474853516,,,153.99362182617188,,,,,195.45802307128903,201.0,,,,,,31.46128845214844,,146.1190185546875,,310.60028076171875,596.3312377929688,,,20.899999618530277,123.90657806396484,,23.04470634460449,595.7711791992188,,12.0,,,78.94108581542969,1880.4949951171875,,,125.26729583740234,,20.5,308.6868896484375,,,,,67.10407257080078,,44.275001525878906,8518.0908203125,2076.896240234375,536.7893676757812,12109.419921875,,,,56.4841194152832,57.060001373291016,,,,,,65.79767608642578,,,,21.17995834350586,40.59999847412109,0.0649999976158142,,27.799999237060547,13.0,,,,,58.9735221862793,,,,180.52252197265625,8.208763122558594,232.61875915527344,,,,,,,11.100000381469728,,193.05758666992188,,5.210000038146973,,64.9000015258789,3.3646857738494877,,,152.90785217285156,,,41.99736022949219,,,,,,,52.66558456420898,57.75635528564453,1065.49609375,,,,23.223276138305664,
2025-10-31,,89.91287231445312,,,,,254.55368041992188,222.4001007080078,24.0,,,175.54017639160156,,900.327880859375,,,,,,138.6700897216797,,,,77.79243469238281,345.39093017578125,1038.65771484375,293.2911682128906,,,,13.39242935180664,0.625,,154.68226623535156,,296.1243591308594,305.0,22.817258834838867,,,221.0,43.49271774291992,,,86.87189483642578,66.00474548339844,,,,,195.7824859619141,67.82608795166016,,,12.699999809265137,144.8594207763672,,,317.0,,,,,53.64706039428711,68.5999984741211,,,,,,16.128707885742188,,1258.0465087890625,699.8883056640625,538.2740478515625,,,,80.66666412353516,53.79999923706055,0.944000005722046,,714.594482421875,16.695039749145508,148.17657470703125,84.14813232421875,0.1784999966621399,,,573.0289916992188,587.2000122070312,54.93217849731445,,,,,3209.330810546875,,19.77269172668457,,212.23199462890625,,,1736.1463623046875,10.5,190.3105316162109,3885.16748046875,107.78167724609376,,7.300000190734863,69.66488647460938,,,145.60519409179688,,,,94.91463470458984,,,62.32376480102539,,,2423.15185546875,,128.9952392578125,,152.0830841064453,,295.50537109375,,,,,148.7796630859375,66.19999694824219,,1.2999999523162842,30.0,,,,,457.5,,,121127.4765625,12153.615234375,12420.0,,,76.82139587402344,783.5975341796875,12.570534706115724,95.09699249267578,87.69999694824219,548.4486694335938,,,79.73589324951172,,3.5299999713897705,,81.5,,744.0,,20.672521591186523,,,336.5061950683594,147.66017150878906,11.313864707946776,,,,,,5.66889762878418,,,,32.30805969238281,,73.86395263671875,,,2.825147867202759,,,96.33863830566406,,,38.35725021362305,,,14.4399995803833,,,,2.224970817565918,109.53433990478516,13.600000381469728,,,,,,,,,,,,,,,,,,,,,,,,,,,,,,,,,,,,,,,,,,,,,,,,,,,,,,,,,,,,,,,,,,,,,,,,,,,,6.159999847412109,60.04087829589844,,932.1884765625,,390.2114562988281,,418.0909118652344,,26.0,,135.69786071777344,,,,,,,,,,,,,,,,,,,,,,,,,,,,,,,,,,,,,,,,,,,,,,,42.035255432128906,,,,,,25.97152709960937,10.199999809265137,,264.2027587890625,272.5,278.5997009277344,286.3999938964844,,,,567.44677734375,,52.857547760009766,57.70000076293945,94.786376953125,106.76639556884766,,,,,,494.1368408203125,87.23944854736328,8.975000381469727,152.83987426757812,52.157814025878906,,,,43.821571350097656,,3524.82861328125,,,,,111.32786560058594,,50.01462173461914,,,137.79519653320312,,,30.576248168945312,,99.88839721679688,20.0,130.4169158935547,40.76429748535156,,,8.117673873901367,262.4210510253906,,,74.36378479003906,,,153.0127716064453,,,,,196.9130401611328,204.0,,,,,,29.73870849609375,,164.06002807617188,,346.06640625,597.2977905273438,,,19.399999618530277,127.37518310546876,,20.945295333862305,600.6948852539062,,12.600000381469728,,,77.2208251953125,1870.8514404296875,,,125.75472259521484,,19.5,311.1564025878906,,,,,69.25923919677734,,46.76666641235352,8596.41796875,2096.489501953125,529.5892333984375,12234.5,,,,58.78999710083008,59.720001220703125,,,,,,64.66747283935547,,,,21.29393196105957,41.0,0.0645999982953071,,31.850000381469727,13.399999618530272,,,,,59.51091384887695,,,,186.1396331787109,8.443299293518066,222.96653747558597,,,,,,,11.09000015258789,,198.68063354492188,,5.079999923706055,,51.5,3.451453924179077,,,155.6313934326172,,,41.17809295654297,,,,,,,51.937313079833984,57.5095329284668,1022.4852905273438,,,,24.39913749694824,
2025-11-28,,93.86402893066406,,,,,267.1842041015625,221.43524169921875,22.399999618530277,,,163.53826904296875,,911.895263671875,,,,,,135.1741943359375,,,,79.53404998779297,346.8441772460937,1058.2550048828125,247.18853759765625,,,,12.072881698608398,0.6600000262260437,,165.9886016845703,,289.3056945800781,299.0,22.817258834838867,,,179.0,47.96213912963867,,,89.70621490478516,60.8221549987793,223.65286254882807,,,,191.8887939453125,67.0509262084961,,,12.199999809265137,153.08116149902344,,,354.5,,,,,53.74285507202149,66.0999984741211,,,,,,17.747360229492188,,1258.0465087890625,709.6769409179688,535.82958984375,,,,81.0526351928711,51.0,0.8299999833106995,,711.6935424804688,16.985387802124023,159.65151977539062,88.5693130493164,0.1564999967813491,,,610.7102661132812,627.4000244140625,51.44134140014648,,,,,3295.93798828125,,20.54056167602539,,210.3199920654297,,,1770.3802490234375,10.600000381469728,200.9154815673828,3943.44482421875,112.45936584472656,,7.800000190734863,73.45378875732422,,,144.61602783203125,,,,98.8530044555664,,,66.1395034790039,,,2188.6533203125,,134.88095092773438,,154.39907836914062,,272.5107727050781,,,,,155.6389923095703,61.0,,1.284999966621399,32.0,,,,,320.0,,,117588.03125,11613.236328125,11810.0,,,72.74238586425781,859.6864624023438,11.648372650146484,88.82145690917969,94.5199966430664,544.292236328125,,,85.194580078125,,3.4200000762939453,,86.5,,800.0,,19.56161499023437,,,354.2689819335937,153.6142120361328,11.464465141296388,,,,,,5.716535568237305,,,,32.21074676513672,,76.69822692871094,,,2.581430673599243,,,101.3947982788086,,,38.54999923706055,,,17.700000762939453,,,,2.4482433795928955,110.98192596435548,12.140000343322754,,,,,,,,,,,,,,,,,,,,,,,,,,,,,,,,,,,,,,,,,,,,,,,,,,,,,,,,,,,,,,,,,,,,,,,,,,,,5.880000114440918,60.533016204833984,,904.101318359375,,394.1233520507813,,418.0909118652344,,25.299999237060547,,138.72203063964844,,,,,,,,,,,,,,,,,,,,,,,,,,,,,,,,,,,,,,,,,,,,,,,43.49143981933594,,,,,,17.301259994506836,12.199999809265137,,265.1759033203125,270.5,279.5738220214844,284.20001220703125,,,,554.93310546875,,56.03888320922852,58.29999923706055,94.97943115234376,100.49754333496094,,,,,,525.1415405273438,88.72200012207031,9.734999656677246,153.8607635498047,49.02237319946289,,,,33.815067291259766,,3614.44287109375,,,,,115.41864776611328,,48.66128540039063,,,133.04849243164062,,,28.34369659423828,,90.59185791015624,19.5,136.24777221679688,38.59834671020508,,,8.736444473266602,249.15789794921875,,,71.42256927490234,,,154.48403930664062,,,,,170.140625,175.60000610351562,,,,,,30.01935386657715,,158.53594970703125,,349.1289367675781,645.622802734375,,,19.049999237060547,134.89051818847656,,21.775293350219727,585.9237060546875,,12.0,,,78.74994659423828,1890.1385498046875,,,127.21697998046876,,17.299999237060547,326.46728515625,,,,,67.98573303222656,,45.42499923706055,8674.74609375,2076.896240234375,546.8317260742188,12833.9599609375,,,,56.87828826904297,57.81999969482422,,,,,,62.3579216003418,,,,21.33192253112793,38.0,0.0560000017285347,,24.75,13.0,,,,,63.55128479003906,,,,195.6306304931641,8.255670547485352,206.0751190185547,,,,,,,8.46500015258789,,196.8062744140625,,5.159999847412109,,50.400001525878906,3.379147291183472,,,146.87713623046875,,,43.03120040893555,,,,,,,55.00372695922852,51.19088745117188,1258.0675048828125,,,,23.909194946289062,
2025-12-30,,96.75511932373048,,,,,300.70367431640625,215.6460876464844,24.399999618530277,,,164.31886291503906,,948.5253295898438,,,,,396.0799865722656,136.14527893066406,,,,86.30702209472656,357.0169982910156,1224.832275390625,264.8448791503906,,,,11.718375205993652,0.5600000023841858,,167.69430541992188,,279.56475830078125,289.0,22.71974754333496,,,127.0,51.61456680297852,,,93.86321258544922,102.86962127685548,222.6783447265625,,,,224.6356964111328,67.0509262084961,,,12.0,160.12838745117188,,,348.5,40.485347747802734,,,,54.98823547363281,64.4000015258789,,,,,,18.363988876342773,,1278.0155029296875,719.465576171875,537.2962646484375,,,,83.94737243652344,55.20000076293945,0.8100000023841858,,845.1360473632812,16.985387802124023,161.74696350097656,94.9338607788086,0.1465000063180923,,,604.85302734375,620.0,51.97466278076172,,,,,3061.41748046875,,20.25261116027832,,217.96798706054688,,,1794.8330078125,11.5,201.68675231933597,3924.01904296875,115.57781982421876,,7.550000190734863,75.93414306640625,,,143.231201171875,,,,97.27765655517578,,,74.84722137451172,,,2149.5703125,,141.74761962890625,,158.64503479003906,,270.55377197265625,,,,,165.44491577148438,64.0999984741211,,1.2300000190734863,27.479999542236328,,,,,295.0,,,114441.8671875,11387.259765625,11640.0,,,81.3860092163086,844.778564453125,12.619070053100586,80.20488739013672,81.45999908447266,532.2188110351562,,,90.36083984375,,3.5999999046325684,,88.19999694824219,,816.0,,19.70651626586914,,,361.1767578125,155.2019500732422,12.499842643737791,,,,,,5.716535568237305,,,,31.62686538696289,79.23300170898438,75.6509780883789,,,2.6988091468811035,46.38392639160156,,106.36360168457033,,,38.45362854003906,,,23.850000381469727,,,,2.50716233253479,115.32469940185548,13.600000381469728,,,,,,,,,,,,,,,,,,,,,,,,,,,,,,,,,,,,,,,,,,,,,,,,,,,,,,,,,,,,,,,,,,,,,,,,,,,,6.289999961853027,62.50157165527344,,932.1884765625,,405.8590393066406,,425.7272644042969,,26.100000381469727,,139.99024963378906,,,,,,,,,,,,,,,,,,,,,,,,,,,,,,,,,,,,,,,,,,,,,,,42.1323356628418,,,,,,15.533820152282717,12.600000381469728,,273.9339904785156,273.0,291.4581604003906,287.0,,,,553.9705200195312,,57.14543151855469,61.59999847412109,97.00643157958984,106.37458801269533,,,,,,553.239501953125,87.47048950195312,11.34000015258789,158.09011840820312,52.555965423583984,,,,35.83608627319336,35.08534240722656,3514.87158203125,,,,,119.9964370727539,,47.75905990600586,,,124.87102508544922,,,28.82903289794922,,92.43138122558594,20.600000381469727,143.2447967529297,39.264793395996094,,,8.888681411743164,239.6842193603516,,,78.0403060913086,,,159.87872314453125,,,,,159.8584747314453,165.1999969482422,,,,,,35.76773834228516,,164.5,,381.2361450195313,703.6129150390625,,,19.5,145.4890594482422,,21.48235321044922,571.1525268554688,,12.199999809265137,,,80.6613540649414,1880.4949951171875,,,130.62893676757812,88.20995330810547,24.700000762939453,323.9977722167969,,,,,80.13304138183594,,44.08333206176758,8655.1640625,2184.65966796875,570.1373901367188,13267.48046875,,,,58.35641479492188,59.13999938964844,,,,,,60.49061965942383,,,,21.95877456665039,39.59999847412109,0.0553999990224838,,28.299999237060547,13.350000381469728,,,,,62.97408676147461,,,,197.56756591796875,8.396391868591309,207.52296447753903,,,,,,,7.849999904632568,,196.8062744140625,,5.260000228881836,,51.54999923706055,3.682836532592773,,,163.02389526367188,,,45.9766731262207,,,,,,,59.79499053955078,59.1385612487793,1276.640380859375,39.756866455078125,,,24.105173110961918,
2026-01-30,,100.8026351928711,,,,,313.3341979980469,214.19879150390625,24.0,,,142.36415100097656,,1094.08154296875,76.30821228027344,,,,368.5199890136719,136.3394775390625,,,,94.62811279296876,346.8441772460937,1342.4161376953125,264.3544006347656,86.6849136352539,,,11.974407196044922,0.5550000071525574,,145.76393127441406,,286.3834228515625,298.0,24.572433471679688,,,123.0,52.9601936340332,,,93.29635620117188,113.2348175048828,228.0382232666016,151.5500030517578,,,298.91522216796875,65.30683135986328,,,16.700000762939453,154.4514617919922,,29.163990020751957,372.0,41.12614822387695,,,,54.31764602661133,58.09999847412109,,,,,,18.961349487304688,,1278.0155029296875,765.4722290039062,587.6525268554688,131.5817413330078,,,86.64912414550781,62.0,0.8600000143051147,,882.8480834960938,18.291955947875977,143.5865936279297,93.86500549316406,0.1305000036954879,,,575.5670776367188,590.0,49.88985824584961,,,,,2907.665283203125,,21.1164665222168,,231.35198974609372,258.8134765625,,1975.783447265625,20.549999237060547,188.6715850830078,3943.44482421875,121.2300262451172,,7.050000190734863,77.67234802246094,,79.08000183105469,154.5076904296875,,,,120.12018585205078,38.459999084472656,,72.40122985839844,,22.193050384521484,1817.3638916015625,36.15999984741211,152.04762268066406,,161.54002380371094,,265.17205810546875,,,,,172.64236450195312,66.9000015258789,,1.2200000286102295,25.6200008392334,,,,,281.5,,,112082.2421875,10866.5302734375,11150.0,,,93.623046875,790.116455078125,13.832442283630373,65.54885864257812,66.63999938964844,519.5516967773438,,,95.9170150756836,,4.599999904632568,,89.9000015258789,,806.0,,16.69257926940918,,,383.8736572265625,163.93453979492188,13.271671295166016,,,,62.47112274169922,334.53778076171875,5.66889762878418,,,,31.82149314880371,90.27098846435548,70.54930114746094,64.0,,2.6351919174194336,46.69575119018555,,111.2353744506836,,,38.8391227722168,,146.82493591308594,19.479999542236328,,,,2.744389295578003,115.8072280883789,11.0,,,,,,,,,,,,,,,,,,,,,,,,,,,,,,,,,,,,,,,,,,,,,,,,,,,,,,,,,,,,,,,,,,,,,,,,,,,,5.820000171661377,60.533016204833984,,996.3333129882812,,428.3524169921875,,421.9090881347656,,27.299999237060547,,151.20896911621094,,,,,,,,,,,,,,,,,,,,,,,,,,,,,,,,,,,,,,,,,,,,,,,41.54985809326172,,,,,,15.828394889831545,12.640000343322754,156.8800048828125,276.8533630371094,286.0,290.4840087890625,299.6000061035156,,,,609.8007202148438,,60.4453239440918,57.29999923706055,100.86737823486328,111.07623291015624,,,,,,575.5241088867188,89.33811950683594,11.9399995803833,144.18673706054688,57.83146667480469,,,,35.39244842529297,44.86126327514648,3604.48583984375,154.52999877929688,,,,127.88581848144533,,42.97334671020508,,,116.03558349609376,,,29.50850486755371,,92.07534790039062,19.399999618530277,161.51483154296875,40.54214859008789,,,7.793556213378906,238.73684692382807,19.21228408813477,,67.0107421875,,,167.72552490234375,,,,,161.41049194335938,168.1999969482422,,,,,,35.21612548828125,,178.92124938964844,,495.1427001953125,710.37841796875,,,20.200000762939453,149.5357666015625,,22.068235397338867,561.3050537109375,,12.5,,89.19882202148438,80.6613540649414,1894.9603271484373,,,135.01573181152344,89.66075897216797,23.0,301.7723083496094,,,,,80.52488708496094,,44.46666717529297,9203.455078125,2282.62646484375,520.1153564453125,13188.259765625,197.34266662597656,,,65.68791961669922,,,,,,,72.52977752685547,,30.59113311767578,,21.483888626098636,33.0,0.0498000010848045,,33.349998474121094,13.699999809265137,,,,,62.11824417114258,,,,218.87387084960935,8.537114143371582,191.8863525390625,,,,,,,8.050000190734863,186.75,197.7434539794922,,5.050000190734863,,54.650001525878906,5.157899379730225,1094.2923583984375,,122.94880676269533,,,46.13272476196289,,,,,,,61.92231369018555,69.11016845703125,1352.0,40.03488540649414,,,27.240802764892575,
2026-02-27,,113.61980438232422,,,,,359.4842224121094,208.40963745117188,24.399999618530277,,,147.73086547851562,,1147.0987548828125,76.30821228027344,,,,384.739990234375,158.09165954589844,,,,108.85134887695312,370.0963134765625,1322.81884765625,250.1312561035156,87.14920806884766,,,12.703112602233888,0.4979999959468841,,153.26898193359375,,263.9792785644531,269.0,25.840057373046875,,,166.5,55.07475662231445,,,94.0994110107422,111.27912139892578,233.3980865478516,137.89999389648438,,,297.1181335449219,63.75652313232422,,,18.649999618530277,164.4350128173828,,26.492626190185547,360.0,43.067684173583984,,,,59.68235397338867,57.5,,,,,,18.190561294555664,,1268.031005859375,792.8804321289062,624.80859375,154.66000366210938,,,87.22807312011719,65.5999984741211,0.9200000166893004,,868.3434448242188,18.38873863220215,145.5822296142578,93.37915802001952,0.12950000166893,,,632.5771484375,650.0,47.300819396972656,,,,,3008.869384765625,,23.708032608032227,,217.96798706054688,237.77520751953125,,2024.68896484375,27.450000762939453,192.81716918945312,3904.59326171875,132.33953857421875,,7.050000190734863,69.21569061279297,,59.08000183105469,183.1934967041016,,,,117.56024932861328,41.94499969482422,,70.64012145996094,,22.575687408447266,1889.6676025390625,35.27000045776367,151.55714416503906,,164.62802124023438,,255.38710021972656,,,,,173.2703399658203,67.9000015258789,,1.1449999809265137,27.059999465942383,,,,,318.5,,,124666.9140625,12438.5419921875,12570.0,,,90.6123504638672,786.838134765625,13.201489448547363,69.68008422851562,71.04000091552734,530.6354370117188,,,100.9857940673828,,4.409999847412109,,92.0,,802.0,,16.711896896362305,,,395.22210693359375,158.17897033691406,14.608250617980955,,,,61.192325592041016,319.7680358886719,5.621260166168213,,,30.979999542236328,31.52955436706543,99.14309692382812,80.68541717529297,71.98999786376953,,2.738234043121338,47.0173225402832,,126.64644622802734,,,41.63400268554688,,139.80526733398438,18.600000381469727,,,,3.2793126106262207,126.42288970947266,11.779999732971191,,,,,,,,,,,,,,,,,,,,,,,,,,,,,,,,,,,,,,,,,,,,,,,,,,,,,,,,,,,,,,,,,,,,,,,,,,,,5.800000190734863,60.533016204833984,,813.577392578125,,428.3524169921875,,412.3636169433594,,25.700000762939453,,161.6472625732422,,,,,,,,,,,,,,,,,,,,,,,,,,,,,,,,,,,,,,,,,,,,,,,44.073917388916016,1512.20556640625,,,,,24.35137367248535,16.899999618530273,153.8000030517578,273.9339904785156,281.0,286.0030517578125,295.0,,,,694.5086059570312,,67.20318603515625,56.20000076293945,102.79785919189452,119.6958999633789,,,,,,620.0933227539062,93.38143920898438,12.520000457763672,155.07608032226562,52.05827713012695,,,,29.97020721435547,46.70049285888672,3395.3857421875,128.61000061035156,,,,142.88536071777344,,40.38435745239258,,,127.78482818603516,,,33.19706726074219,,91.58084869384766,19.5,165.2077178955078,45.46644592285156,,,6.634590148925781,247.2631683349609,20.8820743560791,,70.0990219116211,,,178.514892578125,,,,311.5,156.1724090576172,161.1999969482422,57.77999877929688,,,,,30.9774169921875,32.0,192.4136657714844,,537.623046875,708.4454345703125,,,18.100000381469727,160.9051055908203,,22.21470642089844,576.0762329101562,,12.5,,87.3307876586914,82.95503997802734,2005.861328125,,,139.4025115966797,96.56690979003906,22.5,263.7420959472656,18.93000030517578,,,,79.83915710449219,,46.0,9653.8369140625,2409.9833984375,550.0527954101562,14014.2998046875,207.83811950683597,,,70.77266693115234,71.72000122070312,,,,,,71.3012924194336,,30.59113311767578,,20.477127075195312,34.79999923706055,0.0480000004172325,,31.200000762939453,13.399999618530272,,,,,66.53678131103516,,,,228.55856323242188,8.490206718444824,158.10354614257812,,,,,,,8.5649995803833,161.6300048828125,199.6177978515625,,4.945000171661377,,55.5,4.839748382568359,1165.7054443359375,,123.5324249267578,,,49.49758529663086,,,,,,,62.86139678955078,58.64491653442383,1445.0,43.52451705932617,,,31.25833320617676,
2026-03-31,,124.31683349609376,,,,,388.631591796875,195.384033203125,28.600000381469727,,,152.41453552246094,,1120.0,67.14070892333984,,,,379.5,155.5668487548828,,,,104.5,336.67138671875,1489.39599609375,205.0095367431641,87.06029510498047,,,12.68341827392578,0.6600000262260437,,135.0424041748047,,256.1865234375,266.0,24.669940948486328,,,117.0,45.4150505065918,,,93.1073989868164,81.06360626220703,217.0,132.3699951171875,,,246.79974365234372,58.20000076293945,,,22.0,141.0,,22.043556213378903,343.5,39.00288772583008,,,,57.900001525878906,50.79999923706055,,,,,,16.81999969482422,,1268.031005859375,831.05615234375,608.6749877929688,131.9600067138672,,,84.91228485107422,70.0,0.9100000262260436,,711.6935424804688,17.953216552734375,153.06590270996094,88.27780151367188,0.1059999987483024,,,519.9237060546875,539.7999877929688,39.17493438720703,,,,,2684.0,,22.940160751342773,,214.1439971923828,223.3899688720703,,2150.0,39.400001525878906,198.02322387695312,4160.0,131.75482177734375,,5.25,63.395633697509766,,53.33000183105469,173.69752502441406,,,,97.86841583251952,35.43000030517578,,60.758331298828125,,19.897214889526367,1434.349609375,33.779998779296875,151.06666564941406,,162.50502014160156,,230.92474365234372,,,,,174.18814086914062,50.20000076293945,,1.2999999523162842,22.26000022888184,,,,,288.5,,,112278.875,11033.556640625,11240.0,,,96.05103302001952,727.0782470703125,10.968884468078612,71.17520141601562,72.30000305175781,499.561279296875,,,102.9353256225586,,3.700000047683716,,76.80000305175781,,734.0,,16.190256118774414,,,374.4988403320313,148.45404052734375,14.344698905944824,,,,75.37895202636719,260.9026794433594,5.573622226715088,,,40.63999938964844,31.52955436706543,84.5413818359375,75.34353637695312,75.61000061035156,,2.88159704208374,40.79400634765625,,120.86000061035156,121.83999633789062,,41.44124984741211,,135.5074920654297,15.15999984741211,,,,3.1059999465942383,134.6259002685547,11.119999885559082,,,,,,,,,,,,,,,,,,,,,,,,,,,,,,,,,,,,,,,,,,,,,,,,,,,,,,,,,,,,,,,,,,,,,,,,,,,,5.0,62.50157165527344,,802.9497680664062,,444.0,,398.0454406738281,,28.350000381469727,,154.6233673095703,,,,,,,,,,,,,,,,,,,,,,,,,,,,,,,,,,,,,,,,,,,,,,,47.76292419433594,1327.512451171875,,,,,20.1291618347168,15.5600004196167,136.75999450683594,249.0,251.0,260.3999938964844,262.0,,,,667.0,,60.99860000610352,59.29999923706055,98.45428466796876,115.58197021484376,,,,,,645.2846069335938,80.9626693725586,11.850000381469728,129.89999389648438,42.054725646972656,,,,27.01262092590332,46.10074234008789,3335.642822265625,120.25,,,,135.0,,38.1287956237793,,,124.2600555419922,128.89999389648438,,33.099998474121094,,81.0975112915039,18.799999237060547,159.95994567871094,43.800331115722656,,,6.835936069488525,272.84210205078125,22.40624237060547,,67.50094604492188,,,183.9095764160156,,,,291.5799865722656,128.8179931640625,134.0,56.43999862670898,,,,,29.73870849609375,30.790000915527344,169.6329803466797,,477.9529724121094,777.0670166015625,,,17.600000381469727,170.34744262695312,,22.165884017944336,581.0,,11.199999809265137,,73.78750610351562,81.99933624267578,1996.2177734375,,,151.1006317138672,98.40758514404295,19.899999618530277,272.6322631835937,19.7549991607666,,,,66.30000305175781,,46.57499694824219,10035.681640625,2370.796630859375,531.863037109375,12776.7900390625,197.98049926757807,,,63.2400016784668,63.65999984741211,,,,,,70.02366638183594,,30.59113311767578,,18.03620719909668,35.0,0.0386000014841556,,25.850000381469727,13.149999618530272,,,,,58.9735221862793,,,,217.9054107666016,8.255670547485352,140.0,,,,,,,8.220000267028809,161.22000122070312,183.6858673095703,,4.454999923706055,,62.04999923706055,5.061490058898926,1016.2560424804688,,112.2491455078125,,,46.093711853027344,,,,,,,55.73199462890625,64.025634765625,1385.0,45.61446380615234,,,33.708045959472656,
2026-04-30,,118.72738647460938,,,,,395.4326477050781,186.8000030517578,28.399999618530277,,,156.1999969482422,,1080.0,69.01930236816406,82.62999725341797,,,374.1000061035156,179.8438262939453,,,,97.3000030517578,309.5,1460.0,194.6000061035156,99.92227172851562,,,15.699999809265137,0.4480000138282776,,144.74050903320312,,286.3834228515625,295.0,25.93756866455078,,,137.39999389648438,46.59999847412109,,,95.5500030517578,82.0,226.0,146.7100067138672,,,307.0,57.59999847412109,,,24.399999618530277,157.0,,24.06629753112793,343.0,42.92422103881836,,,,59.59999847412109,51.900001525878906,,,,,,16.799999237060547,,1290.0,817.0,650.2311401367188,160.6199951171875,,,87.80000305175781,72.0,0.9800000190734864,,734.0,18.0,163.8000030517578,83.25,0.0803999975323677,,,527.2000122070312,529.7999877929688,42.63999938964844,,,,,2785.0,,23.600000381469727,,225.61599731445312,289.606201171875,,2370.0,37.09999847412109,206.3143615722656,4160.0,136.39999389648438,,6.0,70.77812194824219,,57.2400016784668,226.5,,,,144.39999389648438,52.16999816894531,,61.5,,21.897953033447266,1596.54443359375,74.44000244140625,155.971435546875,,169.60000610351562,,273.0,,,,,176.50677490234375,54.0,,1.25,20.280000686645508,,,,,304.0,,,100900.0,9575.0,9575.0,,,96.0999984741211,682.2583618164062,11.454233169555664,75.48348236083984,72.30000305175781,474.22698974609375,,,103.0,,4.400000095367432,,76.9000015258789,,725.0,,16.299999237060547,,,373.0,140.5153350830078,14.539999961853027,,,,127.9312973022461,403.3068542480469,6.097638130187988,,,43.31999969482422,33.5,85.57675170898438,79.05000305175781,72.62999725341797,,3.1548826694488525,34.11434555053711,,115.9000015258789,116.0999984741211,,42.01949691772461,,158.0738067626953,14.300000190734863,,,,3.414999961853028,159.2349395751953,13.0,,,,,,,,,,,,,,,,,,,,,,,,,,,,,,,,,,,,,,,,,,,,,,,,,,,,,,,,,,,,,,,,,,,,,,,,,,,,4.980000019073486,62.2062873840332,,804.6577758789062,,446.0,,404.7272644042969,,38.150001525878906,,156.10000610351562,,,,,,,,,,,,,,,,,,,,,,,,,,,,,,,,,,,,,,,,,,,,,,,50.28697967529297,1240.26611328125,,,,,25.6867733001709,17.0,134.8000030517578,262.0,261.0,273.3999938964844,273.3999938964844,,,,661.5,,62.540000915527344,67.4000015258789,101.0,119.0,,,,,,623.0,84.63999938964844,12.670000076293944,143.6999969482422,45.38924026489258,,,,28.0,65.47264862060547,3450.0,108.11000061035156,,,,135.3000030517578,,38.71720123291016,,,125.9499969482422,126.4499969482422,,32.900001525878906,,84.5,18.600000381469727,148.39999389648438,43.18942260742188,,,6.7720947265625,276.5,20.240589141845703,,72.45199584960938,,,186.3616943359375,,,,297.70001220703125,124.0,125.1999969482422,58.470001220703125,,,,,34.5,34.56999969482422,176.7213897705078,,583.0,790.5980224609375,,,14.850000381469728,174.97227478027344,,20.25,610.5423583984375,,12.399999618530272,,75.5995101928711,86.0,1976.9306640625,,,154.0,101.2454071044922,20.700000762939453,269.6688842773437,19.7549991607666,,,,65.69999694824219,,50.79166412353516,11357.455078125,2380.0,543.7999877929688,13136.26953125,211.67941284179688,,,78.44000244140625,77.94000244140625,,,,,,82.16110229492188,,31.30988121032715,,17.920000076293945,36.20000076293945,0.049600001424551,,20.5,13.649999618530272,,,169.09637451171875,,57.93855285644531,,,,213.5,8.443299293518066,160.39999389648438,,,,,,,12.43000030517578,204.7400054931641,180.5,,4.130000114440918,,62.400001525878906,5.269999980926514,1089.6058349609375,,114.0,,,41.9388427734375,,,,,,,64.0999984741211,69.9000015258789,1169.0,47.87217712402344,,,35.07988357543945,
2026-05-29,,117.5,,,,,379.5,176.0,27.0,,,148.0,,1080.0,68.81999969482422,82.62999725341797,,,384.239990234375,163.0,,,,93.6999969482422,316.5,1560.0,204.5,97.6068115234375,,,17.18000030517578,0.449999988079071,,164.62403869628906,,261.5,261.5,24.600000381469727,,,158.0,51.29999923706055,,,95.0,78.0,222.0,136.0,,,371.2000122070313,58.0,,,24.899999618530277,158.60000610351562,,25.59000015258789,310.0,45.31999969482422,,,,62.0,52.0,,66.04000091552734,,,,16.299999237060547,,1300.0,863.0,697.6539916992188,148.74000549316406,,,84.0,68.80000305175781,1.3799999952316284,,748.0,17.200000762939453,166.5500030517578,83.3499984741211,0.0678000003099441,,,513.4000244140625,,43.41999816894531,,,,,2900.0,,23.5,,240.0,302.57586669921875,,2110.0,38.400001525878906,203.0,4120.0,141.0,,5.900000095367432,77.41999816894531,,70.16999816894531,266.5,,,,163.0,74.5,,62.20000076293945,,23.07149887084961,1629.7650146484375,95.11000061035156,153.5,,179.39999389648438,,270.0,,,,,180.3500061035156,56.79999923706055,,1.184999942779541,21.34000015258789,,,,,480.0,,,95500.0,9305.0,9435.0,,,98.5999984741211,893.4515991210938,13.298558235168455,93.34613800048828,94.63999938964844,500.3999938964844,,,107.0,,4.409999847412109,,77.80000305175781,,700.0,,17.200000762939453,,,355.0,143.1999969482422,14.9399995803833,,,,150.6944122314453,769.830322265625,5.954724311828613,,,38.86000061035156,32.400001525878906,85.83055877685547,79.44000244140625,69.0,,3.049999952316284,35.91912841796875,,117.81999969482422,118.83999633789062,,41.15212631225586,,172.10418701171875,13.619999885559082,,,,3.819999933242798,150.5,13.5,,,,,,,,,,,,,,,,,,,,,,,,,,,,,,,,,,,,,,,,,,,,,,,,,,,,,,,,,,,,,,,,,,,,,,,,,,,,5.0,62.99370956420898,,827.2000122070312,,443.0,,441.0,,37.900001525878906,,148.8000030517578,,,,,,,,,,,,,,,,,,,,,,,,,,,,,,,,,,,,,,,,,,,,,,,50.0,1206.0,,,,,26.299999237060547,16.299999237060547,,256.5,255.0,264.0,263.3999938964844,,,,668.5,,65.5999984741211,83.69999694824219,99.5999984741211,127.5999984741211,,,,,,641.0,88.87999725341797,12.079999923706056,153.3000030517578,49.59999847412109,105.0,,,28.850000381469727,85.16442108154297,3390.0,190.94000244140625,,,,130.89999389648438,,39.59999847412109,,,117.6999969482422,117.5999984741211,,32.0,,94.72000122070312,19.0,148.3000030517578,43.119998931884766,,,8.369999885559082,296.0,19.276750564575195,,67.55000305175781,,,184.3999938964844,,,,341.19000244140625,129.8000030517578,131.0,55.29999923706055,,,,,37.040000915527344,37.09999847412109,216.1999969482422,,610.7999877929688,822.0,,,15.149999618530272,159.0,,19.739999771118164,580.0,,10.600000381469728,,74.60944366455078,86.5999984741211,1945.0,,,158.5,90.14485931396484,23.5,346.1244506835937,20.979999542236328,,,,64.5999984741211,,49.83333206176758,10600.0,2130.0,557.0,13542.66015625,243.24888610839844,,,83.62000274658203,83.4800033569336,,,,,,77.6500015258789,78.55000305175781,33.475975036621094,,16.56999969482422,41.20000076293945,0.0460000000894069,,23.600000381469727,13.0,,,172.4600067138672,,52.09999847412109,,,,209.5,8.81855583190918,185.3999938964844,,,,,,42.290000915527344,20.13999938964844,211.77999877929688,182.5,,4.130000114440918,,61.0,6.059999942779541,1255.3936767578125,,118.8000030517578,,,49.29999923706055,,,,,,,64.0199966430664,76.8499984741211,1203.0,47.5,,,33.70000076293945,
2026-06-30,,118.4000015258789,,,,,383.5,179.0,26.5,,,136.3000030517578,,1090.0,53.97999954223633,92.68000030517578,,,399.55999755859375,154.0,,,,100.0,318.0,1650.0,142.39999389648438,113.6063003540039,,,19.540000915527344,0.3600000143051147,,181.82720947265625,,301.0,303.5,23.600000381469727,,,122.1999969482422,51.20000076293945,,,94.5999984741211,66.5,231.0,117.86000061035156,,,409.0,55.20000076293945,,,22.200000762939453,154.60000610351562,,27.815000534057617,276.0,47.77000045776367,,,,62.20000076293945,52.20000076293945,,76.69999694824219,,,,16.219999313354492,,1320.0,881.0,677.6093139648438,150.67999267578125,,,82.5999984741211,66.4000015258789,2.400000095367432,,744.0,16.850000381469727,183.8999938964844,84.30000305175781,0.06700000166893,,,539.7999877929688,543.7999877929688,41.900001525878906,,,,,3420.0,,23.700000762939453,,238.0,283.781005859375,,2320.0,41.400001525878906,208.6000061035156,4100.0,135.60000610351562,,5.449999809265137,72.87999725341797,,82.33999633789062,223.0,,,,182.1999969482422,72.0,,71.30000305175781,,25.1671142578125,1274.0,108.0,153.0,,172.60000610351562,,226.5,,,,,195.9499969482422,42.84999847412109,,1.2799999713897705,19.299999237060547,,,,,464.0,,,96000.0,9400.0,9445.0,,,104.0,968.3218994140624,12.522000312805176,74.4998550415039,74.91999816894531,545.7999877929688,,,110.1999969482422,,5.980000019073486,,82.80000305175781,,728.0,194.6000061035156,16.25,,,347.5,136.0,13.579999923706056,,,,238.8477478027344,944.6486206054688,6.099999904632568,,,41.02000045776367,30.799999237060547,75.35247039794922,83.08000183105469,59.15999984741211,,2.950000047683716,33.079673767089844,,126.58000183105467,126.9000015258789,,39.59999847412109,,155.27879333496094,13.039999961853027,,,,4.070000171661377,151.0,14.699999809265137,,,,,,,,,,,,,,,,,,,,,,,,,,,,,,,,,,,,,,,,,,,,,,,,,,,,,,,,,,,,,,,,,,,,,,,,,,,,4.289999961853027,63.78113555908203,,662.2000122070312,,436.0,,410.0,,47.04999923706055,,144.10000610351562,,,,,,,,,,,,,,,,,,,,,,,,,,,,,,,,,,,,,,,,,,,,,,,48.400001525878906,931.5,,,,,27.26000022888184,15.699999809265137,,257.0,258.5,268.0,269.20001220703125,,,,623.5,,73.12000274658203,80.69999694824219,99.1999969482422,133.1999969482422,,,,,,642.0,93.72000122070312,13.529999732971191,166.75,55.29999923706055,105.8000030517578,,,25.700000762939453,87.19999694824219,3090.0,202.69000244140625,,,137.60000610351562,131.89999389648438,,37.900001525878906,,,128.5,127.9499969482422,,31.700000762939453,,106.4000015258789,18.899999618530277,134.1999969482422,40.20000076293945,,,7.800000190734863,295.0,16.631114959716797,,66.0999984741211,,,184.5,,,,333.5899963378906,124.5999984741211,126.8000030517578,59.81999969482422,,,,,40.060001373291016,40.22999954223633,197.6000061035156,,706.2000122070312,786.0,,,13.800000190734863,160.8000030517578,162.60000610351562,18.020000457763672,600.0,,10.600000381469728,,65.33999633789062,89.80000305175781,1965.0,,,158.5,92.0902099609375,18.549999237060547,360.3487243652344,23.63999938964844,,,,62.400001525878906,,52.51666641235352,10250.0,2100.0,598.5999755859375,14193.919921875,231.2417755126953,,,87.58000183105469,87.0999984741211,,,,,,83.0,82.9000015258789,31.831714630126957,,14.899999618530272,40.400001525878906,0.0403999984264373,,21.25,12.350000381469728,,6.793200492858887,157.66000366210938,,54.59999847412109,,,,212.0,9.300000190734863,192.3999938964844,,,,,,43.130001068115234,17.450000762939453,198.27999877929688,189.5,,3.559999942779541,,56.09999847412109,5.829999923706055,1585.37158203125,,108.0,,,54.0,,,,,,,69.80000305175781,75.6500015258789,1121.0,44.06999969482422,,,34.0,
2026-07-31,,127.0,,,,,385.5,181.8000030517578,26.600000381469727,,,133.89999389648438,,1080.0,55.0,101.4000015258789,,,412.8999938964844,136.8000030517578,,,,99.6999969482422,316.0,1710.0,139.1999969482422,106.6500015258789,,,15.31999969482422,0.3580000102519989,,186.06707763671875,,296.0,298.5,24.0,,,117.4000015258789,48.900001525878906,,,89.80000305175781,60.0,229.5,113.81999969482422,,,326.3999938964844,58.0,,,20.399999618530277,137.39999389648438,,28.875,278.5,52.59999847412109,,,,67.0,58.09999847412109,,86.8499984741211,,,,16.079999923706055,,1310.0,868.0,799.3442993164062,134.02000427246094,,,83.0,68.4000015258789,2.190000057220459,,912.0,17.100000381469727,175.75,85.94999694824219,0.065600000321865,,,532.2000122070312,533.4000244140625,51.75,,,,,3230.0,,25.200000762939453,,240.0,280.6734924316406,,2380.0,27.799999237060547,216.8000030517578,4180.0,132.0,,5.550000190734863,73.33999633789062,,68.91999816894531,189.3999938964844,,,,162.60000610351562,57.9900016784668,,64.0,53.0,26.552684783935547,1352.0,74.79000091552734,152.0,,172.1999969482422,,238.0,,,,,205.6999969482422,52.20000076293945,,1.2200000286102295,22.65999984741211,,,,,506.0,,,95100.0,9320.0,9380.0,,,113.0,928.3910522460938,13.050000190734863,80.73604583740234,83.45999908447266,562.2000122070312,,,111.4000015258789,,6.119999885559082,,87.80000305175781,,791.0,192.8000030517578,17.0,,,349.5,132.0,14.300000190734863,,,,160.67999267578125,731.5,6.199999809265137,,,35.41999816894531,31.200000762939453,75.08302307128906,81.01000213623047,57.91999816894531,,,33.97518539428711,,126.5999984741211,126.66000366210938,,39.900001525878906,,159.66282653808594,11.65999984741211,,,,4.744999885559082,140.5,14.31999969482422,,,,,,,,,,,,,,,,,,,,,,,,,,,,,,,,,,,,,,,,,,,,,,,,,,,,,,,,,,,,,,,,,,,,,,,,,,,,4.804999828338623,63.59999847412109,,672.0,,434.0,,422.0,,43.79999923706055,,146.0,,,,,,,,,,,,,,,,,,,,,,,,,,,,,,,,,,,,,,,,,,,,,,,49.59999847412109,1082.800048828125,,,,,20.920000076293945,14.15999984741211,,247.5,250.0,254.6000061035156,256.0,,,,622.0,,65.76000213623047,73.0,102.0,132.0,,,,,,650.0,95.77999877929688,14.6899995803833,181.8500061035156,58.5,105.4000015258789,,,25.549999237060547,66.05000305175781,3050.0,238.6999969482422,,,90.4800033569336,131.8000030517578,4.0,41.880001068115234,,,134.85000610351562,135.25,,34.599998474121094,,99.87999725341795,18.5,146.39999389648438,42.68000030517578,,,8.789999961853027,349.0,18.875999450683597,,66.94999694824219,,,164.0,,,,246.5500030517578,138.1999969482422,140.39999389648438,56.369998931884766,,,,,42.54999923706055,42.709999084472656,180.3000030517578,,602.0,803.0,,,13.0,158.0,161.39999389648438,18.920000076293945,580.0,,11.699999809265137,,68.5999984741211,95.8000030517578,1945.0,,,162.0,89.91539764404297,16.850000381469727,385.2000122070313,27.200000762939453,,,,67.69999694824219,,52.79999923706055,10450.0,2220.0,615.7999877929688,14346.1396484375,249.68197631835935,,,79.5199966430664,80.22000122070312,,,,,,72.8499984741211,73.44999694824219,32.58000183105469,,22.5,45.20000076293945,0.0419999994337558,116.99972534179688,24.200000762939453,12.899999618530272,,12.023964881896973,157.66000366210938,,55.380001068115234,,,,211.5,9.25,192.8000030517578,,,,,,40.02000045776367,15.949999809265137,215.3999938964844,199.5,,3.839999914169312,,53.0,5.110000133514404,1364.0,,130.60000610351562,,,48.34000015258789,,,,,,,70.87999725341797,74.80000305175781,1127.0,46.25,,,32.5,
2026-08-31,,129.6999969482422,,,,,392.0,231.5,24.799999237060547,,,125.1999969482422,,1085.0,57.220001220703125,101.83999633789062,,,406.8999938964844,131.1999969482422,,,,96.9000015258789,316.0,1500.0,151.1999969482422,107.0,,,14.079999923706056,0.2660000026226043,,187.28543090820312,,271.0,267.5,23.600000381469727,,,127.4000015258789,47.09999847412109,,,88.6500015258789,55.5,221.5,147.6999969482422,,,332.0,59.0,,,19.0,133.8000030517578,,33.04999923706055,273.0,52.59999847412109,,,,65.9000015258789,57.79999923706055,,90.4499969482422,,,,16.0,,1330.0,841.0,790.0,138.4600067138672,,,83.80000305175781,69.5999984741211,2.400000095367432,,973.0,17.0,167.89999389648438,83.0999984741211,0.0768000036478042,,,570.2000122070312,574.2000122070312,56.09999847412109,,,,,3282.0,,25.700000762939453,,230.0,277.1263732910156,,2690.0,48.70000076293945,214.3999938964844,4180.0,126.8000030517578,,5.949999809265137,71.04000091552734,,83.44999694824219,165.8000030517578,,,,166.39999389648438,53.5099983215332,,66.19999694824219,52.29999923706055,26.924999237060547,1608.0,72.77999877929688,146.5,,159.60000610351562,,258.5,,,,,215.8000030517578,76.5999984741211,,1.3300000429153442,19.600000381469727,,,,,549.0,,,90200.0,8755.0,8765.0,,,112.0,940.0,12.0,78.09992980957031,80.04000091552734,576.5999755859375,,,115.5999984741211,,6.340000152587891,,89.0999984741211,,875.0,191.0,16.5,,,342.5,126.1999969482422,13.140000343322754,,,,171.44000244140625,760.0999755859375,6.449999809265137,,,36.060001373291016,31.0,101.86703491210938,78.81999969482422,66.20999908447266,,,31.298534393310547,,123.26000213623048,123.16000366210938,,39.59999847412109,,176.16036987304688,12.34000015258789,,,,5.159999847412109,145.0,14.18000030517578,,,,,,,,,,,,,,,,,,,,,,,,,,,,,,,,,,,,,,,,,,,,,,,,,,,,,,,,,,,,,,,,,,,,,,,,,,,,4.800000190734863,60.59999847412109,,732.7999877929688,,431.0,,433.0,,44.04999923706055,,145.39999389648438,,,,,,,,,,,,,,,,,,,,,,,,,,,,,,,,,,,,,,,,,,,,,,,47.900001525878906,1040.0,,,,9.277000427246094,19.1200008392334,14.920000076293944,177.94000244140625,257.0,258.5,263.0,264.3999938964844,,,,626.5,,67.91999816894531,81.0,102.0,134.8000030517578,,,,,,656.0,92.76000213623048,13.68000030517578,192.0500030517578,64.69999694824219,104.8000030517578,,,32.25,66.44999694824219,3040.0,265.20001220703125,,,115.0199966430664,124.9000015258789,3.5,41.86000061035156,,,140.5500030517578,141.0500030517578,,34.099998474121094,,93.9000015258789,17.899999618530273,160.60000610351562,42.619998931884766,,,9.505000114440918,360.0,21.059999465942383,,74.4000015258789,,,162.5,,,,280.25,163.0,166.0,61.4900016784668,,,,,44.27999877929688,44.33000183105469,187.3999938964844,,599.4000244140625,766.0,5.005000114440918,5.007999897003174,12.949999809265137,149.60000610351562,152.39999389648438,21.549999237060547,605.0,,10.600000381469728,,71.45999908447266,94.8000030517578,1925.0,,,160.5,83.97000122070312,13.0,397.7999877929688,22.200000762939453,,,,72.5999984741211,,53.20000076293945,10350.0,2190.0,592.5999755859375,14286.4296875,257.70001220703125,,,79.0,79.08000183105469,,,,,,72.75,73.05000305175781,33.09000015258789,,24.059999465942383,42.79999923706055,0.0267999991774559,164.38999938964844,23.549999237060547,12.850000381469728,,16.672000885009766,160.0,,58.560001373291016,,,,198.3999938964844,9.0,193.1999969482422,,,,,,35.66999816894531,18.25,215.8999938964844,197.5,,4.650000095367432,,41.150001525878906,5.340000152587891,1360.0,,128.0,,,45.619998931884766,,,,,,,75.22000122070312,75.5999984741211,1115.0,48.025001525878906,,,32.29999923706055,
